scenario_id,context_condition,claim_id,claim_text,gpcs_claim_text,claim_type,gpcs_trust_score,gpcs_unsupported,self_consistency_recurrence_rate,self_consistency_unsupported,agreement,source_system,fault_type,batch
rcaeval-01,none,claim-1,Pod 'checkoutservice' is on node-worker-01,Pod 'checkoutservice' is on node-worker-01,entity_relationship,0.713,False,1.0,False,True,Online Boutique,cpu,batch-01
rcaeval-01,none,claim-2,Pod 'checkoutservice' has Failed,Pod 'checkoutservice' has Failed,state,0.708,False,1.0,False,True,Online Boutique,cpu,batch-01
rcaeval-01,none,claim-3,Failure is due to severe internal CPU-bound resource exhaustion,Failure is due to severe internal CPU-bound resource exhaustion,causal,0.0,True,0.0,True,True,Online Boutique,cpu,batch-01
rcaeval-01,none,claim-4,Severe internal CPU-bound resource exhaustion caused ~42.6x CPU spike,Severe internal CPU-bound resource exhaustion caused ~42.6x CPU spike,causal,0.0,True,0.0,True,True,Online Boutique,cpu,batch-01
rcaeval-01,none,claim-5,Severe internal CPU-bound resource exhaustion caused service unavailability,Severe internal CPU-bound resource exhaustion caused service unavailability,causal,0.504,False,0.5,False,True,Online Boutique,cpu,batch-01
rcaeval-01,none,claim-6,Impact is isolated to checkoutservice itself,Impact is isolated to checkoutservice itself,state,0.708,False,0.5,False,True,Online Boutique,cpu,batch-01
rcaeval-01,none,claim-7,checkoutservice exhibited degraded performance,checkoutservice exhibited degraded performance,state,0.713,False,0.0,True,False,Online Boutique,cpu,batch-01
rcaeval-01,none,claim-8,checkoutservice exhibited increased memory usage,checkoutservice exhibited increased memory usage,state,0.71,False,0.5,False,True,Online Boutique,cpu,batch-01
rcaeval-01,none,claim-9,checkoutservice exhibited increased socket count,checkoutservice exhibited increased socket count,state,0.71,False,0.0,True,False,Online Boutique,cpu,batch-01
rcaeval-01,none,claim-10,checkoutservice exhibited increased p50 latency,checkoutservice exhibited increased p50 latency,state,0.71,False,0.0,True,False,Online Boutique,cpu,batch-01
rcaeval-01,none,claim-11,Workload remained stable despite degraded performance,Workload remained stable despite degraded performance,state,0.0,True,0.0,True,True,Online Boutique,cpu,batch-01
rcaeval-01,none,claim-12,No downstream frontend error propagation occurred,No downstream frontend error propagation occurred,state,0.0,True,0.0,True,True,Online Boutique,cpu,batch-01
rcaeval-01,none,claim-13,"Post-1705354566, checkoutservice exhibited an internal CPU-bound fault","Post-1705354566, checkoutservice exhibited an internal CPU-bound fault",temporal,0.71,False,0.0,True,False,Online Boutique,cpu,batch-01
rcaeval-01,none,claim-14,Mean CPU increased from 0.4289 to 18.29 (~42.6x increase),Mean CPU increased from 0.4289 to 18.29 (~42.6x increase),state,0.0,True,0.5,False,False,Online Boutique,cpu,batch-01
rcaeval-01,none,claim-15,Memory increased from 1.172e+07 to 1.624e+07 (+38.5%),Memory increased from 1.172e+07 to 1.624e+07 (+38.5%),state,0.0,True,0.5,False,False,Online Boutique,cpu,batch-01
rcaeval-01,none,claim-16,Socket count increased from 9 to 10.96,Socket count increased from 9 to 10.96,state,0.0,True,0.5,False,False,Online Boutique,cpu,batch-01
rcaeval-01,none,claim-17,p50 latency increased from 0.2968 to 0.3136,p50 latency increased from 0.2968 to 0.3136,state,0.0,True,1.0,False,False,Online Boutique,cpu,batch-01
rcaeval-01,none,claim-18,Workload remained stable from 0.9144 to 0.9521,Workload remained stable from 0.9144 to 0.9521,state,0.0,True,0.0,True,True,Online Boutique,cpu,batch-01
rcaeval-01,none,claim-19,Pattern indicates an infinite loop / CPU spin inside the service,Pattern indicates an infinite loop / CPU spin inside the service,causal,0.512,False,0.0,True,False,Online Boutique,cpu,batch-01
rcaeval-01,none,claim-20,Pattern indicates inefficient computation inside the service,Pattern indicates inefficient computation inside the service,causal,0.519,False,0.0,True,False,Online Boutique,cpu,batch-01
rcaeval-01,none,claim-21,Fault is not load-driven saturation,Fault is not load-driven saturation,causal,0.0,True,0.0,True,True,Online Boutique,cpu,batch-01
rcaeval-01,none,claim-22,checkoutservice is itself the noisy neighbor on node-worker-01,checkoutservice is itself the noisy neighbor on node-worker-01,entity_relationship,0.708,False,0.0,True,False,Online Boutique,cpu,batch-01
rcaeval-01,none,claim-23,No other noisy neighbors exist on node-worker-01,No other noisy neighbors exist on node-worker-01,entity_relationship,0.72,False,0.0,True,False,Online Boutique,cpu,batch-01
rcaeval-01,none,claim-24,checkoutservice has no dependencies (dependencies=[]),checkoutservice has no dependencies (dependencies=[]),entity_relationship,0.708,False,0.5,False,True,Online Boutique,cpu,batch-01
rcaeval-01,none,claim-25,Fault is isolated to the pod itself,Fault is isolated to the pod itself,causal,0.0,True,0.0,True,True,Online Boutique,cpu,batch-01
rcaeval-01,none,claim-26,No security breach explains the behavior,No security breach explains the behavior,causal,0.0,True,0.0,True,True,Online Boutique,cpu,batch-01
rcaeval-01,none,claim-27,Deployment regression cannot be confirmed,Deployment regression cannot be confirmed,general,0.0,True,0.0,True,True,Online Boutique,cpu,batch-01
rcaeval-01,none,claim-28,Git metadata is missing,Git metadata is missing,state,0.0,True,0.0,True,True,Online Boutique,cpu,batch-01
rcaeval-01,none,claim-29,Missing git metadata prevents confirmation of deployment regression,Missing git metadata prevents confirmation of deployment regression,causal,0.0,True,0.0,True,True,Online Boutique,cpu,batch-01
rcaeval-01,raw,claim-1,Pod 'checkoutservice' is located on node 'node-worker-01',Pod 'checkoutservice' is located on node 'node-worker-01',entity_relationship,0.713,False,1.0,False,True,Online Boutique,cpu,batch-01
rcaeval-01,raw,claim-2,Pod 'checkoutservice' has Failed status,Pod 'checkoutservice' has Failed status,state,0.708,False,1.0,False,True,Online Boutique,cpu,batch-01
rcaeval-01,raw,claim-3,Failure is classified as Isolated CPU/Memory Exhaustion Failure,Failure is classified as Isolated CPU/Memory Exhaustion Failure,state,0.0,True,0.0,True,True,Online Boutique,cpu,batch-01
rcaeval-01,raw,claim-4,Failure was caused by an isolated internal resource pressure event,Failure was caused by an isolated internal resource pressure event,causal,0.0,True,0.0,True,True,Online Boutique,cpu,batch-01
rcaeval-01,raw,claim-5,The resource pressure event involved a 42.6x CPU spike,The resource pressure event involved a 42.6x CPU spike,state,0.0,True,0.0,True,True,Online Boutique,cpu,batch-01
rcaeval-01,raw,claim-6,There was no downstream error propagation,There was no downstream error propagation,state,0.0,True,0.0,True,True,Online Boutique,cpu,batch-01
rcaeval-01,raw,claim-7,There was no dependency impact,There was no dependency impact,state,0.0,True,0.0,True,True,Online Boutique,cpu,batch-01
rcaeval-01,raw,claim-8,Failure is contained to checkoutservice only,Failure is contained to checkoutservice only,state,0.708,False,0.0,True,False,Online Boutique,cpu,batch-01
rcaeval-01,raw,claim-9,Correlated telemetry indicates internal application-level resource exhaustion,Correlated telemetry indicates internal application-level resource exhaustion,causal,0.0,True,0.0,True,True,Online Boutique,cpu,batch-01
rcaeval-01,raw,claim-10,Failure was not caused by an external factor,Failure was not caused by an external factor,causal,0.0,True,0.0,True,True,Online Boutique,cpu,batch-01
rcaeval-01,raw,claim-11,Failure was not caused by a deployment-driven factor,Failure was not caused by a deployment-driven factor,causal,0.0,True,0.0,True,True,Online Boutique,cpu,batch-01
rcaeval-01,raw,claim-12,MONITORING with confidence 0.85 confirms high CPU anomaly,MONITORING with confidence 0.85 confirms high CPU anomaly,state,0.0,True,0.0,True,True,Online Boutique,cpu,batch-01
rcaeval-01,raw,claim-13,checkoutservice_cpu spiked 42.6x from 0.4289 to 18.29,checkoutservice_cpu spiked 42.6x from 0.4289 to 18.29,state,0.353,True,0.0,True,True,Online Boutique,cpu,batch-01
rcaeval-01,raw,claim-14,checkoutservice_mem increased 38.5% from 1.172e+07 to 1.624e+07,checkoutservice_mem increased 38.5% from 1.172e+07 to 1.624e+07,state,0.348,True,0.0,True,True,Online Boutique,cpu,batch-01
rcaeval-01,raw,claim-15,Sockets increased from 9 to 10.96,Sockets increased from 9 to 10.96,state,0.0,True,1.0,False,False,Online Boutique,cpu,batch-01
rcaeval-01,raw,claim-16,Workload increased only 4.1% from 0.9144 to 0.9521,Workload increased only 4.1% from 0.9144 to 0.9521,state,0.0,True,1.0,False,False,Online Boutique,cpu,batch-01
rcaeval-01,raw,claim-17,p50 latency increased only 5.6% from 0.2968 to 0.3136,p50 latency increased only 5.6% from 0.2968 to 0.3136,state,0.0,True,1.0,False,False,Online Boutique,cpu,batch-01
rcaeval-01,raw,claim-18,Metrics indicate CPU spin/inefficient computation rather than load-induced saturation,Metrics indicate CPU spin/inefficient computation rather than load-induced saturation,causal,0.0,True,0.0,True,True,Online Boutique,cpu,batch-01
rcaeval-01,raw,claim-19,LOGS with confidence 0.89 found zero checkoutservice log entries/errors,LOGS with confidence 0.89 found zero checkoutservice log entries/errors,state,0.71,False,0.5,False,True,Online Boutique,cpu,batch-01
rcaeval-01,raw,claim-20,frontend error rate dropped to 0 after timestamp 1705354566,frontend error rate dropped to 0 after timestamp 1705354566,temporal,0.338,True,0.0,True,True,Online Boutique,cpu,batch-01
rcaeval-01,raw,claim-21,frontend-external error rate dropped to 0 after timestamp 1705354566,frontend-external error rate dropped to 0 after timestamp 1705354566,temporal,0.353,True,0.0,True,True,Online Boutique,cpu,batch-01
rcaeval-01,raw,claim-22,No error propagation or downstream service failure occurred,No error propagation or downstream service failure occurred,state,0.514,False,0.0,True,False,Online Boutique,cpu,batch-01
rcaeval-01,raw,claim-23,TOPOLOGY with confidence 0.95 rules out noisy-neighbor contention,TOPOLOGY with confidence 0.95 rules out noisy-neighbor contention,causal,0.0,True,0.0,True,True,Online Boutique,cpu,batch-01
rcaeval-01,raw,claim-24,noisy_neighbors list contains only itself (checkoutservice) on node-worker-01,noisy_neighbors list contains only itself (checkoutservice) on node-worker-01,entity_relationship,0.713,False,1.0,False,True,Online Boutique,cpu,batch-01
rcaeval-01,raw,claim-25,checkoutservice has no dependencies to evaluate,checkoutservice has no dependencies to evaluate,entity_relationship,0.708,False,0.0,True,False,Online Boutique,cpu,batch-01
rcaeval-01,raw,claim-26,SECURITY with confidence 0.8 rules out breach/RBAC compromise,SECURITY with confidence 0.8 rules out breach/RBAC compromise,state,0.0,True,0.0,True,True,Online Boutique,cpu,batch-01
rcaeval-01,raw,claim-27,DEPLOYMENTS with confidence 0.2 reports Degraded status,DEPLOYMENTS with confidence 0.2 reports Degraded status,state,0.0,True,0.0,True,True,Online Boutique,cpu,batch-01
rcaeval-01,raw,claim-28,DEPLOYMENTS has null SHA and null commit_msg,DEPLOYMENTS has null SHA and null commit_msg,state,0.0,True,0.0,True,True,Online Boutique,cpu,batch-01
rcaeval-01,raw,claim-29,DEPLOYMENTS has very low confidence (0.2),DEPLOYMENTS has very low confidence (0.2),state,0.0,True,0.0,True,True,Online Boutique,cpu,batch-01
rcaeval-01,raw,claim-30,Deployment regression cannot be correlated and is discounted as root cause,Deployment regression cannot be correlated and is discounted as root cause,causal,0.0,True,0.0,True,True,Online Boutique,cpu,batch-01
rcaeval-01,hybrid,claim-1,Pod 'checkoutservice' is in 'Failed' state,Pod 'checkoutservice' is in 'Failed' state,state,0.713,False,1.0,False,True,Online Boutique,cpu,batch-01
rcaeval-01,hybrid,claim-2,Pod 'checkoutservice' failure is due to acute internal CPU and memory pressure,Pod 'checkoutservice' failure is due to acute internal CPU and memory pressure,causal,0.713,False,1.0,False,True,Online Boutique,cpu,batch-01
rcaeval-01,hybrid,claim-3,Impact is currently isolated to the checkoutservice pod,Impact is currently isolated to the checkoutservice pod,state,0.708,False,1.0,False,True,Online Boutique,cpu,batch-01
rcaeval-01,hybrid,claim-4,There is no downstream error propagation yet,There is no downstream error propagation yet,state,0.0,True,0.5,False,False,Online Boutique,cpu,batch-01
rcaeval-01,hybrid,claim-5,Frontend errors dropped to 0,Frontend errors dropped to 0,state,0.0,True,0.5,False,False,Online Boutique,cpu,batch-01
rcaeval-01,hybrid,claim-6,Checkout functionality is unavailable,Checkout functionality is unavailable,state,0.504,False,0.0,True,False,Online Boutique,cpu,batch-01
rcaeval-01,hybrid,claim-7,Correlated telemetry isolates the failure to an internal application-level resource anomaly,Correlated telemetry isolates the failure to an internal application-level resource anomaly,causal,0.0,True,0.5,False,False,Online Boutique,cpu,batch-01
rcaeval-01,hybrid,claim-8,The internal application-level resource anomaly occurred at 1705354566,The internal application-level resource anomaly occurred at 1705354566,temporal,0.0,True,0.0,True,True,Online Boutique,cpu,batch-01
rcaeval-01,hybrid,claim-9,The failure is not due to external contention,The failure is not due to external contention,causal,0.0,True,0.0,True,True,Online Boutique,cpu,batch-01
rcaeval-01,hybrid,claim-10,The failure is not due to deployment regression,The failure is not due to deployment regression,causal,0.0,True,0.0,True,True,Online Boutique,cpu,batch-01
rcaeval-01,hybrid,claim-11,LOGS Agent has confidence 0.89,LOGS Agent has confidence 0.89,state,0.0,True,0.0,True,True,Online Boutique,cpu,batch-01
rcaeval-01,hybrid,claim-12,LOGS Agent shows a 42.6x CPU spike with mean 0.4289 increasing to 18.29,LOGS Agent shows a 42.6x CPU spike with mean 0.4289 increasing to 18.29,state,0.0,True,0.0,True,True,Online Boutique,cpu,batch-01
rcaeval-01,hybrid,claim-13,LOGS Agent shows a +38.5% memory spike with 1.172e+07 increasing to 1.624e+07,LOGS Agent shows a +38.5% memory spike with 1.172e+07 increasing to 1.624e+07,state,0.0,True,0.0,True,True,Online Boutique,cpu,batch-01
rcaeval-01,hybrid,claim-14,Workload increase was only +4% with 0.9144 increasing to 0.9521,Workload increase was only +4% with 0.9144 increasing to 0.9521,state,0.0,True,1.0,False,False,Online Boutique,cpu,batch-01
rcaeval-01,hybrid,claim-15,Latency increase was only +5.6% with 0.2968 increasing to 0.3136,Latency increase was only +5.6% with 0.2968 increasing to 0.3136,state,0.343,True,1.0,False,False,Online Boutique,cpu,batch-01
rcaeval-01,hybrid,claim-16,CPU and memory spikes with only minor workload and latency increases indicate inefficiency/infinite loop or memory pressure rather than load-driven scale,CPU and memory spikes with only minor workload and latency increases indicate inefficiency/infinite loop or memory pressure rather than load-driven scale,causal,0.0,True,0.0,True,True,Online Boutique,cpu,batch-01
rcaeval-01,hybrid,claim-17,TOPOLOGY Agent has confidence 0.99,TOPOLOGY Agent has confidence 0.99,state,0.0,True,0.0,True,True,Online Boutique,cpu,batch-01
rcaeval-01,hybrid,claim-18,Pod 'checkoutservice' is on node-worker-01,Pod 'checkoutservice' is on node-worker-01,entity_relationship,0.713,False,1.0,False,True,Online Boutique,cpu,batch-01
rcaeval-01,hybrid,claim-19,There are no noisy neighbors on node-worker-01,There are no noisy neighbors on node-worker-01,state,0.72,False,0.0,True,False,Online Boutique,cpu,batch-01
rcaeval-01,hybrid,claim-20,Neighbors list for node-worker-01 contains only checkoutservice itself,Neighbors list for node-worker-01 contains only checkoutservice itself,entity_relationship,0.72,False,0.0,True,False,Online Boutique,cpu,batch-01
rcaeval-01,hybrid,claim-21,Dependencies list is empty,Dependencies list is empty,entity_relationship,0.0,True,0.5,False,False,Online Boutique,cpu,batch-01
rcaeval-01,hybrid,claim-22,Absence of noisy neighbors rules out node contention as cause,Absence of noisy neighbors rules out node contention as cause,causal,0.0,True,0.0,True,True,Online Boutique,cpu,batch-01
rcaeval-01,hybrid,claim-23,SECURITY Agent has confidence 0.8,SECURITY Agent has confidence 0.8,state,0.0,True,0.0,True,True,Online Boutique,cpu,batch-01
rcaeval-01,hybrid,claim-24,SECURITY Agent rules out breach/RBAC issues,SECURITY Agent rules out breach/RBAC issues,state,0.0,True,0.0,True,True,Online Boutique,cpu,batch-01
rcaeval-01,hybrid,claim-25,MONITORING Agent has confidence 0.35,MONITORING Agent has confidence 0.35,state,0.0,True,0.0,True,True,Online Boutique,cpu,batch-01
rcaeval-01,hybrid,claim-26,MONITORING Agent is discounted as inconclusive,MONITORING Agent is discounted as inconclusive,general,0.0,True,0.0,True,True,Online Boutique,cpu,batch-01
rcaeval-01,hybrid,claim-27,MONITORING Agent data is a single cumulative counter point of 95.0 without rate/baseline,MONITORING Agent data is a single cumulative counter point of 95.0 without rate/baseline,state,0.0,True,0.0,True,True,Online Boutique,cpu,batch-01
rcaeval-01,hybrid,claim-28,DEPLOYMENTS Agent has confidence 0.2,DEPLOYMENTS Agent has confidence 0.2,state,0.0,True,0.0,True,True,Online Boutique,cpu,batch-01
rcaeval-01,hybrid,claim-29,Deployment 'checkoutservice-deploy' is in 'Degraded' state,Deployment 'checkoutservice-deploy' is in 'Degraded' state,state,0.703,False,0.0,True,False,Online Boutique,cpu,batch-01
rcaeval-01,hybrid,claim-30,SHA and commit_msg for deployment 'checkoutservice-deploy' are null,SHA and commit_msg for deployment 'checkoutservice-deploy' are null,state,0.693,False,0.0,True,False,Online Boutique,cpu,batch-01
rcaeval-01,hybrid,claim-31,No git correlation can confirm or rule out regression due to null SHA/commit_msg,No git correlation can confirm or rule out regression due to null SHA/commit_msg,general,0.0,True,0.5,False,False,Online Boutique,cpu,batch-01
rcaeval-01,hybrid,claim-32,No explicit error logs were found,No explicit error logs were found,state,0.0,True,0.0,True,True,Online Boutique,cpu,batch-01
rcaeval-01,hybrid,claim-33,Absence of explicit error logs is consistent with a CPU-throttling / OOM / crash failure before log emission,Absence of explicit error logs is consistent with a CPU-throttling / OOM / crash failure before log emission,causal,0.0,True,0.0,True,True,Online Boutique,cpu,batch-01
rcaeval-02,none,claim-1,Pod 'carts' has Failed,Pod 'carts' has Failed,state,0.516,False,1.0,False,True,Sock Shop,cpu,batch-01
rcaeval-02,none,claim-2,Pod 'carts' failure was due to isolated CPU resource exhaustion,Pod 'carts' failure was due to isolated CPU resource exhaustion,causal,0.349,True,0.5,False,False,Sock Shop,cpu,batch-01
rcaeval-02,none,claim-3,Isolated CPU resource exhaustion caused 2-3x latency degradation,Isolated CPU resource exhaustion caused 2-3x latency degradation,causal,0.0,True,0.5,False,False,Sock Shop,cpu,batch-01
rcaeval-02,none,claim-4,Latency degradation cascaded to orders service,Latency degradation cascaded to orders service,causal,0.0,True,0.0,True,True,Sock Shop,cpu,batch-01
rcaeval-02,none,claim-5,Latency degradation cascaded to front-end service,Latency degradation cascaded to front-end service,causal,0.0,True,0.0,True,True,Sock Shop,cpu,batch-01
rcaeval-02,none,claim-6,Impact is localized to carts service,Impact is localized to carts service,state,0.508,False,0.5,False,True,Sock Shop,cpu,batch-01
rcaeval-02,none,claim-7,Carts service experienced degraded performance,Carts service experienced degraded performance,state,0.554,False,0.0,True,False,Sock Shop,cpu,batch-01
rcaeval-02,none,claim-8,Carts service experienced degraded availability,Carts service experienced degraded availability,state,0.53,False,0.0,True,False,Sock Shop,cpu,batch-01
rcaeval-02,none,claim-9,"After timestamp 1705596179, pod 'carts' experienced a CPU mean spike","After timestamp 1705596179, pod 'carts' experienced a CPU mean spike",temporal,0.359,True,0.0,True,True,Sock Shop,cpu,batch-01
rcaeval-02,none,claim-10,CPU mean increased 30x from 1.549 to 47.01,CPU mean increased 30x from 1.549 to 47.01,state,0.0,True,0.5,False,False,Sock Shop,cpu,batch-01
rcaeval-02,none,claim-11,p90 latency increased 3.6x from 0.0234 to 0.08415 correlating with CPU spike,p90 latency increased 3.6x from 0.0234 to 0.08415 correlating with CPU spike,state,0.0,True,0.5,False,False,Sock Shop,cpu,batch-01
rcaeval-02,none,claim-12,p50 latency increased 2.2x from 0.01362 to 0.02978,p50 latency increased 2.2x from 0.01362 to 0.02978,state,0.0,True,0.5,False,False,Sock Shop,cpu,batch-01
rcaeval-02,none,claim-13,carts_socket metric increased from 10.47 to 13.44,carts_socket metric increased from 10.47 to 13.44,state,0.368,True,0.0,True,True,Sock Shop,cpu,batch-01
rcaeval-02,none,claim-14,Metrics pattern indicates CPU saturation/resource exhaustion performance failure,Metrics pattern indicates CPU saturation/resource exhaustion performance failure,causal,0.0,True,0.0,True,True,Sock Shop,cpu,batch-01
rcaeval-02,none,claim-15,Cascading latency was observed in orders service,Cascading latency was observed in orders service,state,0.338,True,0.0,True,True,Sock Shop,cpu,batch-01
rcaeval-02,none,claim-16,Cascading latency was observed in front-end service,Cascading latency was observed in front-end service,state,0.339,True,0.0,True,True,Sock Shop,cpu,batch-01
rcaeval-02,none,claim-17,carts-db showed only slight CPU/diskio elevation,carts-db showed only slight CPU/diskio elevation,state,0.0,True,0.5,False,False,Sock Shop,cpu,batch-01
rcaeval-02,none,claim-18,Slight CPU/diskio elevation in carts-db confirms isolation to carts,Slight CPU/diskio elevation in carts-db confirms isolation to carts,causal,0.548,False,0.0,True,False,Sock Shop,cpu,batch-01
rcaeval-02,none,claim-19,Pod 'carts' is isolated on node-worker-01,Pod 'carts' is isolated on node-worker-01,entity_relationship,0.71,False,0.5,False,True,Sock Shop,cpu,batch-01
rcaeval-02,none,claim-20,"No external noisy neighbors exist for carts pod, noisy_neighbors contains only itself","No external noisy neighbors exist for carts pod, noisy_neighbors contains only itself",entity_relationship,0.508,False,0.5,False,True,Sock Shop,cpu,batch-01
rcaeval-02,none,claim-21,Dependencies for carts pod are empty,Dependencies for carts pod are empty,entity_relationship,0.506,False,0.5,False,True,Sock Shop,cpu,batch-01
rcaeval-02,none,claim-22,No explicit carts error logs were present,No explicit carts error logs were present,state,0.541,False,1.0,False,True,Sock Shop,cpu,batch-01
rcaeval-02,none,claim-23,Failure is NOT attributable to a deployment regression,Failure is NOT attributable to a deployment regression,causal,0.0,True,0.0,True,True,Sock Shop,cpu,batch-01
rcaeval-02,none,claim-24,sha/commit_msg is null,sha/commit_msg is null,state,0.0,True,0.5,False,False,Sock Shop,cpu,batch-01
rcaeval-02,none,claim-25,Failure is NOT attributable to a security breach,Failure is NOT attributable to a security breach,causal,0.0,True,0.0,True,True,Sock Shop,cpu,batch-01
rcaeval-02,raw,claim-1,Pod 'carts' has Failed status,Pod 'carts' has Failed status,state,0.519,False,1.0,False,True,Sock Shop,cpu,batch-01
rcaeval-02,raw,claim-2,Pod 'carts' failure was due to severe internal resource exhaustion,Pod 'carts' failure was due to severe internal resource exhaustion,causal,0.0,True,1.0,False,False,Sock Shop,cpu,batch-01
rcaeval-02,raw,claim-3,A ~30x CPU spike caused 2-3.6x latency degradation (p50/p90),A ~30x CPU spike caused 2-3.6x latency degradation (p50/p90),causal,0.0,True,0.5,False,False,Sock Shop,cpu,batch-01
rcaeval-02,raw,claim-4,CPU spike caused cascading performance degradation to dependent orders service,CPU spike caused cascading performance degradation to dependent orders service,causal,0.0,True,0.0,True,True,Sock Shop,cpu,batch-01
rcaeval-02,raw,claim-5,CPU spike caused cascading performance degradation to front-end service,CPU spike caused cascading performance degradation to front-end service,causal,0.0,True,0.0,True,True,Sock Shop,cpu,batch-01
rcaeval-02,raw,claim-6,"At timestamp 1705596179, carts_cpu mean spiked from 1.549 to 47.01 (~30x)","At timestamp 1705596179, carts_cpu mean spiked from 1.549 to 47.01 (~30x)",temporal,0.38,True,0.5,False,False,Sock Shop,cpu,batch-01
rcaeval-02,raw,claim-7,carts_latency-50 increased from 0.01362 to 0.02978,carts_latency-50 increased from 0.01362 to 0.02978,state,0.38,True,1.0,False,False,Sock Shop,cpu,batch-01
rcaeval-02,raw,claim-8,carts_latency-90 increased from 0.0234 to 0.08415,carts_latency-90 increased from 0.0234 to 0.08415,state,0.375,True,1.0,False,False,Sock Shop,cpu,batch-01
rcaeval-02,raw,claim-9,Socket usage increased from 10.47 to 13.44,Socket usage increased from 10.47 to 13.44,state,0.0,True,0.0,True,True,Sock Shop,cpu,batch-01
rcaeval-02,raw,claim-10,Latency degradation was concurrent with the CPU spike at timestamp 1705596179,Latency degradation was concurrent with the CPU spike at timestamp 1705596179,temporal,0.0,True,0.0,True,True,Sock Shop,cpu,batch-01
rcaeval-02,raw,claim-11,Increased socket usage was concurrent with the CPU spike,Increased socket usage was concurrent with the CPU spike,temporal,0.0,True,0.0,True,True,Sock Shop,cpu,batch-01
rcaeval-02,raw,claim-12,Metrics indicate CPU saturation/resource exhaustion,Metrics indicate CPU saturation/resource exhaustion,state,0.0,True,0.0,True,True,Sock Shop,cpu,batch-01
rcaeval-02,raw,claim-13,Pod 'carts' is isolated on node-worker-01,Pod 'carts' is isolated on node-worker-01,entity_relationship,0.71,False,1.0,False,True,Sock Shop,cpu,batch-01
rcaeval-02,raw,claim-14,noisy_neighbors contains only 'carts' itself,noisy_neighbors contains only 'carts' itself,state,0.0,True,0.5,False,False,Sock Shop,cpu,batch-01
rcaeval-02,raw,claim-15,dependencies is empty,dependencies is empty,state,0.0,True,0.0,True,True,Sock Shop,cpu,batch-01
rcaeval-02,raw,claim-16,TOPOLOGY confirms isolation with confidence 0.99,TOPOLOGY confirms isolation with confidence 0.99,state,0.0,True,0.0,True,True,Sock Shop,cpu,batch-01
rcaeval-02,raw,claim-17,Contention is self-generated and not caused by co-located pods,Contention is self-generated and not caused by co-located pods,causal,0.0,True,0.0,True,True,Sock Shop,cpu,batch-01
rcaeval-02,raw,claim-18,Noisy-neighbor contention is ruled out,Noisy-neighbor contention is ruled out,general,0.0,True,0.5,False,False,Sock Shop,cpu,batch-01
rcaeval-02,raw,claim-19,SECURITY rules out breach/RBAC causes with confidence 0.8,SECURITY rules out breach/RBAC causes with confidence 0.8,general,0.0,True,0.5,False,False,Sock Shop,cpu,batch-01
rcaeval-02,raw,claim-20,DEPLOYMENTS 'carts-deploy' has Degraded status with confidence 0.65,DEPLOYMENTS 'carts-deploy' has Degraded status with confidence 0.65,state,0.0,True,1.0,False,False,Sock Shop,cpu,batch-01
rcaeval-02,raw,claim-21,"DEPLOYMENTS Degraded status is assessed as a symptom/effect of the pod failure, not a verifiable root cause","DEPLOYMENTS Degraded status is assessed as a symptom/effect of the pod failure, not a verifiable root cause",causal,0.0,True,0.0,True,True,Sock Shop,cpu,batch-01
rcaeval-02,raw,claim-22,git sha is null,git sha is null,state,0.0,True,0.5,False,False,Sock Shop,cpu,batch-01
rcaeval-02,raw,claim-23,commit_msg is null,commit_msg is null,state,0.0,True,0.0,True,True,Sock Shop,cpu,batch-01
rcaeval-02,raw,claim-24,Null git sha and commit_msg cannot be correlated to a regression,Null git sha and commit_msg cannot be correlated to a regression,general,0.0,True,0.0,True,True,Sock Shop,cpu,batch-01
rcaeval-02,raw,claim-25,MONITORING is inconclusive due to single cumulative counter without baseline with confidence 0.35,MONITORING is inconclusive due to single cumulative counter without baseline with confidence 0.35,general,0.0,True,0.0,True,True,Sock Shop,cpu,batch-01
rcaeval-02,raw,claim-26,MONITORING does not contradict the CPU exhaustion pattern,MONITORING does not contradict the CPU exhaustion pattern,general,0.0,True,0.0,True,True,Sock Shop,cpu,batch-01
rcaeval-02,raw,claim-27,Root cause is internal application-level CPU exhaustion,Root cause is internal application-level CPU exhaustion,causal,0.0,True,0.0,True,True,Sock Shop,cpu,batch-01
rcaeval-02,raw,claim-28,Internal application-level CPU exhaustion led to performance collapse,Internal application-level CPU exhaustion led to performance collapse,causal,0.0,True,0.0,True,True,Sock Shop,cpu,batch-01
rcaeval-02,raw,claim-29,Internal application-level CPU exhaustion led to pod failure,Internal application-level CPU exhaustion led to pod failure,causal,0.516,False,0.5,False,True,Sock Shop,cpu,batch-01
rcaeval-02,raw,claim-30,"Possible causes of internal CPU exhaustion include hot loop, inefficient query, thread leak, or insufficient CPU limits/requests","Possible causes of internal CPU exhaustion include hot loop, inefficient query, thread leak, or insufficient CPU limits/requests",general,0.0,True,0.0,True,True,Sock Shop,cpu,batch-01
rcaeval-02,hybrid,claim-1,Pod 'carts' has Failed status,Pod 'carts' has Failed status,state,0.519,False,1.0,False,True,Sock Shop,cpu,batch-01
rcaeval-02,hybrid,claim-2,Severe CPU exhaustion caused Pod 'carts' to Fail,Severe CPU exhaustion caused Pod 'carts' to Fail,causal,0.532,False,1.0,False,True,Sock Shop,cpu,batch-01
rcaeval-02,hybrid,claim-3,Severe CPU exhaustion caused 2-3x latency degradation in the carts service,Severe CPU exhaustion caused 2-3x latency degradation in the carts service,causal,0.557,False,0.0,True,False,Sock Shop,cpu,batch-01
rcaeval-02,hybrid,claim-4,Latency degradation in the carts service propagates to orders latency,Latency degradation in the carts service propagates to orders latency,causal,0.561,False,0.0,True,False,Sock Shop,cpu,batch-01
rcaeval-02,hybrid,claim-5,Latency degradation in the carts service propagates to front-end latency,Latency degradation in the carts service propagates to front-end latency,causal,0.558,False,0.0,True,False,Sock Shop,cpu,batch-01
rcaeval-02,hybrid,claim-6,Noisy neighbor resource contention exists on node 'node-worker-01',Noisy neighbor resource contention exists on node 'node-worker-01',state,0.71,False,0.0,True,False,Sock Shop,cpu,batch-01
rcaeval-02,hybrid,claim-7,CPU exhaustion created noisy neighbor resource contention on node-worker-01,CPU exhaustion created noisy neighbor resource contention on node-worker-01,causal,0.71,False,0.0,True,False,Sock Shop,cpu,batch-01
rcaeval-02,hybrid,claim-8,Root cause is application-level CPU saturation within the 'carts' service itself,Root cause is application-level CPU saturation within the 'carts' service itself,causal,0.362,True,0.0,True,True,Sock Shop,cpu,batch-01
rcaeval-02,hybrid,claim-9,CPU saturation started after timestamp 1705596179,CPU saturation started after timestamp 1705596179,temporal,0.0,True,0.0,True,True,Sock Shop,cpu,batch-01
rcaeval-02,hybrid,claim-10,Root cause is not an external dependency,Root cause is not an external dependency,general,0.0,True,0.0,True,True,Sock Shop,cpu,batch-01
rcaeval-02,hybrid,claim-11,Root cause is not a deployment regression,Root cause is not a deployment regression,general,0.0,True,0.0,True,True,Sock Shop,cpu,batch-01
rcaeval-02,hybrid,claim-12,Root cause is not a security incident,Root cause is not a security incident,general,0.0,True,0.0,True,True,Sock Shop,cpu,batch-01
rcaeval-02,hybrid,claim-13,carts_cpu mean increased 30x from 1.549 to 47.01,carts_cpu mean increased 30x from 1.549 to 47.01,state,0.362,True,0.5,False,False,Sock Shop,cpu,batch-01
rcaeval-02,hybrid,claim-14,carts_latency-90 increased 3.6x from 0.0234 to 0.08415,carts_latency-90 increased 3.6x from 0.0234 to 0.08415,state,0.37,True,0.5,False,False,Sock Shop,cpu,batch-01
rcaeval-02,hybrid,claim-15,carts_latency-50 increased 2.2x from 0.01362 to 0.02978,carts_latency-50 increased 2.2x from 0.01362 to 0.02978,state,0.373,True,0.5,False,False,Sock Shop,cpu,batch-01
rcaeval-02,hybrid,claim-16,carts_socket increased from 10.47 to 13.44,carts_socket increased from 10.47 to 13.44,state,0.346,True,0.5,False,False,Sock Shop,cpu,batch-01
rcaeval-02,hybrid,claim-17,carts-db cpu showed only minor increase from 3.09 to 3.60,carts-db cpu showed only minor increase from 3.09 to 3.60,state,0.354,True,0.5,False,False,Sock Shop,cpu,batch-01
rcaeval-02,hybrid,claim-18,carts-db diskio showed only minor increase from 1.93M to 2.18M,carts-db diskio showed only minor increase from 1.93M to 2.18M,state,0.352,True,0.0,True,True,Sock Shop,cpu,batch-01
rcaeval-02,hybrid,claim-19,The bottleneck is carts itself and not the database carts-db,The bottleneck is carts itself and not the database carts-db,causal,0.536,False,0.0,True,False,Sock Shop,cpu,batch-01
rcaeval-02,hybrid,claim-20,'carts' is a noisy neighbor on node 'node-worker-01','carts' is a noisy neighbor on node 'node-worker-01',entity_relationship,0.71,False,0.0,True,False,Sock Shop,cpu,batch-01
rcaeval-02,hybrid,claim-21,TOPOLOGY Agent found no dependencies for 'carts',TOPOLOGY Agent found no dependencies for 'carts',entity_relationship,0.0,True,0.0,True,True,Sock Shop,cpu,batch-01
rcaeval-02,hybrid,claim-22,Pod 'carts' itself is the source of contention on node-worker-01,Pod 'carts' itself is the source of contention on node-worker-01,causal,0.71,False,1.0,False,True,Sock Shop,cpu,batch-01
rcaeval-02,hybrid,claim-23,Noisy neighbor contention correlates to the Failed status of Pod 'carts',Noisy neighbor contention correlates to the Failed status of Pod 'carts',causal,0.529,False,0.0,True,False,Sock Shop,cpu,batch-01
rcaeval-02,hybrid,claim-24,MONITORING Agent is discounted as inconclusive,MONITORING Agent is discounted as inconclusive,general,0.0,True,0.0,True,True,Sock Shop,cpu,batch-01
rcaeval-02,hybrid,claim-25,MONITORING Agent reported container_cpu_usage_seconds_total=95.0,MONITORING Agent reported container_cpu_usage_seconds_total=95.0,state,0.39,True,0.0,True,True,Sock Shop,cpu,batch-01
rcaeval-02,hybrid,claim-26,container_cpu_usage_seconds_total is a cumulative counter requiring rate() over time to interpret,container_cpu_usage_seconds_total is a cumulative counter requiring rate() over time to interpret,general,0.357,True,0.0,True,True,Sock Shop,cpu,batch-01
rcaeval-02,hybrid,claim-27,container_cpu_usage_seconds_total cannot be interpreted in isolation,container_cpu_usage_seconds_total cannot be interpreted in isolation,general,0.375,True,0.0,True,True,Sock Shop,cpu,batch-01
rcaeval-02,hybrid,claim-28,Deployment 'carts-deploy' is Degraded,Deployment 'carts-deploy' is Degraded,state,0.0,True,0.5,False,False,Sock Shop,cpu,batch-01
rcaeval-02,hybrid,claim-29,sha and commit_msg are null for deployment 'carts-deploy',sha and commit_msg are null for deployment 'carts-deploy',state,0.0,True,0.5,False,False,Sock Shop,cpu,batch-01
rcaeval-02,hybrid,claim-30,No code regression can be correlated due to null sha/commit_msg,No code regression can be correlated due to null sha/commit_msg,causal,0.0,True,0.0,True,True,Sock Shop,cpu,batch-01
rcaeval-02,hybrid,claim-31,SECURITY Agent rules out breach and RBAC causes,SECURITY Agent rules out breach and RBAC causes,general,0.0,True,0.5,False,False,Sock Shop,cpu,batch-01
rcaeval-03,none,claim-1,Pod 'ts-order-service' is located on node 'node-worker-01',Pod 'ts-order-service' is located on node 'node-worker-01',entity_relationship,0.713,False,1.0,False,True,Train Ticket,cpu,batch-01
rcaeval-03,none,claim-2,Pod 'ts-order-service' has Failed,Pod 'ts-order-service' has Failed,state,0.713,False,1.0,False,True,Train Ticket,cpu,batch-01
rcaeval-03,none,claim-3,Failure of ts-order-service was due to isolated CPU exhaustion,Failure of ts-order-service was due to isolated CPU exhaustion,causal,0.713,False,0.5,False,True,Train Ticket,cpu,batch-01
rcaeval-03,none,claim-4,Impact is isolated to single service ts-order-service,Impact is isolated to single service ts-order-service,state,0.713,False,0.0,True,False,Train Ticket,cpu,batch-01
rcaeval-03,none,claim-5,ts-order-service has no dependencies,ts-order-service has no dependencies,entity_relationship,0.713,False,0.5,False,True,Train Ticket,cpu,batch-01
rcaeval-03,none,claim-6,There was no cascading impact to 10 other services,There was no cascading impact to 10 other services,state,0.0,True,0.0,True,True,Train Ticket,cpu,batch-01
rcaeval-03,none,claim-7,Root cause is internal CPU-bound saturation/resource exhaustion isolated to ts-order-service,Root cause is internal CPU-bound saturation/resource exhaustion isolated to ts-order-service,causal,0.561,False,0.5,False,True,Train Ticket,cpu,batch-01
rcaeval-03,none,claim-8,Root cause is not external contention,Root cause is not external contention,causal,0.0,True,0.0,True,True,Train Ticket,cpu,batch-01
rcaeval-03,none,claim-9,Root cause is not code exception,Root cause is not code exception,causal,0.0,True,0.0,True,True,Train Ticket,cpu,batch-01
rcaeval-03,none,claim-10,Anomaly started at ~1705935125,Anomaly started at ~1705935125,temporal,0.0,True,0.0,True,True,Train Ticket,cpu,batch-01
rcaeval-03,none,claim-11,CPU mean for ts-order-service jumped from 5.289 to 37.52,CPU mean for ts-order-service jumped from 5.289 to 37.52,state,0.62,False,0.0,True,False,Train Ticket,cpu,batch-01
rcaeval-03,none,claim-12,CPU mean for ts-order-service increased by +609%,CPU mean for ts-order-service increased by +609%,state,0.61,False,0.0,True,False,Train Ticket,cpu,batch-01
rcaeval-03,none,claim-13,latency-50 for ts-order-service increased from 0.01019 to 0.03552,latency-50 for ts-order-service increased from 0.01019 to 0.03552,state,0.614,False,0.0,True,False,Train Ticket,cpu,batch-01
rcaeval-03,none,claim-14,latency-50 for ts-order-service increased by +248%,latency-50 for ts-order-service increased by +248%,state,0.607,False,0.0,True,False,Train Ticket,cpu,batch-01
rcaeval-03,none,claim-15,latency-90 for ts-order-service increased from 0.03546 to 0.08698,latency-90 for ts-order-service increased from 0.03546 to 0.08698,state,0.609,False,0.0,True,False,Train Ticket,cpu,batch-01
rcaeval-03,none,claim-16,latency-90 for ts-order-service increased by +145%,latency-90 for ts-order-service increased by +145%,state,0.606,False,0.0,True,False,Train Ticket,cpu,batch-01
rcaeval-03,none,claim-17,diskIO for ts-order-service dropped from 1.216e+06 to 5.201e+04,diskIO for ts-order-service dropped from 1.216e+06 to 5.201e+04,state,0.708,False,0.5,False,True,Train Ticket,cpu,batch-01
rcaeval-03,none,claim-18,diskIO for ts-order-service decreased by -95.7%,diskIO for ts-order-service decreased by -95.7%,state,0.71,False,0.5,False,True,Train Ticket,cpu,batch-01
rcaeval-03,none,claim-19,Metric pattern indicates CPU spin/infinite loop or inefficient computation rather than I/O wait,Metric pattern indicates CPU spin/infinite loop or inefficient computation rather than I/O wait,causal,0.0,True,0.0,True,True,Train Ticket,cpu,batch-01
rcaeval-03,none,claim-20,"10 other services including ts-user, ts-assurance, ts-consign, ts-payment, ts-admin showed 4-13x latency DECREASE at the same time","10 other services including ts-user, ts-assurance, ts-consign, ts-payment, ts-admin showed 4-13x latency DECREASE at the same time",state,0.356,True,0.5,False,False,Train Ticket,cpu,batch-01
rcaeval-03,none,claim-21,Anomaly is not system-wide,Anomaly is not system-wide,general,0.0,True,0.0,True,True,Train Ticket,cpu,batch-01
rcaeval-03,none,claim-22,Topology with confidence 0.95 confirms the pod is isolated on node-worker-01,Topology with confidence 0.95 confirms the pod is isolated on node-worker-01,entity_relationship,0.72,False,0.0,True,False,Train Ticket,cpu,batch-01
rcaeval-03,none,claim-23,Topology confirms noisy_neighbors list contains only itself (ts-order-service),Topology confirms noisy_neighbors list contains only itself (ts-order-service),entity_relationship,0.713,False,0.0,True,False,Train Ticket,cpu,batch-01
rcaeval-03,none,claim-24,Noisy-neighbor contention is ruled out,Noisy-neighbor contention is ruled out,causal,0.0,True,0.0,True,True,Train Ticket,cpu,batch-01
rcaeval-03,none,claim-25,LOGS with confidence 0.88 found 0 errors/exceptions/warnings in 12 log lines,LOGS with confidence 0.88 found 0 errors/exceptions/warnings in 12 log lines,state,0.0,True,0.0,True,True,Train Ticket,cpu,batch-01
rcaeval-03,none,claim-26,All 12 log lines were INFO Success,All 12 log lines were INFO Success,state,0.0,True,0.0,True,True,Train Ticket,cpu,batch-01
rcaeval-03,none,claim-27,"Log lines originated from ts-travel-service, ts-travel2-service, ts-route-service, and ts-basic-service","Log lines originated from ts-travel-service, ts-travel2-service, ts-route-service, and ts-basic-service",entity_relationship,0.342,True,0.0,True,True,Train Ticket,cpu,batch-01
rcaeval-03,none,claim-28,Application-logged exception crash is ruled out,Application-logged exception crash is ruled out,causal,0.0,True,0.0,True,True,Train Ticket,cpu,batch-01
rcaeval-03,none,claim-29,SECURITY with confidence 0.80 shows no breaches,SECURITY with confidence 0.80 shows no breaches,state,0.0,True,0.0,True,True,Train Ticket,cpu,batch-01
rcaeval-03,none,claim-30,DEPLOYMENTS with confidence 0.35 reports Degraded,DEPLOYMENTS with confidence 0.35 reports Degraded,state,0.0,True,0.0,True,True,Train Ticket,cpu,batch-01
rcaeval-03,none,claim-31,DEPLOYMENTS sha is null,DEPLOYMENTS sha is null,state,0.0,True,0.5,False,False,Train Ticket,cpu,batch-01
rcaeval-03,none,claim-32,DEPLOYMENTS has no commit message,DEPLOYMENTS has no commit message,state,0.0,True,0.0,True,True,Train Ticket,cpu,batch-01
rcaeval-03,none,claim-33,Bad deployment/regression cannot be confirmed,Bad deployment/regression cannot be confirmed,general,0.0,True,0.0,True,True,Train Ticket,cpu,batch-01
rcaeval-03,none,claim-34,Bad deployment is discounted due to low confidence 0.35,Bad deployment is discounted due to low confidence 0.35,causal,0.0,True,0.0,True,True,Train Ticket,cpu,batch-01
rcaeval-03,raw,claim-1,Pod 'ts-order-service' has Failed,Pod 'ts-order-service' has Failed,state,0.713,False,1.0,False,True,Train Ticket,cpu,batch-01
rcaeval-03,raw,claim-2,Failure of ts-order-service was due to an isolated internal CPU saturation event,Failure of ts-order-service was due to an isolated internal CPU saturation event,causal,0.565,False,0.5,False,True,Train Ticket,cpu,batch-01
rcaeval-03,raw,claim-3,CPU saturation event started at timestamp 1705935125,CPU saturation event started at timestamp 1705935125,temporal,0.0,True,0.0,True,True,Train Ticket,cpu,batch-01
rcaeval-03,raw,claim-4,ts-order-service experienced 7.1x CPU increase,ts-order-service experienced 7.1x CPU increase,state,0.587,False,0.0,True,False,Train Ticket,cpu,batch-01
rcaeval-03,raw,claim-5,ts-order-service experienced 2.5-3.5x latency increase,ts-order-service experienced 2.5-3.5x latency increase,state,0.596,False,0.0,True,False,Train Ticket,cpu,batch-01
rcaeval-03,raw,claim-6,CPU increase and latency increase resulted in pod failure,CPU increase and latency increase resulted in pod failure,causal,0.0,True,0.0,True,True,Train Ticket,cpu,batch-01
rcaeval-03,raw,claim-7,Impact is isolated to ts-order-service only,Impact is isolated to ts-order-service only,state,0.713,False,0.5,False,True,Train Ticket,cpu,batch-01
rcaeval-03,raw,claim-8,All other services show improved (decreased) latency after timestamp 1705935125,All other services show improved (decreased) latency after timestamp 1705935125,temporal,0.349,True,0.5,False,False,Train Ticket,cpu,batch-01
rcaeval-03,raw,claim-9,There is no systemic downstream failure,There is no systemic downstream failure,general,0.0,True,0.0,True,True,Train Ticket,cpu,batch-01
rcaeval-03,raw,claim-10,Root cause is an internal CPU-bound bottleneck / CPU saturation within ts-order-service itself,Root cause is an internal CPU-bound bottleneck / CPU saturation within ts-order-service itself,causal,0.575,False,1.0,False,True,Train Ticket,cpu,batch-01
rcaeval-03,raw,claim-11,Root cause is not external resource contention,Root cause is not external resource contention,causal,0.0,True,0.0,True,True,Train Ticket,cpu,batch-01
rcaeval-03,raw,claim-12,Root cause is not downstream dependency failure,Root cause is not downstream dependency failure,causal,0.0,True,0.0,True,True,Train Ticket,cpu,batch-01
rcaeval-03,raw,claim-13,CPU mean jumped from 5.289 to 37.52 (7.1x),CPU mean jumped from 5.289 to 37.52 (7.1x),state,0.0,True,1.0,False,False,Train Ticket,cpu,batch-01
rcaeval-03,raw,claim-14,p50 latency increased from 0.01019 to 0.03552 (3.5x),p50 latency increased from 0.01019 to 0.03552 (3.5x),state,0.0,True,1.0,False,False,Train Ticket,cpu,batch-01
rcaeval-03,raw,claim-15,p90 latency increased from 0.03546 to 0.08698 (2.45x),p90 latency increased from 0.03546 to 0.08698 (2.45x),state,0.0,True,0.5,False,False,Train Ticket,cpu,batch-01
rcaeval-03,raw,claim-16,diskIO collapsed 95.7% from 1.216e+06 to 5.201e+04,diskIO collapsed 95.7% from 1.216e+06 to 5.201e+04,state,0.0,True,1.0,False,False,Train Ticket,cpu,batch-01
rcaeval-03,raw,claim-17,"Threads are CPU-blocked, not IO-blocked","Threads are CPU-blocked, not IO-blocked",state,0.0,True,0.0,True,True,Train Ticket,cpu,batch-01
rcaeval-03,raw,claim-18,ts-order-service is isolated on node-worker-01 per Topology (Conf: 0.95),ts-order-service is isolated on node-worker-01 per Topology (Conf: 0.95),entity_relationship,0.713,False,0.0,True,False,Train Ticket,cpu,batch-01
rcaeval-03,raw,claim-19,noisy_neighbors for ts-order-service contains only itself,noisy_neighbors for ts-order-service contains only itself,entity_relationship,0.713,False,1.0,False,True,Train Ticket,cpu,batch-01
rcaeval-03,raw,claim-20,dependencies for ts-order-service are empty,dependencies for ts-order-service are empty,entity_relationship,0.713,False,0.0,True,False,Train Ticket,cpu,batch-01
rcaeval-03,raw,claim-21,Noisy-neighbor contention is ruled out,Noisy-neighbor contention is ruled out,causal,0.0,True,0.0,True,True,Train Ticket,cpu,batch-01
rcaeval-03,raw,claim-22,Logs (Conf: 0.93) confirm anomaly is isolated,Logs (Conf: 0.93) confirm anomaly is isolated,general,0.0,True,0.0,True,True,Train Ticket,cpu,batch-01
rcaeval-03,raw,claim-23,ts-user-service p90 latency decreased from 0.3185 to 0.02313 after 1705935125,ts-user-service p90 latency decreased from 0.3185 to 0.02313 after 1705935125,temporal,0.361,True,0.0,True,True,Train Ticket,cpu,batch-01
rcaeval-03,raw,claim-24,No error logs exist for ts-order-service in the window,No error logs exist for ts-order-service in the window,state,0.713,False,1.0,False,True,Train Ticket,cpu,batch-01
rcaeval-03,raw,claim-25,Security (Conf: 0.8) rules out breach/RBAC causes,Security (Conf: 0.8) rules out breach/RBAC causes,causal,0.0,True,0.0,True,True,Train Ticket,cpu,batch-01
rcaeval-03,raw,claim-26,"Deployments agent (Conf: 0.45, LOW) reports Degraded status","Deployments agent (Conf: 0.45, LOW) reports Degraded status",state,0.0,True,0.0,True,True,Train Ticket,cpu,batch-01
rcaeval-03,raw,claim-27,Deployments agent reports null commit SHA and null message providing no verifiable Git correlation,Deployments agent reports null commit SHA and null message providing no verifiable Git correlation,state,0.0,True,0.0,True,True,Train Ticket,cpu,batch-01
rcaeval-03,raw,claim-28,Deployment regression cannot be confirmed,Deployment regression cannot be confirmed,general,0.0,True,0.0,True,True,Train Ticket,cpu,batch-01
rcaeval-03,raw,claim-29,Deployment regression is discounted due to low confidence (0.45) versus high-confidence internal performance signals from Monitoring (0.92) and Logs (0.93),Deployment regression is discounted due to low confidence (0.45) versus high-confidence internal performance signals from Monitoring (0.92) and Logs (0.93),causal,0.0,True,0.0,True,True,Train Ticket,cpu,batch-01
rcaeval-03,hybrid,claim-1,ts-order-service Pod 'ts-order-service' is hosted on node 'node-worker-01',ts-order-service Pod 'ts-order-service' is hosted on node 'node-worker-01',entity_relationship,0.713,False,0.5,False,True,Train Ticket,cpu,batch-01
rcaeval-03,hybrid,claim-2,ts-order-service Pod 'ts-order-service' has Failed status,ts-order-service Pod 'ts-order-service' has Failed status,state,0.713,False,1.0,False,True,Train Ticket,cpu,batch-01
rcaeval-03,hybrid,claim-3,Failure was caused by an isolated CPU saturation event,Failure was caused by an isolated CPU saturation event,causal,0.0,True,0.0,True,True,Train Ticket,cpu,batch-01
rcaeval-03,hybrid,claim-4,CPU saturation event caused 2-3x latency degradation,CPU saturation event caused 2-3x latency degradation,causal,0.0,True,0.0,True,True,Train Ticket,cpu,batch-01
rcaeval-03,hybrid,claim-5,Impact is isolated to the ts-order-service pod only,Impact is isolated to the ts-order-service pod only,state,0.713,False,0.5,False,True,Train Ticket,cpu,batch-01
rcaeval-03,hybrid,claim-6,10 other services on the cluster show improved latency,10 other services on the cluster show improved latency,state,0.0,True,0.0,True,True,Train Ticket,cpu,batch-01
rcaeval-03,hybrid,claim-7,There is no system-wide failure,There is no system-wide failure,state,0.0,True,0.0,True,True,Train Ticket,cpu,batch-01
rcaeval-03,hybrid,claim-8,There is no noisy-neighbor contention,There is no noisy-neighbor contention,state,0.0,True,0.5,False,False,Train Ticket,cpu,batch-01
rcaeval-03,hybrid,claim-9,There is no deployment regression,There is no deployment regression,state,0.0,True,0.0,True,True,Train Ticket,cpu,batch-01
rcaeval-03,hybrid,claim-10,There is no security breach,There is no security breach,state,0.0,True,0.0,True,True,Train Ticket,cpu,batch-01
rcaeval-03,hybrid,claim-11,Root cause is an isolated internal CPU-bound performance anomaly/contention within ts-order-service itself,Root cause is an isolated internal CPU-bound performance anomaly/contention within ts-order-service itself,causal,0.561,False,1.0,False,True,Train Ticket,cpu,batch-01
rcaeval-03,hybrid,claim-12,Root cause anomaly occurred at timestamp 1705935125,Root cause anomaly occurred at timestamp 1705935125,temporal,0.0,True,0.0,True,True,Train Ticket,cpu,batch-01
rcaeval-03,hybrid,claim-13,CPU mean spiked +609% from 5.289 to 37.52,CPU mean spiked +609% from 5.289 to 37.52,state,0.0,True,1.0,False,False,Train Ticket,cpu,batch-01
rcaeval-03,hybrid,claim-14,p50 latency increased +248% from 0.01019 to 0.03552,p50 latency increased +248% from 0.01019 to 0.03552,state,0.0,True,0.5,False,False,Train Ticket,cpu,batch-01
rcaeval-03,hybrid,claim-15,p90 latency increased +145% from 0.03546 to 0.08698,p90 latency increased +145% from 0.03546 to 0.08698,state,0.0,True,1.0,False,False,Train Ticket,cpu,batch-01
rcaeval-03,hybrid,claim-16,diskIO dropped by 95.7%,diskIO dropped by 95.7%,state,0.0,True,0.5,False,False,Train Ticket,cpu,batch-01
rcaeval-03,hybrid,claim-17,CPU mean spike drove the p50 latency increase,CPU mean spike drove the p50 latency increase,causal,0.0,True,0.5,False,False,Train Ticket,cpu,batch-01
rcaeval-03,hybrid,claim-18,CPU mean spike drove the p90 latency increase,CPU mean spike drove the p90 latency increase,causal,0.0,True,0.5,False,False,Train Ticket,cpu,batch-01
rcaeval-03,hybrid,claim-19,The metric pattern is characteristic of CPU starvation/thrashing,The metric pattern is characteristic of CPU starvation/thrashing,general,0.0,True,0.0,True,True,Train Ticket,cpu,batch-01
rcaeval-03,hybrid,claim-20,The metric pattern is not characteristic of I/O failure,The metric pattern is not characteristic of I/O failure,general,0.0,True,0.0,True,True,Train Ticket,cpu,batch-01
rcaeval-03,hybrid,claim-21,The metric pattern is not characteristic of downstream dependency failure,The metric pattern is not characteristic of downstream dependency failure,general,0.0,True,0.0,True,True,Train Ticket,cpu,batch-01
rcaeval-03,hybrid,claim-22,MONITORING data corroborates a high-CPU anomaly,MONITORING data corroborates a high-CPU anomaly,state,0.0,True,0.0,True,True,Train Ticket,cpu,batch-01
rcaeval-03,hybrid,claim-23,TOPOLOGY confirms no external noisy neighbors,TOPOLOGY confirms no external noisy neighbors,state,0.0,True,0.0,True,True,Train Ticket,cpu,batch-01
rcaeval-03,hybrid,claim-24,The noisy_neighbors list contains only ts-order-service itself,The noisy_neighbors list contains only ts-order-service itself,entity_relationship,0.713,False,0.5,False,True,Train Ticket,cpu,batch-01
rcaeval-03,hybrid,claim-25,The dependencies list for ts-order-service is empty,The dependencies list for ts-order-service is empty,entity_relationship,0.713,False,0.5,False,True,Train Ticket,cpu,batch-01
rcaeval-03,hybrid,claim-26,LOGS show no ERROR/WARN patterns,LOGS show no ERROR/WARN patterns,state,0.0,True,0.0,True,True,Train Ticket,cpu,batch-01
rcaeval-03,hybrid,claim-27,LOGS contain no direct log entries for ts-order-service,LOGS contain no direct log entries for ts-order-service,state,0.713,False,1.0,False,True,Train Ticket,cpu,batch-01
rcaeval-03,hybrid,claim-28,"LOGS contain only INFO Success entries from ts-travel-service, ts-travel2-service, ts-route-service and others","LOGS contain only INFO Success entries from ts-travel-service, ts-travel2-service, ts-route-service and others",state,0.364,True,0.5,False,False,Train Ticket,cpu,batch-01
rcaeval-03,hybrid,claim-29,Absence of ERROR/WARN patterns rules out application-logged errors as the cause,Absence of ERROR/WARN patterns rules out application-logged errors as the cause,causal,0.0,True,0.0,True,True,Train Ticket,cpu,batch-01
rcaeval-03,hybrid,claim-30,DEPLOYMENTS shows Degraded status,DEPLOYMENTS shows Degraded status,state,0.0,True,0.5,False,False,Train Ticket,cpu,batch-01
rcaeval-03,hybrid,claim-31,DEPLOYMENTS record has null sha and null commit_msg with confidence 0.3,DEPLOYMENTS record has null sha and null commit_msg with confidence 0.3,state,0.0,True,0.0,True,True,Train Ticket,cpu,batch-01
rcaeval-03,hybrid,claim-32,Null sha/commit_msg provides insufficient evidence for a Git/code regression,Null sha/commit_msg provides insufficient evidence for a Git/code regression,general,0.0,True,0.0,True,True,Train Ticket,cpu,batch-01
rcaeval-03,hybrid,claim-33,SECURITY data rules out breach and RBAC issues,SECURITY data rules out breach and RBAC issues,state,0.0,True,0.5,False,False,Train Ticket,cpu,batch-01
rcaeval-03,hybrid,claim-34,"10 other services including ts-user-service, ts-assurance-service, ts-consign-price-service and ts-payment-service showed 4-13x latency decrease at the same timestamp 1705935125","10 other services including ts-user-service, ts-assurance-service, ts-consign-price-service and ts-payment-service showed 4-13x latency decrease at the same timestamp 1705935125",temporal,0.364,True,0.5,False,False,Train Ticket,cpu,batch-01
rcaeval-03,hybrid,claim-35,Latency decrease in 10 other services confirms the anomaly is not system-wide,Latency decrease in 10 other services confirms the anomaly is not system-wide,causal,0.0,True,0.0,True,True,Train Ticket,cpu,batch-01
rcaeval-03,hybrid,claim-36,Latency decrease in 10 other services confirms the anomaly is strictly isolated to ts-order-service,Latency decrease in 10 other services confirms the anomaly is strictly isolated to ts-order-service,causal,0.572,False,0.0,True,False,Train Ticket,cpu,batch-01
rcaeval-04,none,claim-1,Pod 'checkoutservice' is in Failed status,Pod 'checkoutservice' is in Failed status,state,0.708,False,1.0,False,True,Online Boutique,delay,batch-01
rcaeval-04,none,claim-2,checkoutservice experienced severe performance degradation,checkoutservice experienced severe performance degradation,state,0.708,False,1.0,False,True,Online Boutique,delay,batch-01
rcaeval-04,none,claim-3,checkoutservice p50 latency increased ~19.6x from 0.107s to 2.09s,checkoutservice p50 latency increased ~19.6x from 0.107s to 2.09s,state,0.596,False,0.5,False,True,Online Boutique,delay,batch-01
rcaeval-04,none,claim-4,checkoutservice p90 latency increased ~18.6x from 0.22s to 4.14s,checkoutservice p90 latency increased ~18.6x from 0.22s to 4.14s,state,0.592,False,1.0,False,True,Online Boutique,delay,batch-01
rcaeval-04,none,claim-5,The latency increase occurred after timestamp 1705666511,The latency increase occurred after timestamp 1705666511,temporal,0.35,True,0.0,True,True,Online Boutique,delay,batch-01
rcaeval-04,none,claim-6,emailservice experienced correlated downstream latency spikes,emailservice experienced correlated downstream latency spikes,state,0.337,True,0.0,True,True,Online Boutique,delay,batch-01
rcaeval-04,none,claim-7,paymentservice experienced correlated downstream latency spikes,paymentservice experienced correlated downstream latency spikes,state,0.338,True,0.5,False,False,Online Boutique,delay,batch-01
rcaeval-04,none,claim-8,shippingservice experienced correlated downstream latency spikes,shippingservice experienced correlated downstream latency spikes,state,0.342,True,0.5,False,False,Online Boutique,delay,batch-01
rcaeval-04,none,claim-9,The incident caused high checkout latency/timeouts,The incident caused high checkout latency/timeouts,state,0.569,False,0.0,True,False,Online Boutique,delay,batch-01
rcaeval-04,none,claim-10,The incident occurred without crash errors,The incident occurred without crash errors,state,0.0,True,0.0,True,True,Online Boutique,delay,batch-01
rcaeval-04,none,claim-11,The incident occurred without CPU saturation,The incident occurred without CPU saturation,state,0.0,True,0.0,True,True,Online Boutique,delay,batch-01
rcaeval-04,none,claim-12,The incident affects the core checkout flow,The incident affects the core checkout flow,general,0.506,False,0.0,True,False,Online Boutique,delay,batch-01
rcaeval-04,none,claim-13,The performance bottleneck/hang is application-level inside checkoutservice or its synchronous downstream dependencies,The performance bottleneck/hang is application-level inside checkoutservice or its synchronous downstream dependencies,causal,0.71,False,1.0,False,True,Online Boutique,delay,batch-01
rcaeval-04,none,claim-14,The bottleneck is not caused by infrastructure contention,The bottleneck is not caused by infrastructure contention,causal,0.0,True,0.0,True,True,Online Boutique,delay,batch-01
rcaeval-04,none,claim-15,The bottleneck is not caused by security issues,The bottleneck is not caused by security issues,causal,0.0,True,0.0,True,True,Online Boutique,delay,batch-01
rcaeval-04,none,claim-16,LOGS analysis has high confidence of 0.93,LOGS analysis has high confidence of 0.93,state,0.0,True,0.0,True,True,Online Boutique,delay,batch-01
rcaeval-04,none,claim-17,CPU utilization showed only marginal increase from 0.4229 to 0.4736 despite massive latency increase,CPU utilization showed only marginal increase from 0.4229 to 0.4736 despite massive latency increase,state,0.0,True,0.5,False,False,Online Boutique,delay,batch-01
rcaeval-04,none,claim-18,No checkoutservice error logs were present,No checkoutservice error logs were present,state,0.708,False,1.0,False,True,Online Boutique,delay,batch-01
rcaeval-04,none,claim-19,"Only normal logs from frontend, cartservice, and currencyservice were present","Only normal logs from frontend, cartservice, and currencyservice were present",state,0.35,True,0.0,True,True,Online Boutique,delay,batch-01
rcaeval-04,none,claim-20,"External error rate did not increase, with frontend-external_error going from 0.002771 to 0","External error rate did not increase, with frontend-external_error going from 0.002771 to 0",state,0.352,True,0.0,True,True,Online Boutique,delay,batch-01
rcaeval-04,none,claim-21,TOPOLOGY analysis has confidence of 0.95,TOPOLOGY analysis has confidence of 0.95,state,0.0,True,0.0,True,True,Online Boutique,delay,batch-01
rcaeval-04,none,claim-22,TOPOLOGY rules out noisy-neighbor/node contention,TOPOLOGY rules out noisy-neighbor/node contention,general,0.0,True,0.0,True,True,Online Boutique,delay,batch-01
rcaeval-04,none,claim-23,Pod checkoutservice is isolated on node-worker-01,Pod checkoutservice is isolated on node-worker-01,entity_relationship,0.708,False,1.0,False,True,Online Boutique,delay,batch-01
rcaeval-04,none,claim-24,Pod checkoutservice has no dependencies according to TOPOLOGY,Pod checkoutservice has no dependencies according to TOPOLOGY,entity_relationship,0.708,False,0.0,True,False,Online Boutique,delay,batch-01
rcaeval-04,none,claim-25,SECURITY analysis has confidence of 0.80,SECURITY analysis has confidence of 0.80,state,0.0,True,0.0,True,True,Online Boutique,delay,batch-01
rcaeval-04,none,claim-26,"SECURITY rules out breach, RBAC, and secret issues","SECURITY rules out breach, RBAC, and secret issues",general,0.0,True,0.0,True,True,Online Boutique,delay,batch-01
rcaeval-04,none,claim-27,DEPLOYMENTS analysis has low confidence of 0.45,DEPLOYMENTS analysis has low confidence of 0.45,state,0.0,True,0.0,True,True,Online Boutique,delay,batch-01
rcaeval-04,none,claim-28,DEPLOYMENTS shows Degraded status,DEPLOYMENTS shows Degraded status,state,0.0,True,0.0,True,True,Online Boutique,delay,batch-01
rcaeval-04,none,claim-29,Deployment sha is null,Deployment sha is null,state,0.0,True,0.5,False,False,Online Boutique,delay,batch-01
rcaeval-04,none,claim-30,Deployment commit_msg is null,Deployment commit_msg is null,state,0.0,True,0.5,False,False,Online Boutique,delay,batch-01
rcaeval-04,none,claim-31,A deployment regression cannot be confirmed or ruled out due to null sha/commit_msg,A deployment regression cannot be confirmed or ruled out due to null sha/commit_msg,general,0.0,True,0.5,False,False,Online Boutique,delay,batch-01
rcaeval-04,none,claim-32,"The pattern indicates blocking I/O, thread-pool/connection-pool exhaustion, deadlock, GC pause, or downstream service slowdown causing checkoutservice to block","The pattern indicates blocking I/O, thread-pool/connection-pool exhaustion, deadlock, GC pause, or downstream service slowdown causing checkoutservice to block",causal,0.71,False,0.0,True,False,Online Boutique,delay,batch-01
rcaeval-04,none,claim-33,The pattern is not caused by CPU exhaustion,The pattern is not caused by CPU exhaustion,causal,0.0,True,0.0,True,True,Online Boutique,delay,batch-01
rcaeval-04,none,claim-34,The pattern is not caused by crash,The pattern is not caused by crash,causal,0.0,True,0.0,True,True,Online Boutique,delay,batch-01
rcaeval-04,none,claim-35,The pattern is not caused by node contention,The pattern is not caused by node contention,causal,0.0,True,0.0,True,True,Online Boutique,delay,batch-01
rcaeval-04,raw,claim-1,Pod 'checkoutservice' is in Failed/Degraded state,Pod 'checkoutservice' is in Failed/Degraded state,state,0.713,False,1.0,False,True,Online Boutique,delay,batch-01
rcaeval-04,raw,claim-2,checkoutservice experienced severe latency degradation after timestamp 1705666511,checkoutservice experienced severe latency degradation after timestamp 1705666511,temporal,0.598,False,0.0,True,False,Online Boutique,delay,batch-01
rcaeval-04,raw,claim-3,checkoutservice p50 latency increased from 0.1071s to 2.099s (~19.6x),checkoutservice p50 latency increased from 0.1071s to 2.099s (~19.6x),state,0.6,False,0.5,False,True,Online Boutique,delay,batch-01
rcaeval-04,raw,claim-4,checkoutservice p90 latency increased from 0.2227s to 4.14s (~18.6x),checkoutservice p90 latency increased from 0.2227s to 4.14s (~18.6x),state,0.594,False,1.0,False,True,Online Boutique,delay,batch-01
rcaeval-04,raw,claim-5,The latency degradation impacts the checkout flow,The latency degradation impacts the checkout flow,causal,0.554,False,0.0,True,False,Online Boutique,delay,batch-01
rcaeval-04,raw,claim-6,"The degradation is a performance failure, not an isolated crash","The degradation is a performance failure, not an isolated crash",state,0.0,True,0.5,False,False,Online Boutique,delay,batch-01
rcaeval-04,raw,claim-7,The degradation is correlated with downstream dependency latency spikes,The degradation is correlated with downstream dependency latency spikes,causal,0.0,True,0.0,True,True,Online Boutique,delay,batch-01
rcaeval-04,raw,claim-8,Root cause is downstream dependency performance bottleneck/degradation affecting checkoutservice,Root cause is downstream dependency performance bottleneck/degradation affecting checkoutservice,causal,0.708,False,1.0,False,True,Online Boutique,delay,batch-01
rcaeval-04,raw,claim-9,Root cause is not self-induced node-level resource contention,Root cause is not self-induced node-level resource contention,causal,0.0,True,0.5,False,False,Online Boutique,delay,batch-01
rcaeval-04,raw,claim-10,Root cause is not CPU saturation,Root cause is not CPU saturation,causal,0.0,True,0.0,True,True,Online Boutique,delay,batch-01
rcaeval-04,raw,claim-11,LOGS evidence shows synchronous latency spikes at the same timestamp as the checkoutservice surge,LOGS evidence shows synchronous latency spikes at the same timestamp as the checkoutservice surge,temporal,0.577,False,0.0,True,False,Online Boutique,delay,batch-01
rcaeval-04,raw,claim-12,emailservice p90 latency increased from 0.0046s to 0.2134s (46x),emailservice p90 latency increased from 0.0046s to 0.2134s (46x),state,0.353,True,1.0,False,False,Online Boutique,delay,batch-01
rcaeval-04,raw,claim-13,paymentservice p90 latency increased from 0.0057s to 0.2135s (37x),paymentservice p90 latency increased from 0.0057s to 0.2135s (37x),state,0.357,True,1.0,False,False,Online Boutique,delay,batch-01
rcaeval-04,raw,claim-14,shippingservice p90 latency increased from 0.0046s to 0.1259s (27x),shippingservice p90 latency increased from 0.0046s to 0.1259s (27x),state,0.36,True,1.0,False,False,Online Boutique,delay,batch-01
rcaeval-04,raw,claim-15,The downstream service spikes correlate with the checkoutservice p50/p90 surge,The downstream service spikes correlate with the checkoutservice p50/p90 surge,causal,0.71,False,0.0,True,False,Online Boutique,delay,batch-01
rcaeval-04,raw,claim-16,checkoutservice CPU usage increased only from 0.4229 to 0.4736 (+12%),checkoutservice CPU usage increased only from 0.4229 to 0.4736 (+12%),state,0.598,False,0.5,False,True,Online Boutique,delay,batch-01
rcaeval-04,raw,claim-17,The small CPU increase indicates no CPU saturation,The small CPU increase indicates no CPU saturation,causal,0.0,True,0.0,True,True,Online Boutique,delay,batch-01
rcaeval-04,raw,claim-18,No checkoutservice error logs were present in the window,No checkoutservice error logs were present in the window,state,0.713,False,0.0,True,False,Online Boutique,delay,batch-01
rcaeval-04,raw,claim-19,frontend-external_error rate decreased from 0.0027 to 0,frontend-external_error rate decreased from 0.0027 to 0,state,0.349,True,0.5,False,False,Online Boutique,delay,batch-01
rcaeval-04,raw,claim-20,cartservice remained stable with no degradation,cartservice remained stable with no degradation,state,0.0,True,0.5,False,False,Online Boutique,delay,batch-01
rcaeval-04,raw,claim-21,currencyservice remained stable with no degradation,currencyservice remained stable with no degradation,state,0.356,True,0.5,False,False,Online Boutique,delay,batch-01
rcaeval-04,raw,claim-22,frontend remained stable with no degradation,frontend remained stable with no degradation,state,0.0,True,0.5,False,False,Online Boutique,delay,batch-01
rcaeval-04,raw,claim-23,TOPOLOGY (0.95) flags checkoutservice itself as noisy neighbor on node-worker-01,TOPOLOGY (0.95) flags checkoutservice itself as noisy neighbor on node-worker-01,entity_relationship,0.708,False,0.0,True,False,Online Boutique,delay,batch-01
rcaeval-04,raw,claim-24,TOPOLOGY reports empty dependencies for checkoutservice,TOPOLOGY reports empty dependencies for checkoutservice,entity_relationship,0.708,False,0.0,True,False,Online Boutique,delay,batch-01
rcaeval-04,raw,claim-25,TOPOLOGY claims isolated node contention as the cause,TOPOLOGY claims isolated node contention as the cause,causal,0.0,True,0.0,True,True,Online Boutique,delay,batch-01
rcaeval-04,raw,claim-26,The TOPOLOGY view is discounted as stale/misclassified or a secondary symptom,The TOPOLOGY view is discounted as stale/misclassified or a secondary symptom,general,0.0,True,0.0,True,True,Online Boutique,delay,batch-01
rcaeval-04,raw,claim-27,True node-wide contention on node-worker-01 would have degraded co-located unrelated services,True node-wide contention on node-worker-01 would have degraded co-located unrelated services,causal,0.72,False,0.0,True,False,Online Boutique,delay,batch-01
rcaeval-04,raw,claim-28,Co-located unrelated services did not degrade,Co-located unrelated services did not degrade,state,0.0,True,0.0,True,True,Online Boutique,delay,batch-01
rcaeval-04,raw,claim-29,Downstream services would not spike synchronously 27-46x if the issue were isolated node contention,Downstream services would not spike synchronously 27-46x if the issue were isolated node contention,causal,0.0,True,0.0,True,True,Online Boutique,delay,batch-01
rcaeval-04,raw,claim-30,DEPLOYMENTS (0.35) shows null sha/commit_msg,DEPLOYMENTS (0.35) shows null sha/commit_msg,state,0.0,True,0.5,False,False,Online Boutique,delay,batch-01
rcaeval-04,raw,claim-31,There is no deployment regression linkage,There is no deployment regression linkage,causal,0.0,True,0.0,True,True,Online Boutique,delay,batch-01
rcaeval-04,raw,claim-32,SECURITY (0.8) confirms no breach/RBAC/secret issues,SECURITY (0.8) confirms no breach/RBAC/secret issues,state,0.0,True,0.0,True,True,Online Boutique,delay,batch-01
rcaeval-04,raw,claim-33,MONITORING (0.92) detected an anomaly (anomaly_detected),MONITORING (0.92) detected an anomaly (anomaly_detected),state,0.0,True,0.0,True,True,Online Boutique,delay,batch-01
rcaeval-04,raw,claim-34,MONITORING anomaly detection aligns with the LOGS timeline,MONITORING anomaly detection aligns with the LOGS timeline,temporal,0.0,True,0.0,True,True,Online Boutique,delay,batch-01
rcaeval-04,hybrid,claim-1,Pod 'checkoutservice' reported as Failed,Pod 'checkoutservice' reported as Failed,state,0.708,False,1.0,False,True,Online Boutique,delay,batch-01
rcaeval-04,hybrid,claim-2,"Pod 'checkoutservice' failure was due to severe performance degradation, not a crash","Pod 'checkoutservice' failure was due to severe performance degradation, not a crash",causal,0.713,False,1.0,False,True,Online Boutique,delay,batch-01
rcaeval-04,hybrid,claim-3,checkoutservice p50 latency increased ~19.6x from 0.1071s to 2.099s,checkoutservice p50 latency increased ~19.6x from 0.1071s to 2.099s,state,0.596,False,1.0,False,True,Online Boutique,delay,batch-01
rcaeval-04,hybrid,claim-4,checkoutservice p90 latency increased ~18.6x from 0.2227s to 4.14s,checkoutservice p90 latency increased ~18.6x from 0.2227s to 4.14s,state,0.593,False,1.0,False,True,Online Boutique,delay,batch-01
rcaeval-04,hybrid,claim-5,Latency increase occurred at timestamp 1705666511,Latency increase occurred at timestamp 1705666511,temporal,0.347,True,0.0,True,True,Online Boutique,delay,batch-01
rcaeval-04,hybrid,claim-6,Latency increase caused timeout/failure,Latency increase caused timeout/failure,causal,0.0,True,0.0,True,True,Online Boutique,delay,batch-01
rcaeval-04,hybrid,claim-7,Failure occurred without error logs,Failure occurred without error logs,state,0.0,True,0.5,False,False,Online Boutique,delay,batch-01
rcaeval-04,hybrid,claim-8,Failure occurred without CPU saturation,Failure occurred without CPU saturation,state,0.0,True,0.0,True,True,Online Boutique,delay,batch-01
rcaeval-04,hybrid,claim-9,Frontend p90 remains stable,Frontend p90 remains stable,state,0.0,True,0.0,True,True,Online Boutique,delay,batch-01
rcaeval-04,hybrid,claim-10,Bottleneck is isolated to checkoutservice and its downstream dependencies,Bottleneck is isolated to checkoutservice and its downstream dependencies,entity_relationship,0.708,False,0.0,True,False,Online Boutique,delay,batch-01
rcaeval-04,hybrid,claim-11,Root cause is a tail-latency bottleneck induced by downstream dependencies,Root cause is a tail-latency bottleneck induced by downstream dependencies,causal,0.0,True,0.0,True,True,Online Boutique,delay,batch-01
rcaeval-04,hybrid,claim-12,Root cause is not infrastructure,Root cause is not infrastructure,general,0.0,True,0.0,True,True,Online Boutique,delay,batch-01
rcaeval-04,hybrid,claim-13,Root cause is not security,Root cause is not security,general,0.0,True,0.5,False,False,Online Boutique,delay,batch-01
rcaeval-04,hybrid,claim-14,LOGS Agent has confidence 0.93,LOGS Agent has confidence 0.93,general,0.0,True,0.0,True,True,Online Boutique,delay,batch-01
rcaeval-04,hybrid,claim-15,checkoutservice CPU was stable from 0.4229 to 0.4736,checkoutservice CPU was stable from 0.4229 to 0.4736,state,0.713,False,0.5,False,True,Online Boutique,delay,batch-01
rcaeval-04,hybrid,claim-16,Stable CPU rules out CPU saturation as cause,Stable CPU rules out CPU saturation as cause,causal,0.517,False,0.0,True,False,Online Boutique,delay,batch-01
rcaeval-04,hybrid,claim-17,No checkoutservice error logs were observed,No checkoutservice error logs were observed,state,0.708,False,0.5,False,True,Online Boutique,delay,batch-01
rcaeval-04,hybrid,claim-18,Strong correlation exists between checkoutservice latency and simultaneous downstream p90 spikes,Strong correlation exists between checkoutservice latency and simultaneous downstream p90 spikes,causal,0.553,False,0.0,True,False,Online Boutique,delay,batch-01
rcaeval-04,hybrid,claim-19,emailservice p90 increased from 0.0046s to 0.2134s (~46x),emailservice p90 increased from 0.0046s to 0.2134s (~46x),state,0.0,True,0.5,False,False,Online Boutique,delay,batch-01
rcaeval-04,hybrid,claim-20,paymentservice p90 increased from 0.0057s to 0.2135s (~37x),paymentservice p90 increased from 0.0057s to 0.2135s (~37x),state,0.0,True,0.0,True,True,Online Boutique,delay,batch-01
rcaeval-04,hybrid,claim-21,shippingservice p90 increased from 0.0046s to 0.1259s (~27x),shippingservice p90 increased from 0.0046s to 0.1259s (~27x),state,0.0,True,0.0,True,True,Online Boutique,delay,batch-01
rcaeval-04,hybrid,claim-22,cartservice p90 was unaffected,cartservice p90 was unaffected,state,0.0,True,0.0,True,True,Online Boutique,delay,batch-01
rcaeval-04,hybrid,claim-23,currencyservice p90 was unaffected,currencyservice p90 was unaffected,state,0.342,True,0.0,True,True,Online Boutique,delay,batch-01
rcaeval-04,hybrid,claim-24,frontend p90 was unaffected from 0.205s to 0.2175s,frontend p90 was unaffected from 0.205s to 0.2175s,state,0.0,True,0.0,True,True,Online Boutique,delay,batch-01
rcaeval-04,hybrid,claim-25,TOPOLOGY Agent has confidence 0.95,TOPOLOGY Agent has confidence 0.95,general,0.0,True,0.0,True,True,Online Boutique,delay,batch-01
rcaeval-04,hybrid,claim-26,checkoutservice is isolated on node-worker-01,checkoutservice is isolated on node-worker-01,entity_relationship,0.708,False,0.5,False,True,Online Boutique,delay,batch-01
rcaeval-04,hybrid,claim-27,No external noisy neighbors on node-worker-01,No external noisy neighbors on node-worker-01,state,0.72,False,0.0,True,False,Online Boutique,delay,batch-01
rcaeval-04,hybrid,claim-28,Self-listing on node-worker-01 is an artifact,Self-listing on node-worker-01 is an artifact,general,0.72,False,0.0,True,False,Online Boutique,delay,batch-01
rcaeval-04,hybrid,claim-29,SECURITY Agent has confidence 0.8,SECURITY Agent has confidence 0.8,general,0.0,True,0.0,True,True,Online Boutique,delay,batch-01
rcaeval-04,hybrid,claim-30,SECURITY Agent rules out breaches/RBAC issues,SECURITY Agent rules out breaches/RBAC issues,state,0.0,True,0.0,True,True,Online Boutique,delay,batch-01
rcaeval-04,hybrid,claim-31,MONITORING Agent has confidence 0.5,MONITORING Agent has confidence 0.5,general,0.0,True,0.0,True,True,Online Boutique,delay,batch-01
rcaeval-04,hybrid,claim-32,MONITORING Agent is inconclusive,MONITORING Agent is inconclusive,state,0.0,True,0.0,True,True,Online Boutique,delay,batch-01
rcaeval-04,hybrid,claim-33,Single cumulative counter value 95.0 without rate baseline is nominal and discounted,Single cumulative counter value 95.0 without rate baseline is nominal and discounted,state,0.0,True,0.0,True,True,Online Boutique,delay,batch-01
rcaeval-04,hybrid,claim-34,DEPLOYMENTS Agent has confidence 0.35,DEPLOYMENTS Agent has confidence 0.35,general,0.0,True,0.0,True,True,Online Boutique,delay,batch-01
rcaeval-04,hybrid,claim-35,DEPLOYMENTS Agent reports Degraded,DEPLOYMENTS Agent reports Degraded,state,0.0,True,0.0,True,True,Online Boutique,delay,batch-01
rcaeval-04,hybrid,claim-36,DEPLOYMENTS Agent has null commit SHA/message,DEPLOYMENTS Agent has null commit SHA/message,state,0.0,True,0.0,True,True,Online Boutique,delay,batch-01
rcaeval-04,hybrid,claim-37,Null commit SHA/message means cannot correlate to code regression,Null commit SHA/message means cannot correlate to code regression,causal,0.0,True,0.0,True,True,Online Boutique,delay,batch-01
rcaeval-04,hybrid,claim-38,DEPLOYMENTS Agent is low-weight,DEPLOYMENTS Agent is low-weight,general,0.0,True,0.0,True,True,Online Boutique,delay,batch-01
rcaeval-04,hybrid,claim-39,Failed status is consistent with latency-induced readiness/liveness probe timeout,Failed status is consistent with latency-induced readiness/liveness probe timeout,causal,0.539,False,0.0,True,False,Online Boutique,delay,batch-01
rcaeval-04,hybrid,claim-40,Failed status is not OOMKilled,Failed status is not OOMKilled,state,0.0,True,0.0,True,True,Online Boutique,delay,batch-01
rcaeval-04,hybrid,claim-41,Failed status is not a crash,Failed status is not a crash,state,0.0,True,0.0,True,True,Online Boutique,delay,batch-01
rcaeval-05,none,claim-1,Pod 'carts' failed after timestamp 1705662624,Pod 'carts' failed after timestamp 1705662624,temporal,0.555,False,1.0,False,True,Sock Shop,delay,batch-01
rcaeval-05,none,claim-2,carts p90 latency spiked 85x from 0.025s to 2.18s,carts p90 latency spiked 85x from 0.025s to 2.18s,state,0.58,False,1.0,False,True,Sock Shop,delay,batch-01
rcaeval-05,none,claim-3,carts p50 latency spiked 77x,carts p50 latency spiked 77x,state,0.572,False,0.5,False,True,Sock Shop,delay,batch-01
rcaeval-05,none,claim-4,front-end p90 latency spiked 24x from 0.075s to 1.81s,front-end p90 latency spiked 24x from 0.075s to 1.81s,state,0.0,True,1.0,False,False,Sock Shop,delay,batch-01
rcaeval-05,none,claim-5,orders latency spiked,orders latency spiked,state,0.344,True,0.0,True,True,Sock Shop,delay,batch-01
rcaeval-05,none,claim-6,carts latency spike triggered front-end p90 latency spike,carts latency spike triggered front-end p90 latency spike,causal,0.559,False,0.5,False,True,Sock Shop,delay,batch-01
rcaeval-05,none,claim-7,carts service is in blocking/waiting state,carts service is in blocking/waiting state,state,0.538,False,0.5,False,True,Sock Shop,delay,batch-01
rcaeval-05,none,claim-8,carts service is not CPU-saturated,carts service is not CPU-saturated,state,0.564,False,0.0,True,False,Sock Shop,delay,batch-01
rcaeval-05,none,claim-9,carts service impacts dependent front-end user flows,carts service impacts dependent front-end user flows,entity_relationship,0.0,True,0.0,True,True,Sock Shop,delay,batch-01
rcaeval-05,none,claim-10,Root cause is a downstream carts-db bottleneck,Root cause is a downstream carts-db bottleneck,causal,0.0,True,0.5,False,False,Sock Shop,delay,batch-01
rcaeval-05,none,claim-11,Downstream carts-db bottleneck causes carts to block on I/O/wait,Downstream carts-db bottleneck causes carts to block on I/O/wait,causal,0.536,False,1.0,False,True,Sock Shop,delay,batch-01
rcaeval-05,none,claim-12,Root cause is not resource contention,Root cause is not resource contention,general,0.0,True,0.0,True,True,Sock Shop,delay,batch-01
rcaeval-05,none,claim-13,Root cause is not code regression,Root cause is not code regression,general,0.0,True,0.0,True,True,Sock Shop,delay,batch-01
rcaeval-05,none,claim-14,Root cause is not security compromise,Root cause is not security compromise,general,0.0,True,0.0,True,True,Sock Shop,delay,batch-01
rcaeval-05,none,claim-15,LOGS agent confidence is 0.89,LOGS agent confidence is 0.89,state,0.0,True,0.0,True,True,Sock Shop,delay,batch-01
rcaeval-05,none,claim-16,carts p90 latency increased from 0.02564 to 2.183,carts p90 latency increased from 0.02564 to 2.183,state,0.588,False,1.0,False,True,Sock Shop,delay,batch-01
rcaeval-05,none,claim-17,carts p50 latency increased from 0.0158 to 1.224,carts p50 latency increased from 0.0158 to 1.224,state,0.596,False,0.5,False,True,Sock Shop,delay,batch-01
rcaeval-05,none,claim-18,carts_cpu dropped from 5.218 to 2.311 while carts latency exploded,carts_cpu dropped from 5.218 to 2.311 while carts latency exploded,state,0.584,False,1.0,False,True,Sock Shop,delay,batch-01
rcaeval-05,none,claim-19,carts_cpu drop rules out CPU saturation,carts_cpu drop rules out CPU saturation,causal,0.0,True,0.5,False,False,Sock Shop,delay,batch-01
rcaeval-05,none,claim-20,carts_cpu drop indicates thread blocking,carts_cpu drop indicates thread blocking,causal,0.353,True,0.5,False,False,Sock Shop,delay,batch-01
rcaeval-05,none,claim-21,carts-db_diskio increased from 1.844e+06 to 3.236e+06 (+75%),carts-db_diskio increased from 1.844e+06 to 3.236e+06 (+75%),state,0.365,True,1.0,False,False,Sock Shop,delay,batch-01
rcaeval-05,none,claim-22,carts-db_socket increased from 8 to 14.4,carts-db_socket increased from 8 to 14.4,state,0.348,True,1.0,False,False,Sock Shop,delay,batch-01
rcaeval-05,none,claim-23,carts_socket increased from 15.86 to 25.99,carts_socket increased from 15.86 to 25.99,state,0.348,True,1.0,False,False,Sock Shop,delay,batch-01
rcaeval-05,none,claim-24,Downstream pressure metrics correlate precisely with carts latency explosion,Downstream pressure metrics correlate precisely with carts latency explosion,causal,0.548,False,0.0,True,False,Sock Shop,delay,batch-01
rcaeval-05,none,claim-25,Metrics are consistent with DB disk I/O saturation,Metrics are consistent with DB disk I/O saturation,state,0.0,True,0.0,True,True,Sock Shop,delay,batch-01
rcaeval-05,none,claim-26,Metrics are consistent with connection queue buildup,Metrics are consistent with connection queue buildup,state,0.0,True,0.0,True,True,Sock Shop,delay,batch-01
rcaeval-05,none,claim-27,Cascading front-end_latency-90 confirms dependency impact,Cascading front-end_latency-90 confirms dependency impact,causal,0.0,True,0.0,True,True,Sock Shop,delay,batch-01
rcaeval-05,none,claim-28,Cascading orders latency confirms dependency impact,Cascading orders latency confirms dependency impact,causal,0.0,True,0.0,True,True,Sock Shop,delay,batch-01
rcaeval-05,none,claim-29,TOPOLOGY agent confidence is 0.99,TOPOLOGY agent confidence is 0.99,state,0.0,True,0.0,True,True,Sock Shop,delay,batch-01
rcaeval-05,none,claim-30,Pod 'carts' is isolated on node-worker-01,Pod 'carts' is isolated on node-worker-01,entity_relationship,0.71,False,0.0,True,False,Sock Shop,delay,batch-01
rcaeval-05,none,claim-31,Pod has no external noisy neighbors (noisy_neighbors=self only),Pod has no external noisy neighbors (noisy_neighbors=self only),state,0.0,True,0.0,True,True,Sock Shop,delay,batch-01
rcaeval-05,none,claim-32,Pod dependencies list is empty,Pod dependencies list is empty,state,0.0,True,0.0,True,True,Sock Shop,delay,batch-01
rcaeval-05,none,claim-33,Topology data rules out node-level contention,Topology data rules out node-level contention,causal,0.0,True,0.0,True,True,Sock Shop,delay,batch-01
rcaeval-05,none,claim-34,MONITORING agent confidence is 0.3,MONITORING agent confidence is 0.3,state,0.0,True,0.0,True,True,Sock Shop,delay,batch-01
rcaeval-05,none,claim-35,MONITORING provides no contradictory evidence,MONITORING provides no contradictory evidence,state,0.0,True,0.0,True,True,Sock Shop,delay,batch-01
rcaeval-05,none,claim-36,MONITORING single counter value is 95.0,MONITORING single counter value is 95.0,state,0.0,True,0.0,True,True,Sock Shop,delay,batch-01
rcaeval-05,none,claim-37,Single counter value is insufficient to calculate rate/baseline,Single counter value is insufficient to calculate rate/baseline,general,0.0,True,0.0,True,True,Sock Shop,delay,batch-01
rcaeval-05,none,claim-38,DEPLOYMENTS agent confidence is 0.3,DEPLOYMENTS agent confidence is 0.3,state,0.0,True,0.0,True,True,Sock Shop,delay,batch-01
rcaeval-05,none,claim-39,DEPLOYMENTS shows Degraded status,DEPLOYMENTS shows Degraded status,state,0.0,True,0.0,True,True,Sock Shop,delay,batch-01
rcaeval-05,none,claim-40,DEPLOYMENTS SHA is null,DEPLOYMENTS SHA is null,state,0.0,True,0.0,True,True,Sock Shop,delay,batch-01
rcaeval-05,none,claim-41,DEPLOYMENTS commit_msg is null,DEPLOYMENTS commit_msg is null,state,0.0,True,0.0,True,True,Sock Shop,delay,batch-01
rcaeval-05,none,claim-42,No Git regression can be correlated due to null SHA/commit_msg,No Git regression can be correlated due to null SHA/commit_msg,causal,0.0,True,0.0,True,True,Sock Shop,delay,batch-01
rcaeval-05,none,claim-43,SECURITY agent confidence is 0.8,SECURITY agent confidence is 0.8,state,0.0,True,0.0,True,True,Sock Shop,delay,batch-01
rcaeval-05,none,claim-44,SECURITY confirms no breaches,SECURITY confirms no breaches,state,0.0,True,0.0,True,True,Sock Shop,delay,batch-01
rcaeval-05,none,claim-45,SECURITY confirms no RBAC issues,SECURITY confirms no RBAC issues,state,0.0,True,0.0,True,True,Sock Shop,delay,batch-01
rcaeval-05,none,claim-46,SECURITY confirms no secret issues,SECURITY confirms no secret issues,state,0.0,True,0.0,True,True,Sock Shop,delay,batch-01
rcaeval-05,none,claim-47,Pre-event logs show POST /addresses returned 200,Pre-event logs show POST /addresses returned 200,state,0.344,True,0.0,True,True,Sock Shop,delay,batch-01
rcaeval-05,none,claim-48,Pre-event logs show POST /cards returned 200,Pre-event logs show POST /cards returned 200,state,0.355,True,0.0,True,True,Sock Shop,delay,batch-01
rcaeval-05,none,claim-49,Pre-event logs show DELETE /cart returned 202,Pre-event logs show DELETE /cart returned 202,state,0.365,True,0.5,False,False,Sock Shop,delay,batch-01
rcaeval-05,none,claim-50,Pre-event logs show catalogue latency 1.76ms,Pre-event logs show catalogue latency 1.76ms,state,0.338,True,0.0,True,True,Sock Shop,delay,batch-01
rcaeval-05,none,claim-51,Pre-event logs contain no carts error entries,Pre-event logs contain no carts error entries,state,0.523,False,0.0,True,False,Sock Shop,delay,batch-01
rcaeval-05,none,claim-52,Healthy pre-event logs support downstream wait-state failure rather than internal application error,Healthy pre-event logs support downstream wait-state failure rather than internal application error,causal,0.0,True,0.0,True,True,Sock Shop,delay,batch-01
rcaeval-05,raw,claim-1,Pod 'carts' is Failed,Pod 'carts' is Failed,state,0.519,False,1.0,False,True,Sock Shop,delay,batch-01
rcaeval-05,raw,claim-2,Pod 'carts' p90 latency degraded 85x from 0.025s to 2.18s,Pod 'carts' p90 latency degraded 85x from 0.025s to 2.18s,state,0.0,True,1.0,False,False,Sock Shop,delay,batch-01
rcaeval-05,raw,claim-3,Pod 'carts' p50 latency degraded 77x from 0.015s to 1.22s,Pod 'carts' p50 latency degraded 77x from 0.015s to 1.22s,state,0.0,True,0.5,False,False,Sock Shop,delay,batch-01
rcaeval-05,raw,claim-4,Latency degradation occurred after timestamp 1705662624,Latency degradation occurred after timestamp 1705662624,temporal,0.0,True,0.0,True,True,Sock Shop,delay,batch-01
rcaeval-05,raw,claim-5,front-end_latency-90 increased 24x,front-end_latency-90 increased 24x,state,0.349,True,0.0,True,True,Sock Shop,delay,batch-01
rcaeval-05,raw,claim-6,orders_latency-90 increased 19x,orders_latency-90 increased 19x,state,0.358,True,0.0,True,True,Sock Shop,delay,batch-01
rcaeval-05,raw,claim-7,Latency failure in Pod 'carts' cascaded to front-end_latency-90,Latency failure in Pod 'carts' cascaded to front-end_latency-90,causal,0.0,True,0.5,False,False,Sock Shop,delay,batch-01
rcaeval-05,raw,claim-8,Latency failure in Pod 'carts' cascaded to orders_latency-90,Latency failure in Pod 'carts' cascaded to orders_latency-90,causal,0.34,True,0.0,True,True,Sock Shop,delay,batch-01
rcaeval-05,raw,claim-9,Service 'carts' is blocking,Service 'carts' is blocking,state,0.0,True,0.0,True,True,Sock Shop,delay,batch-01
rcaeval-05,raw,claim-10,Service 'carts' is not CPU-saturated,Service 'carts' is not CPU-saturated,state,0.378,True,0.0,True,True,Sock Shop,delay,batch-01
rcaeval-05,raw,claim-11,Service 'carts' has a downstream dependency on carts-db,Service 'carts' has a downstream dependency on carts-db,entity_relationship,0.0,True,0.5,False,False,Sock Shop,delay,batch-01
rcaeval-05,raw,claim-12,Blocking/I/O wait on downstream carts-db dependency is the root cause of the latency failure,Blocking/I/O wait on downstream carts-db dependency is the root cause of the latency failure,causal,0.0,True,0.5,False,False,Sock Shop,delay,batch-01
rcaeval-05,raw,claim-13,Blocking/I/O wait on carts-db leads to thread pool exhaustion,Blocking/I/O wait on carts-db leads to thread pool exhaustion,causal,0.0,True,0.5,False,False,Sock Shop,delay,batch-01
rcaeval-05,raw,claim-14,Thread pool exhaustion leads to cascading latency failure,Thread pool exhaustion leads to cascading latency failure,causal,0.0,True,0.0,True,True,Sock Shop,delay,batch-01
rcaeval-05,raw,claim-15,carts_cpu metric DECREASED from 5.218 to 2.311,carts_cpu metric DECREASED from 5.218 to 2.311,state,0.378,True,1.0,False,False,Sock Shop,delay,batch-01
rcaeval-05,raw,claim-16,carts_socket metric increased from 15.86 to 25.99,carts_socket metric increased from 15.86 to 25.99,state,0.37,True,1.0,False,False,Sock Shop,delay,batch-01
rcaeval-05,raw,claim-17,carts-db_socket metric increased from 8 to 14.4,carts-db_socket metric increased from 8 to 14.4,state,0.371,True,1.0,False,False,Sock Shop,delay,batch-01
rcaeval-05,raw,claim-18,carts-db_diskio metric increased from 1.84M to 3.23M,carts-db_diskio metric increased from 1.84M to 3.23M,state,0.373,True,1.0,False,False,Sock Shop,delay,batch-01
rcaeval-05,raw,claim-19,"Increases in carts_socket, carts-db_socket and carts-db_diskio occurred concurrently with the latency spike","Increases in carts_socket, carts-db_socket and carts-db_diskio occurred concurrently with the latency spike",temporal,0.0,True,0.5,False,False,Sock Shop,delay,batch-01
rcaeval-05,raw,claim-20,Inverse CPU/latency pattern where CPU decreases while latency increases is classic DB bottleneck / connection saturation,Inverse CPU/latency pattern where CPU decreases while latency increases is classic DB bottleneck / connection saturation,general,0.0,True,0.0,True,True,Sock Shop,delay,batch-01
rcaeval-05,raw,claim-21,Inverse CPU/latency pattern indicates not CPU saturation,Inverse CPU/latency pattern indicates not CPU saturation,general,0.0,True,0.0,True,True,Sock Shop,delay,batch-01
rcaeval-05,raw,claim-22,MONITORING agent reported High CPU anomaly with score 0.92,MONITORING agent reported High CPU anomaly with score 0.92,state,0.0,True,0.0,True,True,Sock Shop,delay,batch-01
rcaeval-05,raw,claim-23,Measured CPU decrease directly contradicts MONITORING High CPU anomaly,Measured CPU decrease directly contradicts MONITORING High CPU anomaly,state,0.0,True,0.0,True,True,Sock Shop,delay,batch-01
rcaeval-05,raw,claim-24,MONITORING High CPU anomaly is rejected,MONITORING High CPU anomaly is rejected,state,0.0,True,0.0,True,True,Sock Shop,delay,batch-01
rcaeval-05,raw,claim-25,TOPOLOGY agent with score 0.99 rules out noisy-neighbor/node contention,TOPOLOGY agent with score 0.99 rules out noisy-neighbor/node contention,state,0.0,True,0.5,False,False,Sock Shop,delay,batch-01
rcaeval-05,raw,claim-26,Pod 'carts' is isolated on node-worker-01,Pod 'carts' is isolated on node-worker-01,entity_relationship,0.71,False,0.5,False,True,Sock Shop,delay,batch-01
rcaeval-05,raw,claim-27,SECURITY agent with score 0.8 rules out breach/RBAC,SECURITY agent with score 0.8 rules out breach/RBAC,state,0.0,True,0.5,False,False,Sock Shop,delay,batch-01
rcaeval-05,raw,claim-28,DEPLOYMENTS agent status is Degraded with score 0.2,DEPLOYMENTS agent status is Degraded with score 0.2,state,0.0,True,0.0,True,True,Sock Shop,delay,batch-01
rcaeval-05,raw,claim-29,DEPLOYMENTS has null sha and null commit_msg,DEPLOYMENTS has null sha and null commit_msg,state,0.0,True,0.5,False,False,Sock Shop,delay,batch-01
rcaeval-05,raw,claim-30,DEPLOYMENTS low confidence indicates no correlatable code regression,DEPLOYMENTS low confidence indicates no correlatable code regression,state,0.0,True,0.0,True,True,Sock Shop,delay,batch-01
rcaeval-05,raw,claim-31,DEPLOYMENTS finding is discounted,DEPLOYMENTS finding is discounted,state,0.0,True,0.0,True,True,Sock Shop,delay,batch-01
rcaeval-05,hybrid,claim-1,Pod 'carts' has Failed status,Pod 'carts' has Failed status,state,0.52,False,1.0,False,True,Sock Shop,delay,batch-01
rcaeval-05,hybrid,claim-2,Carts p90 latency increased 85x,Carts p90 latency increased 85x,state,0.57,False,1.0,False,True,Sock Shop,delay,batch-01
rcaeval-05,hybrid,claim-3,Carts p50 latency increased 77x,Carts p50 latency increased 77x,state,0.577,False,1.0,False,True,Sock Shop,delay,batch-01
rcaeval-05,hybrid,claim-4,Performance degradation occurred after timestamp 1705662624,Performance degradation occurred after timestamp 1705662624,temporal,0.0,True,0.0,True,True,Sock Shop,delay,batch-01
rcaeval-05,hybrid,claim-5,Carts failure caused cascading latency to front-end service,Carts failure caused cascading latency to front-end service,causal,0.556,False,0.5,False,True,Sock Shop,delay,batch-01
rcaeval-05,hybrid,claim-6,Front-end latency increased from 0.075s to 1.815s,Front-end latency increased from 0.075s to 1.815s,state,0.361,True,0.0,True,True,Sock Shop,delay,batch-01
rcaeval-05,hybrid,claim-7,Carts failure caused cascading latency to orders service,Carts failure caused cascading latency to orders service,causal,0.554,False,0.5,False,True,Sock Shop,delay,batch-01
rcaeval-05,hybrid,claim-8,Impact is degradation of user-facing checkout/cart operations,Impact is degradation of user-facing checkout/cart operations,state,0.0,True,0.0,True,True,Sock Shop,delay,batch-01
rcaeval-05,hybrid,claim-9,carts-db is a downstream dependency of carts,carts-db is a downstream dependency of carts,entity_relationship,0.512,False,0.5,False,True,Sock Shop,delay,batch-01
rcaeval-05,hybrid,claim-10,Root cause is blocking/I/O wait on downstream carts-db,Root cause is blocking/I/O wait on downstream carts-db,causal,0.0,True,0.5,False,False,Sock Shop,delay,batch-01
rcaeval-05,hybrid,claim-11,Root cause is not CPU saturation,Root cause is not CPU saturation,causal,0.0,True,0.5,False,False,Sock Shop,delay,batch-01
rcaeval-05,hybrid,claim-12,Root cause is not infrastructure contention,Root cause is not infrastructure contention,causal,0.0,True,0.0,True,True,Sock Shop,delay,batch-01
rcaeval-05,hybrid,claim-13,Carts p90 latency jumped from 0.02564 to 2.183,Carts p90 latency jumped from 0.02564 to 2.183,state,0.584,False,1.0,False,True,Sock Shop,delay,batch-01
rcaeval-05,hybrid,claim-14,Carts p50 latency jumped from 0.0158 to 1.224,Carts p50 latency jumped from 0.0158 to 1.224,state,0.591,False,1.0,False,True,Sock Shop,delay,batch-01
rcaeval-05,hybrid,claim-15,Carts CPU dropped from 5.218 to 2.311 concurrent with latency increase,Carts CPU dropped from 5.218 to 2.311 concurrent with latency increase,state,0.582,False,1.0,False,True,Sock Shop,delay,batch-01
rcaeval-05,hybrid,claim-16,Carts socket metric increased from 15.86 to 25.99,Carts socket metric increased from 15.86 to 25.99,state,0.601,False,1.0,False,True,Sock Shop,delay,batch-01
rcaeval-05,hybrid,claim-17,carts-db socket metric increased from 8 to 14.4,carts-db socket metric increased from 8 to 14.4,state,0.368,True,1.0,False,False,Sock Shop,delay,batch-01
rcaeval-05,hybrid,claim-18,carts-db diskIO increased from 1.844e+06 to 3.236e+06,carts-db diskIO increased from 1.844e+06 to 3.236e+06,state,0.363,True,1.0,False,False,Sock Shop,delay,batch-01
rcaeval-05,hybrid,claim-19,Inverse CPU/latency plus socket/diskIO pattern indicates threads blocked waiting on DB,Inverse CPU/latency plus socket/diskIO pattern indicates threads blocked waiting on DB,causal,0.0,True,0.0,True,True,Sock Shop,delay,batch-01
rcaeval-05,hybrid,claim-20,Pod 'carts' is isolated on node-worker-01,Pod 'carts' is isolated on node-worker-01,entity_relationship,0.71,False,1.0,False,True,Sock Shop,delay,batch-01
rcaeval-05,hybrid,claim-21,Topology Agent with confidence 0.99 confirms pod isolation,Topology Agent with confidence 0.99 confirms pod isolation,state,0.0,True,0.0,True,True,Sock Shop,delay,batch-01
rcaeval-05,hybrid,claim-22,Noisy neighbors list is ['carts'] only,Noisy neighbors list is ['carts'] only,entity_relationship,0.0,True,0.5,False,False,Sock Shop,delay,batch-01
rcaeval-05,hybrid,claim-23,Noisy-neighbor contention is ruled out as cause,Noisy-neighbor contention is ruled out as cause,causal,0.0,True,0.5,False,False,Sock Shop,delay,batch-01
rcaeval-05,hybrid,claim-24,Node-level resource contention is ruled out as cause,Node-level resource contention is ruled out as cause,causal,0.0,True,0.0,True,True,Sock Shop,delay,batch-01
rcaeval-05,hybrid,claim-25,Deployment 'carts-deploy' has Degraded status with score 0.35,Deployment 'carts-deploy' has Degraded status with score 0.35,state,0.0,True,0.0,True,True,Sock Shop,delay,batch-01
rcaeval-05,hybrid,claim-26,Deployment 'carts-deploy' has null commit SHA,Deployment 'carts-deploy' has null commit SHA,state,0.0,True,0.0,True,True,Sock Shop,delay,batch-01
rcaeval-05,hybrid,claim-27,Deployment 'carts-deploy' has null commit message,Deployment 'carts-deploy' has null commit message,state,0.0,True,0.0,True,True,Sock Shop,delay,batch-01
rcaeval-05,hybrid,claim-28,Deployment degraded status cannot be correlated to a regression,Deployment degraded status cannot be correlated to a regression,general,0.0,True,0.5,False,False,Sock Shop,delay,batch-01
rcaeval-05,hybrid,claim-29,"Deployment degraded status is assessed as symptom/effect, not cause","Deployment degraded status is assessed as symptom/effect, not cause",causal,0.0,True,0.5,False,False,Sock Shop,delay,batch-01
rcaeval-05,hybrid,claim-30,Security Agent with confidence 0.8 rules out breach/RBAC/secret issues,Security Agent with confidence 0.8 rules out breach/RBAC/secret issues,general,0.0,True,0.5,False,False,Sock Shop,delay,batch-01
rcaeval-05,hybrid,claim-31,Monitoring Agent with confidence 0.5 was inconclusive and discounted,Monitoring Agent with confidence 0.5 was inconclusive and discounted,state,0.0,True,0.5,False,False,Sock Shop,delay,batch-01
rcaeval-05,hybrid,claim-32,No explicit carts error logs were found,No explicit carts error logs were found,state,0.538,False,0.5,False,True,Sock Shop,delay,batch-01
rcaeval-05,hybrid,claim-33,Logs show only 200/202 successes for front-end/user/catalogue,Logs show only 200/202 successes for front-end/user/catalogue,state,0.0,True,0.0,True,True,Sock Shop,delay,batch-01
rcaeval-05,hybrid,claim-34,Metric signature is consistent with carts-db overload/disk saturation,Metric signature is consistent with carts-db overload/disk saturation,state,0.0,True,0.0,True,True,Sock Shop,delay,batch-01
rcaeval-05,hybrid,claim-35,carts-db overload/disk saturation caused carts thread pool exhaustion,carts-db overload/disk saturation caused carts thread pool exhaustion,causal,0.531,False,0.0,True,False,Sock Shop,delay,batch-01
rcaeval-05,hybrid,claim-36,Carts thread pool exhaustion caused carts failure,Carts thread pool exhaustion caused carts failure,causal,0.516,False,0.0,True,False,Sock Shop,delay,batch-01
rcaeval-06,none,claim-1,Pod ts-auth-service is in Failed state,Pod ts-auth-service is in Failed state,state,0.713,False,1.0,False,True,Train Ticket,delay,batch-01
rcaeval-06,none,claim-2,A confirmed security breach occurred in ts-auth-service,A confirmed security breach occurred in ts-auth-service,state,0.572,False,0.0,True,False,Train Ticket,delay,batch-01
rcaeval-06,none,claim-3,Plaintext credentials are logged at INFO level,Plaintext credentials are logged at INFO level,state,0.0,True,0.0,True,True,Train Ticket,delay,batch-01
rcaeval-06,none,claim-4,JWT tokens are logged at INFO level,JWT tokens are logged at INFO level,state,0.0,True,0.0,True,True,Train Ticket,delay,batch-01
rcaeval-06,none,claim-5,Logging at INFO level enables credential harvesting via log access,Logging at INFO level enables credential harvesting via log access,causal,0.0,True,0.0,True,True,Train Ticket,delay,batch-01
rcaeval-06,none,claim-6,Credential compromise occurred for user 'fdse_microservice',Credential compromise occurred for user 'fdse_microservice',state,0.0,True,0.5,False,False,Train Ticket,delay,batch-01
rcaeval-06,none,claim-7,Sensitive data exposure occurred,Sensitive data exposure occurred,state,0.0,True,0.0,True,True,Train Ticket,delay,batch-01
rcaeval-06,none,claim-8,p50 latency increased 4.1x,p50 latency increased 4.1x,state,0.0,True,1.0,False,False,Train Ticket,delay,batch-01
rcaeval-06,none,claim-9,p90 latency increased 3.7x,p90 latency increased 3.7x,state,0.0,True,1.0,False,False,Train Ticket,delay,batch-01
rcaeval-06,none,claim-10,Auth performance degradation is correlated with the credential leak suggesting increased auth load or potential abuse,Auth performance degradation is correlated with the credential leak suggesting increased auth load or potential abuse,causal,0.525,False,0.5,False,True,Train Ticket,delay,batch-01
rcaeval-06,none,claim-11,Root cause is insecure credential handling in code,Root cause is insecure credential handling in code,causal,0.0,True,0.0,True,True,Train Ticket,delay,batch-01
rcaeval-06,none,claim-12,Insecure credential handling is located in TokenServiceImpl,Insecure credential handling is located in TokenServiceImpl,entity_relationship,0.0,True,0.0,True,True,Train Ticket,delay,batch-01
rcaeval-06,none,claim-13,Root cause involves logging sensitive data at INFO level,Root cause involves logging sensitive data at INFO level,state,0.0,True,0.0,True,True,Train Ticket,delay,batch-01
rcaeval-06,none,claim-14,Root cause is not an infrastructure regression,Root cause is not an infrastructure regression,causal,0.0,True,0.0,True,True,Train Ticket,delay,batch-01
rcaeval-06,none,claim-15,Root cause is not a deployment regression,Root cause is not a deployment regression,causal,0.0,True,0.5,False,False,Train Ticket,delay,batch-01
rcaeval-06,none,claim-16,At 2024-01-22 11:10:05.046 a log entry 'LOGIN USER :fdse_microservice __ 111111 __ null' was emitted,At 2024-01-22 11:10:05.046 a log entry 'LOGIN USER :fdse_microservice __ 111111 __ null' was emitted,temporal,0.351,True,1.0,False,False,Train Ticket,delay,batch-01
rcaeval-06,none,claim-17,The log at 2024-01-22 11:10:05.046 exposes username 'fdse_microservice' in clear text,The log at 2024-01-22 11:10:05.046 exposes username 'fdse_microservice' in clear text,state,0.339,True,0.0,True,True,Train Ticket,delay,batch-01
rcaeval-06,none,claim-18,The log at 2024-01-22 11:10:05.046 exposes password '111111' in clear text,The log at 2024-01-22 11:10:05.046 exposes password '111111' in clear text,state,0.0,True,0.5,False,False,Train Ticket,delay,batch-01
rcaeval-06,none,claim-19,UsernamePasswordAuthenticationToken was logged at 2024-01-22 11:10:05.047,UsernamePasswordAuthenticationToken was logged at 2024-01-22 11:10:05.047,temporal,0.0,True,0.0,True,True,Train Ticket,delay,batch-01
rcaeval-06,none,claim-20,JWT TOKEN + USER ID was logged at 2024-01-22 11:10:05.181,JWT TOKEN + USER ID was logged at 2024-01-22 11:10:05.181,temporal,0.345,True,0.0,True,True,Train Ticket,delay,batch-01
rcaeval-06,none,claim-21,LOGS agent has confidence 0.88,LOGS agent has confidence 0.88,general,0.0,True,0.0,True,True,Train Ticket,delay,batch-01
rcaeval-06,none,claim-22,LOGS agent confirms no ERROR/WARN/exception patterns in logs,LOGS agent confirms no ERROR/WARN/exception patterns in logs,state,0.0,True,0.0,True,True,Train Ticket,delay,batch-01
rcaeval-06,none,claim-23,All 4 log entries show a successful login flow with exposure,All 4 log entries show a successful login flow with exposure,state,0.0,True,0.0,True,True,Train Ticket,delay,batch-01
rcaeval-06,none,claim-24,Metrics after timestamp 1705921865 show p50 latency increased from 0.1761 to 0.7223,Metrics after timestamp 1705921865 show p50 latency increased from 0.1761 to 0.7223,temporal,0.357,True,1.0,False,False,Train Ticket,delay,batch-01
rcaeval-06,none,claim-25,Metrics after timestamp 1705921865 show p90 latency increased from 0.2542 to 0.9321,Metrics after timestamp 1705921865 show p90 latency increased from 0.2542 to 0.9321,temporal,0.351,True,1.0,False,False,Train Ticket,delay,batch-01
rcaeval-06,none,claim-26,Socket count increased from 10.45 to 13.59 after 1705921865,Socket count increased from 10.45 to 13.59 after 1705921865,state,0.0,True,0.5,False,False,Train Ticket,delay,batch-01
rcaeval-06,none,claim-27,ts-auth-mongo_socket increased from 5 to 6.885 after 1705921865,ts-auth-mongo_socket increased from 5 to 6.885 after 1705921865,state,0.381,True,1.0,False,False,Train Ticket,delay,batch-01
rcaeval-06,none,claim-28,Socket count increase is correlated with ts-auth-mongo_socket increase,Socket count increase is correlated with ts-auth-mongo_socket increase,entity_relationship,0.364,True,1.0,False,False,Train Ticket,delay,batch-01
rcaeval-06,none,claim-29,The correlated socket and latency increases indicate a downstream latency bottleneck,The correlated socket and latency increases indicate a downstream latency bottleneck,causal,0.0,True,0.0,True,True,Train Ticket,delay,batch-01
rcaeval-06,none,claim-30,SECURITY agent has confidence 0.85,SECURITY agent has confidence 0.85,general,0.0,True,0.0,True,True,Train Ticket,delay,batch-01
rcaeval-06,none,claim-31,SECURITY agent correlates increased auth load or potential abuse after the leak with the downstream bottleneck,SECURITY agent correlates increased auth load or potential abuse after the leak with the downstream bottleneck,causal,0.503,False,0.0,True,False,Train Ticket,delay,batch-01
rcaeval-06,none,claim-32,TOPOLOGY agent has confidence 0.99,TOPOLOGY agent has confidence 0.99,general,0.0,True,0.0,True,True,Train Ticket,delay,batch-01
rcaeval-06,none,claim-33,TOPOLOGY rules out external noisy neighbors as a cause,TOPOLOGY rules out external noisy neighbors as a cause,causal,0.0,True,0.0,True,True,Train Ticket,delay,batch-01
rcaeval-06,none,claim-34,Only the ts-auth-service pod itself is on node-worker-01,Only the ts-auth-service pod itself is on node-worker-01,entity_relationship,0.71,False,1.0,False,True,Train Ticket,delay,batch-01
rcaeval-06,none,claim-35,Dependencies for ts-auth-service are empty,Dependencies for ts-auth-service are empty,entity_relationship,0.713,False,0.5,False,True,Train Ticket,delay,batch-01
rcaeval-06,none,claim-36,DEPLOYMENTS agent has confidence 0.25,DEPLOYMENTS agent has confidence 0.25,general,0.0,True,0.0,True,True,Train Ticket,delay,batch-01
rcaeval-06,none,claim-37,DEPLOYMENTS agent is inconclusive due to null sha and null commit_msg,DEPLOYMENTS agent is inconclusive due to null sha and null commit_msg,causal,0.0,True,0.0,True,True,Train Ticket,delay,batch-01
rcaeval-06,none,claim-38,Resource contention is eliminated as a cause,Resource contention is eliminated as a cause,causal,0.0,True,0.0,True,True,Train Ticket,delay,batch-01
rcaeval-06,none,claim-39,Unverified deployment regression is eliminated as a cause,Unverified deployment regression is eliminated as a cause,causal,0.0,True,0.0,True,True,Train Ticket,delay,batch-01
rcaeval-06,raw,claim-1,Pod 'ts-auth-service' is in Failed status,Pod 'ts-auth-service' is in Failed status,state,0.713,False,1.0,False,True,Train Ticket,delay,batch-01
rcaeval-06,raw,claim-2,Pod 'ts-auth-service' is in isolated placement with no noisy neighbors,Pod 'ts-auth-service' is in isolated placement with no noisy neighbors,entity_relationship,0.713,False,0.0,True,False,Train Ticket,delay,batch-01
rcaeval-06,raw,claim-3,Sampled pre-cutoff logs contain zero ERROR/WARN entries,Sampled pre-cutoff logs contain zero ERROR/WARN entries,state,0.0,True,0.0,True,True,Train Ticket,delay,batch-01
rcaeval-06,raw,claim-4,A concurrent CRITICAL security violation occurred where plaintext service account password was logged,A concurrent CRITICAL security violation occurred where plaintext service account password was logged,state,0.0,True,0.0,True,True,Train Ticket,delay,batch-01
rcaeval-06,raw,claim-5,Crash mechanism is inconclusive due to insufficient log/metrics window,Crash mechanism is inconclusive due to insufficient log/metrics window,causal,0.0,True,0.0,True,True,Train Ticket,delay,batch-01
rcaeval-06,raw,claim-6,Crash mechanism is inconclusive due to lack of deployment Git correlation,Crash mechanism is inconclusive due to lack of deployment Git correlation,causal,0.0,True,0.0,True,True,Train Ticket,delay,batch-01
rcaeval-06,raw,claim-7,Pod failure root cause is inconclusive due to data gaps,Pod failure root cause is inconclusive due to data gaps,causal,0.0,True,0.0,True,True,Train Ticket,delay,batch-01
rcaeval-06,raw,claim-8,High-confidence agents allow ruling out key hypotheses,High-confidence agents allow ruling out key hypotheses,general,0.0,True,0.0,True,True,Train Ticket,delay,batch-01
rcaeval-06,raw,claim-9,LOGS agent has confidence score 0.93,LOGS agent has confidence score 0.93,state,0.0,True,0.5,False,False,Train Ticket,delay,batch-01
rcaeval-06,raw,claim-10,All 4 sampled log entries occurred at 11:10:05 just before cutoff 1705921865,All 4 sampled log entries occurred at 11:10:05 just before cutoff 1705921865,temporal,0.0,True,0.0,True,True,Train Ticket,delay,batch-01
rcaeval-06,raw,claim-11,All 4 sampled log entries are INFO-level,All 4 sampled log entries are INFO-level,state,0.0,True,0.0,True,True,Train Ticket,delay,batch-01
rcaeval-06,raw,claim-12,All 4 sampled log entries represent successful auth flow for user 'fdse_microservice',All 4 sampled log entries represent successful auth flow for user 'fdse_microservice',state,0.527,False,0.5,False,True,Train Ticket,delay,batch-01
rcaeval-06,raw,claim-13,Sampled logs contain zero exceptions,Sampled logs contain zero exceptions,state,0.0,True,0.0,True,True,Train Ticket,delay,batch-01
rcaeval-06,raw,claim-14,Sampled log window misses the failure event,Sampled log window misses the failure event,general,0.0,True,0.0,True,True,Train Ticket,delay,batch-01
rcaeval-06,raw,claim-15,Metrics after the cutoff show severe degradation,Metrics after the cutoff show severe degradation,temporal,0.0,True,0.0,True,True,Train Ticket,delay,batch-01
rcaeval-06,raw,claim-16,p50 latency increased from 0.1761 to 0.7223 (+310%),p50 latency increased from 0.1761 to 0.7223 (+310%),state,0.0,True,1.0,False,False,Train Ticket,delay,batch-01
rcaeval-06,raw,claim-17,p90 latency increased from 0.2542 to 0.9321 (+267%),p90 latency increased from 0.2542 to 0.9321 (+267%),state,0.0,True,1.0,False,False,Train Ticket,delay,batch-01
rcaeval-06,raw,claim-18,Socket count increased from 10.45 to 13.59,Socket count increased from 10.45 to 13.59,state,0.0,True,1.0,False,False,Train Ticket,delay,batch-01
rcaeval-06,raw,claim-19,auth-mongo socket count increased from 5 to 6.885,auth-mongo socket count increased from 5 to 6.885,state,0.37,True,1.0,False,False,Train Ticket,delay,batch-01
rcaeval-06,raw,claim-20,Latency/connection-pool anomaly was not captured as log errors,Latency/connection-pool anomaly was not captured as log errors,state,0.0,True,0.0,True,True,Train Ticket,delay,batch-01
rcaeval-06,raw,claim-21,Latency/connection-pool anomaly likely triggered Failed status/health-check failure,Latency/connection-pool anomaly likely triggered Failed status/health-check failure,causal,0.528,False,0.0,True,False,Train Ticket,delay,batch-01
rcaeval-06,raw,claim-22,TOPOLOGY agent has confidence score 0.95,TOPOLOGY agent has confidence score 0.95,state,0.0,True,0.5,False,False,Train Ticket,delay,batch-01
rcaeval-06,raw,claim-23,Pod 'ts-auth-service' is isolated on node-worker-01,Pod 'ts-auth-service' is isolated on node-worker-01,entity_relationship,0.715,False,1.0,False,True,Train Ticket,delay,batch-01
rcaeval-06,raw,claim-24,noisy_neighbors field contains only itself,noisy_neighbors field contains only itself,entity_relationship,0.0,True,0.0,True,True,Train Ticket,delay,batch-01
rcaeval-06,raw,claim-25,Pod dependencies are empty,Pod dependencies are empty,entity_relationship,0.0,True,0.0,True,True,Train Ticket,delay,batch-01
rcaeval-06,raw,claim-26,External resource contention is ruled out as cause,External resource contention is ruled out as cause,causal,0.0,True,0.5,False,False,Train Ticket,delay,batch-01
rcaeval-06,raw,claim-27,Self-listing in noisy_neighbors is a data artifact,Self-listing in noisy_neighbors is a data artifact,general,0.0,True,0.0,True,True,Train Ticket,delay,batch-01
rcaeval-06,raw,claim-28,SECURITY agent has confidence score 0.95,SECURITY agent has confidence score 0.95,state,0.0,True,0.0,True,True,Train Ticket,delay,batch-01
rcaeval-06,raw,claim-29,TokenServiceImpl logged 'LOGIN USER :fdse_microservice __ 111111 __ null' at 2024-01-22 11:10:05.046,TokenServiceImpl logged 'LOGIN USER :fdse_microservice __ 111111 __ null' at 2024-01-22 11:10:05.046,temporal,0.37,True,1.0,False,False,Train Ticket,delay,batch-01
rcaeval-06,raw,claim-30,The log exposed plaintext password '111111' at INFO level,The log exposed plaintext password '111111' at INFO level,state,0.0,True,1.0,False,False,Train Ticket,delay,batch-01
rcaeval-06,raw,claim-31,JWT value was correctly redacted as <JWT_REDACTED>,JWT value was correctly redacted as <JWT_REDACTED>,state,0.0,True,0.5,False,False,Train Ticket,delay,batch-01
rcaeval-06,raw,claim-32,UUID value was correctly redacted as <UUID_REDACTED>,UUID value was correctly redacted as <UUID_REDACTED>,state,0.0,True,0.5,False,False,Train Ticket,delay,batch-01
rcaeval-06,raw,claim-33,Selective redaction failure is proven by correct redaction of JWT and UUID but not password,Selective redaction failure is proven by correct redaction of JWT and UUID but not password,causal,0.0,True,0.0,True,True,Train Ticket,delay,batch-01
rcaeval-06,raw,claim-34,Logging plaintext password violates secure logging,Logging plaintext password violates secure logging,general,0.0,True,0.5,False,False,Train Ticket,delay,batch-01
rcaeval-06,raw,claim-35,Plaintext credential leak is not causal to the pod crash,Plaintext credential leak is not causal to the pod crash,causal,0.0,True,0.0,True,True,Train Ticket,delay,batch-01
rcaeval-06,raw,claim-36,Plaintext credential leak is a co-occurring CRITICAL defect,Plaintext credential leak is a co-occurring CRITICAL defect,state,0.0,True,0.0,True,True,Train Ticket,delay,batch-01
rcaeval-06,raw,claim-37,MONITORING agent has confidence score 0.35,MONITORING agent has confidence score 0.35,state,0.0,True,0.5,False,False,Train Ticket,delay,batch-01
rcaeval-06,raw,claim-38,DEPLOYMENTS agent has confidence score 0.35,DEPLOYMENTS agent has confidence score 0.35,state,0.0,True,1.0,False,False,Train Ticket,delay,batch-01
rcaeval-06,raw,claim-39,MONITORING and DEPLOYMENTS agents are discounted due to low confidence,MONITORING and DEPLOYMENTS agents are discounted due to low confidence,causal,0.0,True,0.0,True,True,Train Ticket,delay,batch-01
rcaeval-06,raw,claim-40,Single cumulative counter sample is insufficient for anomaly detection,Single cumulative counter sample is insufficient for anomaly detection,general,0.0,True,0.0,True,True,Train Ticket,delay,batch-01
rcaeval-06,raw,claim-41,Deployment 'ts-auth-service-deploy' is in Degraded status,Deployment 'ts-auth-service-deploy' is in Degraded status,state,0.693,False,0.5,False,True,Train Ticket,delay,batch-01
rcaeval-06,raw,claim-42,Deployment 'ts-auth-service-deploy' has null commit SHA and null commit message,Deployment 'ts-auth-service-deploy' has null commit SHA and null commit message,state,0.693,False,0.0,True,False,Train Ticket,delay,batch-01
rcaeval-06,raw,claim-43,No regression correlation is possible due to null commit SHA/message,No regression correlation is possible due to null commit SHA/message,causal,0.0,True,0.0,True,True,Train Ticket,delay,batch-01
rcaeval-06,hybrid,claim-1,Pod 'ts-auth-service' is in 'Failed' state,Pod 'ts-auth-service' is in 'Failed' state,state,0.713,False,1.0,False,True,Train Ticket,delay,batch-01
rcaeval-06,hybrid,claim-2,Severe internal performance degradation occurred after 1705921865,Severe internal performance degradation occurred after 1705921865,temporal,0.0,True,0.0,True,True,Train Ticket,delay,batch-01
rcaeval-06,hybrid,claim-3,p50 latency increased from 0.1761 to 0.7223 (+310%) after 1705921865,p50 latency increased from 0.1761 to 0.7223 (+310%) after 1705921865,temporal,0.0,True,1.0,False,False,Train Ticket,delay,batch-01
rcaeval-06,hybrid,claim-4,p90 latency increased from 0.2542 to 0.9321 (+267%) after 1705921865,p90 latency increased from 0.2542 to 0.9321 (+267%) after 1705921865,temporal,0.0,True,1.0,False,False,Train Ticket,delay,batch-01
rcaeval-06,hybrid,claim-5,Socket count increased from 10.45 to 13.59 after 1705921865,Socket count increased from 10.45 to 13.59 after 1705921865,temporal,0.0,True,1.0,False,False,Train Ticket,delay,batch-01
rcaeval-06,hybrid,claim-6,ts-auth-mongo_socket increased from 5 to 6.885 (+38%) after 1705921865,ts-auth-mongo_socket increased from 5 to 6.885 (+38%) after 1705921865,temporal,0.38,True,1.0,False,False,Train Ticket,delay,batch-01
rcaeval-06,hybrid,claim-7,Socket/connection pressure was observed in ts-auth-service pod,Socket/connection pressure was observed in ts-auth-service pod,state,0.71,False,0.5,False,True,Train Ticket,delay,batch-01
rcaeval-06,hybrid,claim-8,Performance degradation is isolated to the pod itself,Performance degradation is isolated to the pod itself,entity_relationship,0.0,True,0.0,True,True,Train Ticket,delay,batch-01
rcaeval-06,hybrid,claim-9,No external noisy-neighbor was identified,No external noisy-neighbor was identified,state,0.0,True,0.0,True,True,Train Ticket,delay,batch-01
rcaeval-06,hybrid,claim-10,No correlated deployment regression was identified,No correlated deployment regression was identified,state,0.0,True,1.0,False,False,Train Ticket,delay,batch-01
rcaeval-06,hybrid,claim-11,Correlated telemetry isolates root cause to internal resource saturation/bottleneck,Correlated telemetry isolates root cause to internal resource saturation/bottleneck,causal,0.0,True,0.0,True,True,Train Ticket,delay,batch-01
rcaeval-06,hybrid,claim-12,Root cause is not external contention,Root cause is not external contention,causal,0.0,True,0.0,True,True,Train Ticket,delay,batch-01
rcaeval-06,hybrid,claim-13,Root cause is not deployment regression,Root cause is not deployment regression,causal,0.0,True,0.0,True,True,Train Ticket,delay,batch-01
rcaeval-06,hybrid,claim-14,MONITORING (0.92) confirms anomaly_detected,MONITORING (0.92) confirms anomaly_detected,state,0.0,True,0.5,False,False,Train Ticket,delay,batch-01
rcaeval-06,hybrid,claim-15,LOGS (0.90) reports latency and socket metrics,LOGS (0.90) reports latency and socket metrics,state,0.337,True,0.0,True,True,Train Ticket,delay,batch-01
rcaeval-06,hybrid,claim-16,MONITORING anomaly_detected aligns precisely with LOGS metrics,MONITORING anomaly_detected aligns precisely with LOGS metrics,general,0.0,True,0.0,True,True,Train Ticket,delay,batch-01
rcaeval-06,hybrid,claim-17,Latency and socket metrics indicate connection pool / downstream (Mongo) pressure or thread exhaustion,Latency and socket metrics indicate connection pool / downstream (Mongo) pressure or thread exhaustion,causal,0.0,True,0.0,True,True,Train Ticket,delay,batch-01
rcaeval-06,hybrid,claim-18,LOGS contains only 4 INFO entries at 11:10:05,LOGS contains only 4 INFO entries at 11:10:05,temporal,0.0,True,0.0,True,True,Train Ticket,delay,batch-01
rcaeval-06,hybrid,claim-19,The 4 INFO entries show successful login flow for user fdse_microservice,The 4 INFO entries show successful login flow for user fdse_microservice,state,0.344,True,0.0,True,True,Train Ticket,delay,batch-01
rcaeval-06,hybrid,claim-20,LOGS contains NO WARN/ERROR/exception entries,LOGS contains NO WARN/ERROR/exception entries,state,0.0,True,0.0,True,True,Train Ticket,delay,batch-01
rcaeval-06,hybrid,claim-21,"Failure is saturation/latency-based, not an application crash","Failure is saturation/latency-based, not an application crash",causal,0.0,True,0.0,True,True,Train Ticket,delay,batch-01
rcaeval-06,hybrid,claim-22,TOPOLOGY (0.99) rules out node-level contention,TOPOLOGY (0.99) rules out node-level contention,state,0.0,True,0.0,True,True,Train Ticket,delay,batch-01
rcaeval-06,hybrid,claim-23,node-worker-01 has no external noisy neighbors (list contains only itself),node-worker-01 has no external noisy neighbors (list contains only itself),entity_relationship,0.72,False,0.0,True,False,Train Ticket,delay,batch-01
rcaeval-06,hybrid,claim-24,node-worker-01 has empty dependencies,node-worker-01 has empty dependencies,entity_relationship,0.72,False,0.0,True,False,Train Ticket,delay,batch-01
rcaeval-06,hybrid,claim-25,"DEPLOYMENTS (0.65, low confidence) shows 'Degraded' with null SHA/commit_msg","DEPLOYMENTS (0.65, low confidence) shows 'Degraded' with null SHA/commit_msg",state,0.0,True,0.5,False,False,Train Ticket,delay,batch-01
rcaeval-06,hybrid,claim-26,Deployment is an untracked/incomplete rollout,Deployment is an untracked/incomplete rollout,state,0.0,True,0.0,True,True,Train Ticket,delay,batch-01
rcaeval-06,hybrid,claim-27,Deployment cannot be correlated to the latency spike,Deployment cannot be correlated to the latency spike,causal,0.0,True,0.0,True,True,Train Ticket,delay,batch-01
rcaeval-06,hybrid,claim-28,Deployment is assessed as symptom/incomplete state rather than causative regression,Deployment is assessed as symptom/incomplete state rather than causative regression,causal,0.0,True,0.0,True,True,Train Ticket,delay,batch-01
rcaeval-06,hybrid,claim-29,"SECURITY (0.85) finding is a distinct, co-occurring issue","SECURITY (0.85) finding is a distinct, co-occurring issue",general,0.0,True,0.0,True,True,Train Ticket,delay,batch-01
rcaeval-06,hybrid,claim-30,TokenServiceImpl at 2024-01-22 11:10:05.046 logged 'LOGIN USER :fdse_microservice __ 111111 __ null',TokenServiceImpl at 2024-01-22 11:10:05.046 logged 'LOGIN USER :fdse_microservice __ 111111 __ null',temporal,0.366,True,1.0,False,False,Train Ticket,delay,batch-01
rcaeval-06,hybrid,claim-31,Log exposed plaintext password '111111' for user fdse_microservice,Log exposed plaintext password '111111' for user fdse_microservice,state,0.34,True,1.0,False,False,Train Ticket,delay,batch-01
rcaeval-06,hybrid,claim-32,Subsequent JWT in logs is correctly redacted as <JWT_REDACTED>,Subsequent JWT in logs is correctly redacted as <JWT_REDACTED>,state,0.0,True,1.0,False,False,Train Ticket,delay,batch-01
rcaeval-06,hybrid,claim-33,Subsequent USER ID in logs is correctly redacted as <UUID_REDACTED>,Subsequent USER ID in logs is correctly redacted as <UUID_REDACTED>,state,0.0,True,1.0,False,False,Train Ticket,delay,batch-01
rcaeval-06,hybrid,claim-34,"Redaction is inconsistent, proving inconsistent redaction practices","Redaction is inconsistent, proving inconsistent redaction practices",general,0.0,True,0.0,True,True,Train Ticket,delay,batch-01
rcaeval-06,hybrid,claim-35,Plaintext password logging violates secure logging practices,Plaintext password logging violates secure logging practices,general,0.0,True,1.0,False,False,Train Ticket,delay,batch-01
rcaeval-06,hybrid,claim-36,Plaintext password leak did not cause the latency,Plaintext password leak did not cause the latency,causal,0.0,True,0.0,True,True,Train Ticket,delay,batch-01
rcaeval-06,hybrid,claim-37,Plaintext password leak represents a concurrent CRITICAL/HIGH severity security failure,Plaintext password leak represents a concurrent CRITICAL/HIGH severity security failure,state,0.0,True,0.0,True,True,Train Ticket,delay,batch-01
rcaeval-06,hybrid,claim-38,Plaintext password leak requires immediate credential rotation,Plaintext password leak requires immediate credential rotation,general,0.0,True,0.0,True,True,Train Ticket,delay,batch-01
rcaeval-07,none,claim-1,Pod 'checkoutservice' has Failed,Pod 'checkoutservice' has Failed,state,0.713,False,1.0,False,True,Online Boutique,disk,batch-02
rcaeval-07,none,claim-2,Pod 'checkoutservice' is located on node-worker-01,Pod 'checkoutservice' is located on node-worker-01,entity_relationship,0.715,False,1.0,False,True,Online Boutique,disk,batch-02
rcaeval-07,none,claim-3,checkoutservice experienced severe internal CPU exhaustion of 43.7x,checkoutservice experienced severe internal CPU exhaustion of 43.7x,state,0.582,False,0.0,True,False,Online Boutique,disk,batch-02
rcaeval-07,none,claim-4,checkoutservice experienced severe internal memory exhaustion of 12.5x,checkoutservice experienced severe internal memory exhaustion of 12.5x,state,0.537,False,0.5,False,True,Online Boutique,disk,batch-02
rcaeval-07,none,claim-5,CPU and memory exhaustion caused unresponsiveness in checkoutservice,CPU and memory exhaustion caused unresponsiveness in checkoutservice,causal,0.569,False,0.0,True,False,Online Boutique,disk,batch-02
rcaeval-07,none,claim-6,CPU and memory exhaustion caused latency degradation,CPU and memory exhaustion caused latency degradation,causal,0.0,True,0.5,False,False,Online Boutique,disk,batch-02
rcaeval-07,none,claim-7,CPU and memory exhaustion caused self-induced node contention on node-worker-01,CPU and memory exhaustion caused self-induced node contention on node-worker-01,causal,0.723,False,0.5,False,True,Online Boutique,disk,batch-02
rcaeval-07,none,claim-8,Checkout functionality is down,Checkout functionality is down,state,0.509,False,0.5,False,True,Online Boutique,disk,batch-02
rcaeval-07,none,claim-9,Root cause is an internal application fault within checkoutservice itself,Root cause is an internal application fault within checkoutservice itself,causal,0.713,False,0.0,True,False,Online Boutique,disk,batch-02
rcaeval-07,none,claim-10,Internal application fault is characterized as memory leak / CPU spin / infinite loop,Internal application fault is characterized as memory leak / CPU spin / infinite loop,general,0.0,True,0.0,True,True,Online Boutique,disk,batch-02
rcaeval-07,none,claim-11,Internal application fault occurred after timestamp 1705373910,Internal application fault occurred after timestamp 1705373910,temporal,0.0,True,0.0,True,True,Online Boutique,disk,batch-02
rcaeval-07,none,claim-12,Root cause is not an external load,Root cause is not an external load,general,0.0,True,0.0,True,True,Online Boutique,disk,batch-02
rcaeval-07,none,claim-13,Root cause is not a deployment regression,Root cause is not a deployment regression,general,0.0,True,0.0,True,True,Online Boutique,disk,batch-02
rcaeval-07,none,claim-14,CPU mean spiked from 0.4091 to 17.87,CPU mean spiked from 0.4091 to 17.87,state,0.0,True,1.0,False,False,Online Boutique,disk,batch-02
rcaeval-07,none,claim-15,Memory mean spiked from 1.047e+07 to 1.314e+08,Memory mean spiked from 1.047e+07 to 1.314e+08,state,0.0,True,1.0,False,False,Online Boutique,disk,batch-02
rcaeval-07,none,claim-16,Workload slightly decreased from 0.9243 to 0.8874,Workload slightly decreased from 0.9243 to 0.8874,state,0.0,True,1.0,False,False,Online Boutique,disk,batch-02
rcaeval-07,none,claim-17,"Resource spike is not load-driven, as proven by workload decrease","Resource spike is not load-driven, as proven by workload decrease",causal,0.0,True,0.0,True,True,Online Boutique,disk,batch-02
rcaeval-07,none,claim-18,Number of sockets increased from 9 to 11.96,Number of sockets increased from 9 to 11.96,state,0.0,True,1.0,False,False,Online Boutique,disk,batch-02
rcaeval-07,none,claim-19,Latency p50 increased from 0.2745 to 0.3588,Latency p50 increased from 0.2745 to 0.3588,state,0.0,True,1.0,False,False,Online Boutique,disk,batch-02
rcaeval-07,none,claim-20,Latency p90 increased from 0.7253 to 0.7752,Latency p90 increased from 0.7253 to 0.7752,state,0.0,True,1.0,False,False,Online Boutique,disk,batch-02
rcaeval-07,none,claim-21,Sockets and latency increases occurred concurrently with the CPU and memory spike,Sockets and latency increases occurred concurrently with the CPU and memory spike,temporal,0.0,True,0.0,True,True,Online Boutique,disk,batch-02
rcaeval-07,none,claim-22,There is an absence of checkoutservice log entries despite the resource spike,There is an absence of checkoutservice log entries despite the resource spike,state,0.554,False,0.0,True,False,Online Boutique,disk,batch-02
rcaeval-07,none,claim-23,Absence of checkoutservice log entries indicates process hang/crash/unresponsiveness,Absence of checkoutservice log entries indicates process hang/crash/unresponsiveness,causal,0.553,False,0.0,True,False,Online Boutique,disk,batch-02
rcaeval-07,none,claim-24,Topology confirms checkoutservice has no dependencies,Topology confirms checkoutservice has no dependencies,entity_relationship,0.713,False,0.0,True,False,Online Boutique,disk,batch-02
rcaeval-07,none,claim-25,checkoutservice is listed as its own noisy neighbor on node-worker-01,checkoutservice is listed as its own noisy neighbor on node-worker-01,entity_relationship,0.713,False,1.0,False,True,Online Boutique,disk,batch-02
rcaeval-07,none,claim-26,checkoutservice is saturating node-worker-01 itself,checkoutservice is saturating node-worker-01 itself,entity_relationship,0.713,False,0.5,False,True,Online Boutique,disk,batch-02
rcaeval-07,none,claim-27,There are no external noisy neighbors on node-worker-01,There are no external noisy neighbors on node-worker-01,entity_relationship,0.723,False,0.0,True,False,Online Boutique,disk,batch-02
rcaeval-07,none,claim-28,redis_diskio increased from 2970 to 4542,redis_diskio increased from 2970 to 4542,state,0.358,True,1.0,False,False,Online Boutique,disk,batch-02
rcaeval-07,none,claim-29,redis_diskio increase is a secondary downstream effect of the checkoutservice fault,redis_diskio increase is a secondary downstream effect of the checkoutservice fault,causal,0.539,False,1.0,False,True,Online Boutique,disk,batch-02
rcaeval-07,none,claim-30,cartservice shows no significant change,cartservice shows no significant change,state,0.0,True,0.0,True,True,Online Boutique,disk,batch-02
rcaeval-07,none,claim-31,paymentservice shows no significant change,paymentservice shows no significant change,state,0.0,True,0.0,True,True,Online Boutique,disk,batch-02
rcaeval-07,none,claim-32,productcatalogservice shows no significant change,productcatalogservice shows no significant change,state,0.0,True,0.0,True,True,Online Boutique,disk,batch-02
rcaeval-07,none,claim-33,Fault is isolated to checkoutservice,Fault is isolated to checkoutservice,entity_relationship,0.713,False,0.0,True,False,Online Boutique,disk,batch-02
rcaeval-07,none,claim-34,Deployment status is Degraded,Deployment status is Degraded,state,0.0,True,0.5,False,False,Online Boutique,disk,batch-02
rcaeval-07,none,claim-35,Deployment sha is null,Deployment sha is null,state,0.0,True,0.0,True,True,Online Boutique,disk,batch-02
rcaeval-07,none,claim-36,Deployment commit_msg is null,Deployment commit_msg is null,state,0.0,True,0.0,True,True,Online Boutique,disk,batch-02
rcaeval-07,none,claim-37,Git-based regression cannot be correlated due to null sha and commit_msg,Git-based regression cannot be correlated due to null sha and commit_msg,causal,0.0,True,0.0,True,True,Online Boutique,disk,batch-02
rcaeval-07,none,claim-38,Git-based regression is ruled out as a confirmed cause,Git-based regression is ruled out as a confirmed cause,general,0.0,True,0.5,False,False,Online Boutique,disk,batch-02
rcaeval-07,none,claim-39,Security agent confirms no breach,Security agent confirms no breach,state,0.0,True,0.0,True,True,Online Boutique,disk,batch-02
rcaeval-07,none,claim-40,Security agent confirms no secret issues,Security agent confirms no secret issues,state,0.0,True,0.0,True,True,Online Boutique,disk,batch-02
rcaeval-07,none,claim-41,Security agent confirms no RBAC issues,Security agent confirms no RBAC issues,state,0.0,True,0.0,True,True,Online Boutique,disk,batch-02
rcaeval-07,raw,claim-1,Pod 'checkoutservice' has Failed,Pod 'checkoutservice' has Failed,state,0.713,False,1.0,False,True,Online Boutique,disk,batch-02
rcaeval-07,raw,claim-2,Pod 'checkoutservice' experienced severe isolated resource exhaustion,Pod 'checkoutservice' experienced severe isolated resource exhaustion,state,0.715,False,0.0,True,False,Online Boutique,disk,batch-02
rcaeval-07,raw,claim-3,CPU spiked catastrophically on checkoutservice,CPU spiked catastrophically on checkoutservice,state,0.58,False,0.5,False,True,Online Boutique,disk,batch-02
rcaeval-07,raw,claim-4,Memory spiked catastrophically on checkoutservice,Memory spiked catastrophically on checkoutservice,state,0.533,False,0.5,False,True,Online Boutique,disk,batch-02
rcaeval-07,raw,claim-5,CPU and memory spike occurred despite slightly decreased workload,CPU and memory spike occurred despite slightly decreased workload,state,0.0,True,0.0,True,True,Online Boutique,disk,batch-02
rcaeval-07,raw,claim-6,Resource exhaustion caused downstream latency increase,Resource exhaustion caused downstream latency increase,causal,0.0,True,0.0,True,True,Online Boutique,disk,batch-02
rcaeval-07,raw,claim-7,Resource exhaustion caused pod failure of checkoutservice,Resource exhaustion caused pod failure of checkoutservice,causal,0.713,False,1.0,False,True,Online Boutique,disk,batch-02
rcaeval-07,raw,claim-8,Impact is isolated to checkoutservice,Impact is isolated to checkoutservice,entity_relationship,0.713,False,0.5,False,True,Online Boutique,disk,batch-02
rcaeval-07,raw,claim-9,No blast radius to cartservice,No blast radius to cartservice,entity_relationship,0.0,True,0.0,True,True,Online Boutique,disk,batch-02
rcaeval-07,raw,claim-10,No blast radius to paymentservice,No blast radius to paymentservice,entity_relationship,0.0,True,0.0,True,True,Online Boutique,disk,batch-02
rcaeval-07,raw,claim-11,No blast radius to productcatalogservice,No blast radius to productcatalogservice,entity_relationship,0.0,True,0.0,True,True,Online Boutique,disk,batch-02
rcaeval-07,raw,claim-12,Root cause is an internal application-level defect in checkoutservice,Root cause is an internal application-level defect in checkoutservice,causal,0.713,False,0.0,True,False,Online Boutique,disk,batch-02
rcaeval-07,raw,claim-13,The defect is characterized as memory leak / infinite loop / CPU hog,The defect is characterized as memory leak / infinite loop / CPU hog,general,0.0,True,0.0,True,True,Online Boutique,disk,batch-02
rcaeval-07,raw,claim-14,The internal defect caused non-load-induced exhaustion,The internal defect caused non-load-induced exhaustion,causal,0.0,True,0.0,True,True,Online Boutique,disk,batch-02
rcaeval-07,raw,claim-15,CPU mean increased 43.7x from 0.4091 to 17.87,CPU mean increased 43.7x from 0.4091 to 17.87,state,0.0,True,0.5,False,False,Online Boutique,disk,batch-02
rcaeval-07,raw,claim-16,Memory mean increased 12.5x from 1.047e+07 to 1.314e+08,Memory mean increased 12.5x from 1.047e+07 to 1.314e+08,state,0.0,True,0.5,False,False,Online Boutique,disk,batch-02
rcaeval-07,raw,claim-17,CPU and memory increase occurred at timestamp 1705373910,CPU and memory increase occurred at timestamp 1705373910,temporal,0.0,True,0.0,True,True,Online Boutique,disk,batch-02
rcaeval-07,raw,claim-18,Workload decreased from 0.9243 to 0.8874 at the same time,Workload decreased from 0.9243 to 0.8874 at the same time,state,0.0,True,1.0,False,False,Online Boutique,disk,batch-02
rcaeval-07,raw,claim-19,Workload decrease proves exhaustion is not traffic-driven,Workload decrease proves exhaustion is not traffic-driven,causal,0.0,True,0.0,True,True,Online Boutique,disk,batch-02
rcaeval-07,raw,claim-20,Socket count increased from 9 to 11.96,Socket count increased from 9 to 11.96,state,0.0,True,0.5,False,False,Online Boutique,disk,batch-02
rcaeval-07,raw,claim-21,p50 latency increased from 0.2745 to 0.3588,p50 latency increased from 0.2745 to 0.3588,state,0.0,True,0.5,False,False,Online Boutique,disk,batch-02
rcaeval-07,raw,claim-22,p90 latency increased from 0.7253 to 0.7752,p90 latency increased from 0.7253 to 0.7752,state,0.0,True,0.5,False,False,Online Boutique,disk,batch-02
rcaeval-07,raw,claim-23,redis_diskio increased from 2970 to 4542,redis_diskio increased from 2970 to 4542,state,0.358,True,1.0,False,False,Online Boutique,disk,batch-02
rcaeval-07,raw,claim-24,Correlated secondary pressure confirms resource starvation,Correlated secondary pressure confirms resource starvation,general,0.0,True,0.0,True,True,Online Boutique,disk,batch-02
rcaeval-07,raw,claim-25,Topology confirms isolation on node-worker-01,Topology confirms isolation on node-worker-01,entity_relationship,0.723,False,0.0,True,False,Online Boutique,disk,batch-02
rcaeval-07,raw,claim-26,There were zero external noisy neighbors or contention on node-worker-01,There were zero external noisy neighbors or contention on node-worker-01,state,0.723,False,0.5,False,True,Online Boutique,disk,batch-02
rcaeval-07,raw,claim-27,Self-reference in topology is a data artifact,Self-reference in topology is a data artifact,general,0.0,True,0.0,True,True,Online Boutique,disk,batch-02
rcaeval-07,raw,claim-28,Security rules out breach/RBAC compromise,Security rules out breach/RBAC compromise,general,0.0,True,0.5,False,False,Online Boutique,disk,batch-02
rcaeval-07,raw,claim-29,Deployment status is Degraded,Deployment status is Degraded,state,0.0,True,0.0,True,True,Online Boutique,disk,batch-02
rcaeval-07,raw,claim-30,Deployment provides no correlating commit SHA/message (null),Deployment provides no correlating commit SHA/message (null),state,0.0,True,0.0,True,True,Online Boutique,disk,batch-02
rcaeval-07,raw,claim-31,Deployment cannot confirm regression,Deployment cannot confirm regression,general,0.0,True,0.0,True,True,Online Boutique,disk,batch-02
rcaeval-07,raw,claim-32,No checkoutservice error logs were emitted,No checkoutservice error logs were emitted,state,0.71,False,1.0,False,True,Online Boutique,disk,batch-02
rcaeval-07,raw,claim-33,Absence of error logs is consistent with a silent resource hog/leak rather than handled exception,Absence of error logs is consistent with a silent resource hog/leak rather than handled exception,causal,0.0,True,0.0,True,True,Online Boutique,disk,batch-02
rcaeval-07,hybrid,claim-1,Pod 'checkoutservice' failed,Pod 'checkoutservice' failed,state,0.713,False,1.0,False,True,Online Boutique,disk,batch-02
rcaeval-07,hybrid,claim-2,The failure was caused by isolated severe CPU/memory exhaustion,The failure was caused by isolated severe CPU/memory exhaustion,causal,0.0,True,0.0,True,True,Online Boutique,disk,batch-02
rcaeval-07,hybrid,claim-3,The CPU/memory exhaustion caused ~30% latency degradation,The CPU/memory exhaustion caused ~30% latency degradation,causal,0.0,True,0.0,True,True,Online Boutique,disk,batch-02
rcaeval-07,hybrid,claim-4,The CPU/memory exhaustion caused node-level resource contention on node-worker-01,The CPU/memory exhaustion caused node-level resource contention on node-worker-01,causal,0.723,False,0.0,True,False,Online Boutique,disk,batch-02
rcaeval-07,hybrid,claim-5,The failure is isolated to checkoutservice,The failure is isolated to checkoutservice,state,0.71,False,0.0,True,False,Online Boutique,disk,batch-02
rcaeval-07,hybrid,claim-6,Sibling services remain stable,Sibling services remain stable,state,0.0,True,0.0,True,True,Online Boutique,disk,batch-02
rcaeval-07,hybrid,claim-7,No security breach was evidenced,No security breach was evidenced,state,0.0,True,0.0,True,True,Online Boutique,disk,batch-02
rcaeval-07,hybrid,claim-8,No deployment regression was evidenced,No deployment regression was evidenced,state,0.0,True,0.5,False,False,Online Boutique,disk,batch-02
rcaeval-07,hybrid,claim-9,"At approximately 1705373910, checkoutservice exhibited application-level resource exhaustion","At approximately 1705373910, checkoutservice exhibited application-level resource exhaustion",temporal,0.551,False,0.0,True,False,Online Boutique,disk,batch-02
rcaeval-07,hybrid,claim-10,CPU mean increased from 0.4091 to 17.87 (~43.7x),CPU mean increased from 0.4091 to 17.87 (~43.7x),state,0.0,True,0.0,True,True,Online Boutique,disk,batch-02
rcaeval-07,hybrid,claim-11,Memory increased from 1.047e+07 to 1.314e+08 (~12.5x),Memory increased from 1.047e+07 to 1.314e+08 (~12.5x),state,0.0,True,0.0,True,True,Online Boutique,disk,batch-02
rcaeval-07,hybrid,claim-12,The CPU and memory increase occurred within 12 minutes,The CPU and memory increase occurred within 12 minutes,temporal,0.0,True,0.0,True,True,Online Boutique,disk,batch-02
rcaeval-07,hybrid,claim-13,Socket count increased from 9 to 11.96,Socket count increased from 9 to 11.96,state,0.0,True,0.0,True,True,Online Boutique,disk,batch-02
rcaeval-07,hybrid,claim-14,p50 latency increased from 0.2745 to 0.3588 (+30.7%),p50 latency increased from 0.2745 to 0.3588 (+30.7%),state,0.0,True,0.5,False,False,Online Boutique,disk,batch-02
rcaeval-07,hybrid,claim-15,p90 latency increased from 0.7253 to 0.7752,p90 latency increased from 0.7253 to 0.7752,state,0.0,True,0.0,True,True,Online Boutique,disk,batch-02
rcaeval-07,hybrid,claim-16,Workload slightly decreased from 0.9243 to 0.8874 during the spike,Workload slightly decreased from 0.9243 to 0.8874 during the spike,state,0.0,True,0.0,True,True,Online Boutique,disk,batch-02
rcaeval-07,hybrid,claim-17,The resource spike was not load-driven,The resource spike was not load-driven,causal,0.0,True,0.0,True,True,Online Boutique,disk,batch-02
rcaeval-07,hybrid,claim-18,The spike is attributed to a CPU hog / memory leak / infinite loop,The spike is attributed to a CPU hog / memory leak / infinite loop,causal,0.0,True,0.0,True,True,Online Boutique,disk,batch-02
rcaeval-07,hybrid,claim-19,Topology confirms checkoutservice is the sole noisy neighbor on node-worker-01,Topology confirms checkoutservice is the sole noisy neighbor on node-worker-01,entity_relationship,0.713,False,0.5,False,True,Online Boutique,disk,batch-02
rcaeval-07,hybrid,claim-20,checkoutservice has no dependencies,checkoutservice has no dependencies,entity_relationship,0.713,False,0.5,False,True,Online Boutique,disk,batch-02
rcaeval-07,hybrid,claim-21,"checkoutservice is the source of contention, not a victim","checkoutservice is the source of contention, not a victim",causal,0.713,False,0.0,True,False,Online Boutique,disk,batch-02
rcaeval-07,hybrid,claim-22,Monitoring's single cumulative counter value is 95.0,Monitoring's single cumulative counter value is 95.0,state,0.0,True,0.0,True,True,Online Boutique,disk,batch-02
rcaeval-07,hybrid,claim-23,A counter value of 95.0 is consistent with CPU saturation but alone inconclusive,A counter value of 95.0 is consistent with CPU saturation but alone inconclusive,general,0.0,True,0.0,True,True,Online Boutique,disk,batch-02
rcaeval-07,hybrid,claim-24,The counter value corroborates the Logs-derived spike when rate/baseline is considered,The counter value corroborates the Logs-derived spike when rate/baseline is considered,general,0.0,True,0.0,True,True,Online Boutique,disk,batch-02
rcaeval-07,hybrid,claim-25,Degraded deployment 'checkoutservice-deploy' has null SHA and null commit_msg,Degraded deployment 'checkoutservice-deploy' has null SHA and null commit_msg,state,0.705,False,0.5,False,True,Online Boutique,disk,batch-02
rcaeval-07,hybrid,claim-26,No Git correlation to a recent rollout can be established for checkoutservice-deploy,No Git correlation to a recent rollout can be established for checkoutservice-deploy,general,0.698,False,0.0,True,False,Online Boutique,disk,batch-02
rcaeval-07,hybrid,claim-27,cartservice_cpu remained stable,cartservice_cpu remained stable,state,0.339,True,0.0,True,True,Online Boutique,disk,batch-02
rcaeval-07,hybrid,claim-28,paymentservice_cpu remained stable,paymentservice_cpu remained stable,state,0.0,True,0.0,True,True,Online Boutique,disk,batch-02
rcaeval-07,hybrid,claim-29,productcatalogservice_cpu remained stable,productcatalogservice_cpu remained stable,state,0.0,True,0.0,True,True,Online Boutique,disk,batch-02
rcaeval-07,hybrid,claim-30,"Frontend, payment, and email latencies remained stable","Frontend, payment, and email latencies remained stable",state,0.0,True,0.0,True,True,Online Boutique,disk,batch-02
rcaeval-07,hybrid,claim-31,Redis diskIO elevated from 2970 to 4542,Redis diskIO elevated from 2970 to 4542,state,0.0,True,1.0,False,False,Online Boutique,disk,batch-02
rcaeval-07,hybrid,claim-32,The elevated Redis diskIO appears secondary,The elevated Redis diskIO appears secondary,causal,0.0,True,1.0,False,False,Online Boutique,disk,batch-02
rcaeval-07,hybrid,claim-33,No security/RBAC/secret alerts were present,No security/RBAC/secret alerts were present,state,0.0,True,0.0,True,True,Online Boutique,disk,batch-02
rcaeval-08,none,claim-1,Pod 'carts' has Failed status,Pod 'carts' has Failed status,state,0.52,False,1.0,False,True,Sock Shop,disk,batch-02
rcaeval-08,none,claim-2,Pod 'carts' failure was caused by severe internal resource exhaustion,Pod 'carts' failure was caused by severe internal resource exhaustion,causal,0.0,True,1.0,False,False,Sock Shop,disk,batch-02
rcaeval-08,none,claim-3,CPU exhaustion caused the carts pod failure,CPU exhaustion caused the carts pod failure,causal,0.555,False,1.0,False,True,Sock Shop,disk,batch-02
rcaeval-08,none,claim-4,Memory exhaustion caused the carts pod failure,Memory exhaustion caused the carts pod failure,causal,0.525,False,1.0,False,True,Sock Shop,disk,batch-02
rcaeval-08,none,claim-5,Impact is isolated to the carts service,Impact is isolated to the carts service,state,0.509,False,0.0,True,False,Sock Shop,disk,batch-02
rcaeval-08,none,claim-6,Only a single pod (carts) failed,Only a single pod (carts) failed,state,0.508,False,1.0,False,True,Sock Shop,disk,batch-02
rcaeval-08,none,claim-7,Disk I/O is halted for the carts pod,Disk I/O is halted for the carts pod,state,0.544,False,0.0,True,False,Sock Shop,disk,batch-02
rcaeval-08,none,claim-8,DiskIO dropped to 0,DiskIO dropped to 0,state,0.0,True,0.0,True,True,Sock Shop,disk,batch-02
rcaeval-08,none,claim-9,DiskIO dropped from 3.086e+05 to 0,DiskIO dropped from 3.086e+05 to 0,state,0.0,True,0.5,False,False,Sock Shop,disk,batch-02
rcaeval-08,none,claim-10,p50 latency degraded by +49%,p50 latency degraded by +49%,state,0.0,True,0.5,False,False,Sock Shop,disk,batch-02
rcaeval-08,none,claim-11,p90 latency degraded by +63%,p90 latency degraded by +63%,state,0.0,True,0.5,False,False,Sock Shop,disk,batch-02
rcaeval-08,none,claim-12,There was no cascading impact to other pods,There was no cascading impact to other pods,state,0.0,True,0.0,True,True,Sock Shop,disk,batch-02
rcaeval-08,none,claim-13,There was no cascading impact to other nodes,There was no cascading impact to other nodes,state,0.0,True,0.0,True,True,Sock Shop,disk,batch-02
rcaeval-08,none,claim-14,High-confidence telemetry indicates application-level resource exhaustion,High-confidence telemetry indicates application-level resource exhaustion,general,0.0,True,0.0,True,True,Sock Shop,disk,batch-02
rcaeval-08,none,claim-15,Application-level resource exhaustion occurred after timestamp 1705817948,Application-level resource exhaustion occurred after timestamp 1705817948,temporal,0.0,True,0.0,True,True,Sock Shop,disk,batch-02
rcaeval-08,none,claim-16,The failure was not caused by an external regression,The failure was not caused by an external regression,causal,0.0,True,0.0,True,True,Sock Shop,disk,batch-02
rcaeval-08,none,claim-17,The failure was not caused by a deployment-driven regression,The failure was not caused by a deployment-driven regression,causal,0.0,True,0.0,True,True,Sock Shop,disk,batch-02
rcaeval-08,none,claim-18,LOGS telemetry has confidence 0.93,LOGS telemetry has confidence 0.93,state,0.0,True,0.0,True,True,Sock Shop,disk,batch-02
rcaeval-08,none,claim-19,CPU mean spiked 29.2x,CPU mean spiked 29.2x,state,0.0,True,0.0,True,True,Sock Shop,disk,batch-02
rcaeval-08,none,claim-20,CPU mean increased from 2.469 to 72.1,CPU mean increased from 2.469 to 72.1,state,0.0,True,0.5,False,False,Sock Shop,disk,batch-02
rcaeval-08,none,claim-21,Memory usage spiked 3.66x,Memory usage spiked 3.66x,state,0.0,True,0.0,True,True,Sock Shop,disk,batch-02
rcaeval-08,none,claim-22,Memory usage increased from 2.119e+08 to 7.756e+08,Memory usage increased from 2.119e+08 to 7.756e+08,state,0.0,True,1.0,False,False,Sock Shop,disk,batch-02
rcaeval-08,none,claim-23,"CPU spike, memory spike, diskIO drop to 0, and latency increases occurred concurrently","CPU spike, memory spike, diskIO drop to 0, and latency increases occurred concurrently",temporal,0.0,True,0.0,True,True,Sock Shop,disk,batch-02
rcaeval-08,none,claim-24,"Resource exhaustion pattern is consistent with an infinite loop, memory leak, or thread contention","Resource exhaustion pattern is consistent with an infinite loop, memory leak, or thread contention",general,0.0,True,0.0,True,True,Sock Shop,disk,batch-02
rcaeval-08,none,claim-25,"Infinite loop, memory leak, or thread contention caused the process to hang","Infinite loop, memory leak, or thread contention caused the process to hang",causal,0.0,True,0.0,True,True,Sock Shop,disk,batch-02
rcaeval-08,none,claim-26,The hung process caused I/O to halt,The hung process caused I/O to halt,causal,0.0,True,0.0,True,True,Sock Shop,disk,batch-02
rcaeval-08,none,claim-27,MONITORING confirms anomaly_detected for the Failed status with confidence 0.95,MONITORING confirms anomaly_detected for the Failed status with confidence 0.95,state,0.511,False,0.0,True,False,Sock Shop,disk,batch-02
rcaeval-08,none,claim-28,TOPOLOGY rules out external contention with confidence 0.99,TOPOLOGY rules out external contention with confidence 0.99,general,0.0,True,0.0,True,True,Sock Shop,disk,batch-02
rcaeval-08,none,claim-29,Pod 'carts' is isolated on node-worker-01,Pod 'carts' is isolated on node-worker-01,entity_relationship,0.71,False,1.0,False,True,Sock Shop,disk,batch-02
rcaeval-08,none,claim-30,Pod 'carts' has no dependencies,Pod 'carts' has no dependencies,entity_relationship,0.0,True,0.5,False,False,Sock Shop,disk,batch-02
rcaeval-08,none,claim-31,Pod 'carts' has no noisy neighbors,Pod 'carts' has no noisy neighbors,entity_relationship,0.0,True,0.5,False,False,Sock Shop,disk,batch-02
rcaeval-08,none,claim-32,The noisy_neighbors list contains only itself (carts),The noisy_neighbors list contains only itself (carts),state,0.0,True,0.5,False,False,Sock Shop,disk,batch-02
rcaeval-08,none,claim-33,SECURITY rules out breach/RBAC causes with confidence 0.80,SECURITY rules out breach/RBAC causes with confidence 0.80,general,0.0,True,0.5,False,False,Sock Shop,disk,batch-02
rcaeval-08,none,claim-34,Deployment 'carts-deploy' is reported as Degraded,Deployment 'carts-deploy' is reported as Degraded,state,0.0,True,1.0,False,False,Sock Shop,disk,batch-02
rcaeval-08,none,claim-35,Deployment 'carts-deploy' report has low confidence 0.25,Deployment 'carts-deploy' report has low confidence 0.25,state,0.0,True,0.0,True,True,Sock Shop,disk,batch-02
rcaeval-08,none,claim-36,Deployment 'carts-deploy' has null SHA,Deployment 'carts-deploy' has null SHA,state,0.0,True,0.5,False,False,Sock Shop,disk,batch-02
rcaeval-08,none,claim-37,Deployment 'carts-deploy' has null commit_msg,Deployment 'carts-deploy' has null commit_msg,state,0.0,True,0.5,False,False,Sock Shop,disk,batch-02
rcaeval-08,none,claim-38,A Git-correlated regression cannot be confirmed due to null SHA and null commit_msg,A Git-correlated regression cannot be confirmed due to null SHA and null commit_msg,general,0.0,True,0.5,False,False,Sock Shop,disk,batch-02
rcaeval-08,none,claim-39,No [carts] log lines were present,No [carts] log lines were present,state,0.0,True,0.0,True,True,Sock Shop,disk,batch-02
rcaeval-08,none,claim-40,"No application error confirmation was present in logs, pointing to a hung/crashed process rather than logged errors","No application error confirmation was present in logs, pointing to a hung/crashed process rather than logged errors",state,0.0,True,0.0,True,True,Sock Shop,disk,batch-02
rcaeval-08,raw,claim-1,Pod 'carts' has Failed,Pod 'carts' has Failed,state,0.518,False,1.0,False,True,Sock Shop,disk,batch-02
rcaeval-08,raw,claim-2,Pod 'carts' failure was caused by isolated application-level resource exhaustion,Pod 'carts' failure was caused by isolated application-level resource exhaustion,causal,0.0,True,1.0,False,False,Sock Shop,disk,batch-02
rcaeval-08,raw,claim-3,Service is unavailable/hung,Service is unavailable/hung,state,0.0,True,0.0,True,True,Sock Shop,disk,batch-02
rcaeval-08,raw,claim-4,p50 latency increased by 49%,p50 latency increased by 49%,state,0.0,True,1.0,False,False,Sock Shop,disk,batch-02
rcaeval-08,raw,claim-5,p90 latency increased by 63%,p90 latency increased by 63%,state,0.0,True,1.0,False,False,Sock Shop,disk,batch-02
rcaeval-08,raw,claim-6,Cart functionality is degraded or down,Cart functionality is degraded or down,state,0.513,False,0.5,False,True,Sock Shop,disk,batch-02
rcaeval-08,raw,claim-7,Impact is isolated to carts pod on node-worker-01,Impact is isolated to carts pod on node-worker-01,entity_relationship,0.71,False,1.0,False,True,Sock Shop,disk,batch-02
rcaeval-08,raw,claim-8,carts-db remains stable,carts-db remains stable,state,0.0,True,0.0,True,True,Sock Shop,disk,batch-02
rcaeval-08,raw,claim-9,Other services remain stable,Other services remain stable,state,0.0,True,0.0,True,True,Sock Shop,disk,batch-02
rcaeval-08,raw,claim-10,There is no cluster-wide impact,There is no cluster-wide impact,state,0.0,True,0.0,True,True,Sock Shop,disk,batch-02
rcaeval-08,raw,claim-11,Resource exhaustion was caused by an application-level CPU-bound hang/infinite loop with memory pressure,Resource exhaustion was caused by an application-level CPU-bound hang/infinite loop with memory pressure,causal,0.0,True,0.0,True,True,Sock Shop,disk,batch-02
rcaeval-08,raw,claim-12,Cause is not infrastructure,Cause is not infrastructure,general,0.0,True,0.0,True,True,Sock Shop,disk,batch-02
rcaeval-08,raw,claim-13,Cause is not security,Cause is not security,general,0.0,True,0.0,True,True,Sock Shop,disk,batch-02
rcaeval-08,raw,claim-14,Logs Agent confidence is 0.93,Logs Agent confidence is 0.93,general,0.0,True,0.0,True,True,Sock Shop,disk,batch-02
rcaeval-08,raw,claim-15,Clear inflection occurred after timestamp 1705817948,Clear inflection occurred after timestamp 1705817948,temporal,0.0,True,0.0,True,True,Sock Shop,disk,batch-02
rcaeval-08,raw,claim-16,CPU mean spiked 29x from 2.469 to 72.1,CPU mean spiked 29x from 2.469 to 72.1,state,0.0,True,1.0,False,False,Sock Shop,disk,batch-02
rcaeval-08,raw,claim-17,Memory increased 3.66x from 2.119e+08 to 7.756e+08,Memory increased 3.66x from 2.119e+08 to 7.756e+08,state,0.0,True,0.5,False,False,Sock Shop,disk,batch-02
rcaeval-08,raw,claim-18,Disk I/O collapsed to 0 from 3.086e+05,Disk I/O collapsed to 0 from 3.086e+05,state,0.0,True,0.0,True,True,Sock Shop,disk,batch-02
rcaeval-08,raw,claim-19,Latency degradation occurred,Latency degradation occurred,state,0.0,True,0.5,False,False,Sock Shop,disk,batch-02
rcaeval-08,raw,claim-20,Topology Agent confidence is 0.99,Topology Agent confidence is 0.99,general,0.0,True,0.5,False,False,Sock Shop,disk,batch-02
rcaeval-08,raw,claim-21,Topology Agent eliminates noisy-neighbor contention as a cause,Topology Agent eliminates noisy-neighbor contention as a cause,causal,0.0,True,0.0,True,True,Sock Shop,disk,batch-02
rcaeval-08,raw,claim-22,Pod 'carts' is isolated on node-worker-01,Pod 'carts' is isolated on node-worker-01,entity_relationship,0.71,False,1.0,False,True,Sock Shop,disk,batch-02
rcaeval-08,raw,claim-23,There are no co-located pods on node-worker-01,There are no co-located pods on node-worker-01,state,0.71,False,0.0,True,False,Sock Shop,disk,batch-02
rcaeval-08,raw,claim-24,Security Agent confidence is 0.80,Security Agent confidence is 0.80,general,0.0,True,0.0,True,True,Sock Shop,disk,batch-02
rcaeval-08,raw,claim-25,Security Agent eliminates breach/RBAC/secret causes,Security Agent eliminates breach/RBAC/secret causes,general,0.0,True,0.0,True,True,Sock Shop,disk,batch-02
rcaeval-08,raw,claim-26,Monitoring Agent confidence is 0.35,Monitoring Agent confidence is 0.35,general,0.0,True,0.0,True,True,Sock Shop,disk,batch-02
rcaeval-08,raw,claim-27,Monitoring Agent is discounted as inconclusive,Monitoring Agent is discounted as inconclusive,general,0.0,True,0.0,True,True,Sock Shop,disk,batch-02
rcaeval-08,raw,claim-28,Single counter value 95.0 for container_cpu_usage_seconds_total is cumulative and requires rate() to interpret,Single counter value 95.0 for container_cpu_usage_seconds_total is cumulative and requires rate() to interpret,general,0.363,True,0.0,True,True,Sock Shop,disk,batch-02
rcaeval-08,raw,claim-29,Value 95.0 for container_cpu_usage_seconds_total alone is not anomalous,Value 95.0 for container_cpu_usage_seconds_total alone is not anomalous,state,0.382,True,0.0,True,True,Sock Shop,disk,batch-02
rcaeval-08,raw,claim-30,Deployments Agent confidence is 0.62,Deployments Agent confidence is 0.62,general,0.0,True,0.0,True,True,Sock Shop,disk,batch-02
rcaeval-08,raw,claim-31,carts-deploy is Degraded,carts-deploy is Degraded,state,0.0,True,0.5,False,False,Sock Shop,disk,batch-02
rcaeval-08,raw,claim-32,carts-deploy has null SHA/commit_msg,carts-deploy has null SHA/commit_msg,state,0.0,True,0.5,False,False,Sock Shop,disk,batch-02
rcaeval-08,raw,claim-33,Code regression cannot be verified due to null SHA/commit_msg,Code regression cannot be verified due to null SHA/commit_msg,general,0.0,True,0.0,True,True,Sock Shop,disk,batch-02
rcaeval-08,raw,claim-34,"Code regression is considered a symptom/secondary factor requiring investigation, not a confirmed root cause","Code regression is considered a symptom/secondary factor requiring investigation, not a confirmed root cause",causal,0.0,True,0.0,True,True,Sock Shop,disk,batch-02
rcaeval-08,hybrid,claim-1,Pod 'carts' has Failed,Pod 'carts' has Failed,state,0.518,False,1.0,False,True,Sock Shop,disk,batch-02
rcaeval-08,hybrid,claim-2,Pod 'carts' failed after ~1705817948,Pod 'carts' failed after ~1705817948,temporal,0.535,False,1.0,False,True,Sock Shop,disk,batch-02
rcaeval-08,hybrid,claim-3,Severe isolated CPU and memory pressure caused the failure of pod 'carts',Severe isolated CPU and memory pressure caused the failure of pod 'carts',causal,0.0,True,1.0,False,False,Sock Shop,disk,batch-02
rcaeval-08,hybrid,claim-4,Severe isolated CPU and memory pressure caused performance degradation,Severe isolated CPU and memory pressure caused performance degradation,causal,0.0,True,0.0,True,True,Sock Shop,disk,batch-02
rcaeval-08,hybrid,claim-5,Impact is isolated to 'carts',Impact is isolated to 'carts',state,0.0,True,0.5,False,False,Sock Shop,disk,batch-02
rcaeval-08,hybrid,claim-6,Carts latency p50 increased by 49%,Carts latency p50 increased by 49%,state,0.588,False,0.0,True,False,Sock Shop,disk,batch-02
rcaeval-08,hybrid,claim-7,Carts latency p90 increased by 63%,Carts latency p90 increased by 63%,state,0.58,False,0.0,True,False,Sock Shop,disk,batch-02
rcaeval-08,hybrid,claim-8,No degradation was observed in orders,No degradation was observed in orders,state,0.0,True,0.0,True,True,Sock Shop,disk,batch-02
rcaeval-08,hybrid,claim-9,No degradation was observed in front-end,No degradation was observed in front-end,state,0.0,True,0.0,True,True,Sock Shop,disk,batch-02
rcaeval-08,hybrid,claim-10,No degradation was observed in shipping,No degradation was observed in shipping,state,0.0,True,0.0,True,True,Sock Shop,disk,batch-02
rcaeval-08,hybrid,claim-11,No degradation was observed in queue-master,No degradation was observed in queue-master,state,0.0,True,0.0,True,True,Sock Shop,disk,batch-02
rcaeval-08,hybrid,claim-12,No degradation was observed in carts-db,No degradation was observed in carts-db,state,0.0,True,0.0,True,True,Sock Shop,disk,batch-02
rcaeval-08,hybrid,claim-13,Service 'carts' is unavailable,Service 'carts' is unavailable,state,0.0,True,0.0,True,True,Sock Shop,disk,batch-02
rcaeval-08,hybrid,claim-14,"Post-1705817948, pod 'carts' entered a CPU-bound hang / resource exhaustion state","Post-1705817948, pod 'carts' entered a CPU-bound hang / resource exhaustion state",temporal,0.0,True,0.5,False,False,Sock Shop,disk,batch-02
rcaeval-08,hybrid,claim-15,CPU mean increased from 2.469 to 72.1 (~29.2x),CPU mean increased from 2.469 to 72.1 (~29.2x),state,0.0,True,0.0,True,True,Sock Shop,disk,batch-02
rcaeval-08,hybrid,claim-16,Memory increased from 2.119e+08 to 7.756e+08 (~3.66x),Memory increased from 2.119e+08 to 7.756e+08 (~3.66x),state,0.0,True,0.5,False,False,Sock Shop,disk,batch-02
rcaeval-08,hybrid,claim-17,diskIO decreased from 3.086e+05 to 0,diskIO decreased from 3.086e+05 to 0,state,0.0,True,0.0,True,True,Sock Shop,disk,batch-02
rcaeval-08,hybrid,claim-18,Socket count increased from 12.06 to 14.24,Socket count increased from 12.06 to 14.24,state,0.0,True,0.0,True,True,Sock Shop,disk,batch-02
rcaeval-08,hybrid,claim-19,Elevated latency occurred post-1705817948,Elevated latency occurred post-1705817948,state,0.0,True,0.0,True,True,Sock Shop,disk,batch-02
rcaeval-08,hybrid,claim-20,The pattern of CPU/memory spike plus diskIO collapse to zero plus latency increase plus socket buildup indicates an internal application fault,The pattern of CPU/memory spike plus diskIO collapse to zero plus latency increase plus socket buildup indicates an internal application fault,causal,0.0,True,0.0,True,True,Sock Shop,disk,batch-02
rcaeval-08,hybrid,claim-21,"The internal application fault may be an infinite loop, deadlock/spin, or memory leak","The internal application fault may be an infinite loop, deadlock/spin, or memory leak",general,0.0,True,0.0,True,True,Sock Shop,disk,batch-02
rcaeval-08,hybrid,claim-22,The internal application fault led to memory pressure and unresponsiveness,The internal application fault led to memory pressure and unresponsiveness,causal,0.0,True,0.0,True,True,Sock Shop,disk,batch-02
rcaeval-08,hybrid,claim-23,The fault is not due to external contention,The fault is not due to external contention,general,0.0,True,0.0,True,True,Sock Shop,disk,batch-02
rcaeval-08,hybrid,claim-24,No carts container logs were emitted in the window,No carts container logs were emitted in the window,state,0.514,False,0.0,True,False,Sock Shop,disk,batch-02
rcaeval-08,hybrid,claim-25,Only unrelated front-end/user logs were emitted in the window,Only unrelated front-end/user logs were emitted in the window,state,0.0,True,0.0,True,True,Sock Shop,disk,batch-02
rcaeval-08,hybrid,claim-26,Absence of carts logs is consistent with a process hang,Absence of carts logs is consistent with a process hang,causal,0.539,False,0.0,True,False,Sock Shop,disk,batch-02
rcaeval-08,hybrid,claim-27,Pod 'carts' is isolated on node-worker-01,Pod 'carts' is isolated on node-worker-01,entity_relationship,0.71,False,1.0,False,True,Sock Shop,disk,batch-02
rcaeval-08,hybrid,claim-28,There were no co-located noisy neighbors on node-worker-01,There were no co-located noisy neighbors on node-worker-01,state,0.71,False,0.0,True,False,Sock Shop,disk,batch-02
rcaeval-08,hybrid,claim-29,noisy_neighbors equals ['carts'] only,noisy_neighbors equals ['carts'] only,state,0.0,True,1.0,False,False,Sock Shop,disk,batch-02
rcaeval-08,hybrid,claim-30,dependencies equals [] (empty),dependencies equals [] (empty),entity_relationship,0.0,True,0.0,True,True,Sock Shop,disk,batch-02
rcaeval-08,hybrid,claim-31,Noisy-neighbor contention is ruled out,Noisy-neighbor contention is ruled out,general,0.0,True,0.5,False,False,Sock Shop,disk,batch-02
rcaeval-08,hybrid,claim-32,Security issue is ruled out,Security issue is ruled out,general,0.0,True,0.0,True,True,Sock Shop,disk,batch-02
rcaeval-08,hybrid,claim-33,Deployment degradation is low-confidence,Deployment degradation is low-confidence,general,0.0,True,0.0,True,True,Sock Shop,disk,batch-02
rcaeval-08,hybrid,claim-34,sha/commit_msg is null,sha/commit_msg is null,state,0.0,True,0.0,True,True,Sock Shop,disk,batch-02
rcaeval-08,hybrid,claim-35,Deployment cannot be correlated to a code change,Deployment cannot be correlated to a code change,general,0.0,True,0.0,True,True,Sock Shop,disk,batch-02
rcaeval-09,none,claim-1,Pod 'ts-auth-service' is in Failed state,Pod 'ts-auth-service' is in Failed state,state,0.713,False,1.0,False,True,Train Ticket,disk,batch-02
rcaeval-09,none,claim-2,Pod 'ts-auth-service' is in Failed state due to an isolated critical resource anomaly,Pod 'ts-auth-service' is in Failed state due to an isolated critical resource anomaly,causal,0.713,False,0.5,False,True,Train Ticket,disk,batch-02
rcaeval-09,none,claim-3,The isolated critical resource anomaly caused ~2.3x p50 latency degradation,The isolated critical resource anomaly caused ~2.3x p50 latency degradation,causal,0.0,True,0.0,True,True,Train Ticket,disk,batch-02
rcaeval-09,none,claim-4,The isolated critical resource anomaly caused service unavailability of ts-auth-service,The isolated critical resource anomaly caused service unavailability of ts-auth-service,causal,0.71,False,0.5,False,True,Train Ticket,disk,batch-02
rcaeval-09,none,claim-5,Impact is isolated to ts-auth-service,Impact is isolated to ts-auth-service,state,0.698,False,0.0,True,False,Train Ticket,disk,batch-02
rcaeval-09,none,claim-6,There is no evidence of cascading failure to co-located services,There is no evidence of cascading failure to co-located services,state,0.0,True,0.0,True,True,Train Ticket,disk,batch-02
rcaeval-09,none,claim-7,"At timestamp 1705980016, ts-auth-service exhibited an isolated disk IO mean spike","At timestamp 1705980016, ts-auth-service exhibited an isolated disk IO mean spike",temporal,0.591,False,0.0,True,False,Train Ticket,disk,batch-02
rcaeval-09,none,claim-8,ts-auth-service disk IO mean increased from 1.576e+06 to 1.068e+10,ts-auth-service disk IO mean increased from 1.576e+06 to 1.068e+10,state,0.606,False,0.5,False,True,Train Ticket,disk,batch-02
rcaeval-09,none,claim-9,ts-auth-service disk IO mean increase was ~6777x,ts-auth-service disk IO mean increase was ~6777x,state,0.604,False,0.5,False,True,Train Ticket,disk,batch-02
rcaeval-09,none,claim-10,ts-auth-service p50 latency increased from 0.4129 to 0.9688 coupled with the disk IO spike,ts-auth-service p50 latency increased from 0.4129 to 0.9688 coupled with the disk IO spike,state,0.71,False,0.5,False,True,Train Ticket,disk,batch-02
rcaeval-09,none,claim-11,ts-auth-service p50 latency increase was ~2.3x,ts-auth-service p50 latency increase was ~2.3x,state,0.611,False,0.5,False,True,Train Ticket,disk,batch-02
rcaeval-09,none,claim-12,"All other services (ts-food-map, ts-travel, ts-route, ts-route-plan, ts-admin-travel, ts-user, ts-execute, ts-order) showed only ~2x diskio increase","All other services (ts-food-map, ts-travel, ts-route, ts-route-plan, ts-admin-travel, ts-user, ts-execute, ts-order) showed only ~2x diskio increase",state,0.0,True,1.0,False,False,Train Ticket,disk,batch-02
rcaeval-09,none,claim-13,The disk IO pattern is isolated to ts-auth-service rather than node-wide contention,The disk IO pattern is isolated to ts-auth-service rather than node-wide contention,general,0.71,False,0.5,False,True,Train Ticket,disk,batch-02
rcaeval-09,none,claim-14,The pattern confirms internal pod-specific performance degradation / disk IO exhaustion rather than node-wide contention,The pattern confirms internal pod-specific performance degradation / disk IO exhaustion rather than node-wide contention,causal,0.0,True,0.0,True,True,Train Ticket,disk,batch-02
rcaeval-09,none,claim-15,Topology confirms ts-auth-service pod is isolated on node-worker-01,Topology confirms ts-auth-service pod is isolated on node-worker-01,entity_relationship,0.713,False,1.0,False,True,Train Ticket,disk,batch-02
rcaeval-09,none,claim-16,ts-auth-service pod has no dependencies,ts-auth-service pod has no dependencies,entity_relationship,0.713,False,0.0,True,False,Train Ticket,disk,batch-02
rcaeval-09,none,claim-17,ts-auth-service is the only entry in noisy_neighbors (self-listed),ts-auth-service is the only entry in noisy_neighbors (self-listed),entity_relationship,0.713,False,0.5,False,True,Train Ticket,disk,batch-02
rcaeval-09,none,claim-18,Noisy neighbor contention is ruled out,Noisy neighbor contention is ruled out,general,0.0,True,0.5,False,False,Train Ticket,disk,batch-02
rcaeval-09,none,claim-19,No deployment correlation is possible for ts-auth-service,No deployment correlation is possible for ts-auth-service,general,0.698,False,0.5,False,True,Train Ticket,disk,batch-02
rcaeval-09,none,claim-20,ts-auth-service-deploy is in Degraded state,ts-auth-service-deploy is in Degraded state,state,0.693,False,0.5,False,True,Train Ticket,disk,batch-02
rcaeval-09,none,claim-21,ts-auth-service-deploy sha is null,ts-auth-service-deploy sha is null,state,0.693,False,0.5,False,True,Train Ticket,disk,batch-02
rcaeval-09,none,claim-22,ts-auth-service-deploy commit_msg is null,ts-auth-service-deploy commit_msg is null,state,0.693,False,0.5,False,True,Train Ticket,disk,batch-02
rcaeval-09,none,claim-23,Deployment correlation confidence is 0.25,Deployment correlation confidence is 0.25,state,0.0,True,0.0,True,True,Train Ticket,disk,batch-02
rcaeval-09,none,claim-24,No credential leak is confirmed in the provided logs,No credential leak is confirmed in the provided logs,state,0.0,True,0.0,True,True,Train Ticket,disk,batch-02
rcaeval-09,none,claim-25,12 INFO logs from other services contain no secrets/PII,12 INFO logs from other services contain no secrets/PII,state,0.0,True,0.0,True,True,Train Ticket,disk,batch-02
rcaeval-09,none,claim-26,No ts-auth-service logs were present for direct inspection,No ts-auth-service logs were present for direct inspection,state,0.713,False,1.0,False,True,Train Ticket,disk,batch-02
rcaeval-09,none,claim-27,The massive isolated disk read pattern is consistent with bulk store dumping,The massive isolated disk read pattern is consistent with bulk store dumping,general,0.0,True,0.0,True,True,Train Ticket,disk,batch-02
rcaeval-09,none,claim-28,The massive isolated disk read pattern warrants forensic review,The massive isolated disk read pattern warrants forensic review,general,0.0,True,0.0,True,True,Train Ticket,disk,batch-02
rcaeval-09,raw,claim-1,Pod ts-auth-service has Failed status,Pod ts-auth-service has Failed status,state,0.713,False,1.0,False,True,Train Ticket,disk,batch-02
rcaeval-09,raw,claim-2,ts-auth-service failure was due to severe isolated resource exhaustion,ts-auth-service failure was due to severe isolated resource exhaustion,causal,0.71,False,0.5,False,True,Train Ticket,disk,batch-02
rcaeval-09,raw,claim-3,ts-auth-service experienced a ~6777x disk IO spike,ts-auth-service experienced a ~6777x disk IO spike,state,0.71,False,1.0,False,True,Train Ticket,disk,batch-02
rcaeval-09,raw,claim-4,The disk IO spike correlated with a ~2.35x p50 latency increase,The disk IO spike correlated with a ~2.35x p50 latency increase,general,0.0,True,0.0,True,True,Train Ticket,disk,batch-02
rcaeval-09,raw,claim-5,The disk IO spike correlated with critical high CPU usage,The disk IO spike correlated with critical high CPU usage,general,0.0,True,0.0,True,True,Train Ticket,disk,batch-02
rcaeval-09,raw,claim-6,"The disk IO spike, latency increase and high CPU caused performance degradation","The disk IO spike, latency increase and high CPU caused performance degradation",causal,0.0,True,0.0,True,True,Train Ticket,disk,batch-02
rcaeval-09,raw,claim-7,Performance degradation caused service failure of ts-auth-service,Performance degradation caused service failure of ts-auth-service,causal,0.713,False,0.5,False,True,Train Ticket,disk,batch-02
rcaeval-09,raw,claim-8,Impact is isolated to ts-auth-service,Impact is isolated to ts-auth-service,state,0.698,False,0.0,True,False,Train Ticket,disk,batch-02
rcaeval-09,raw,claim-9,No contention from co-located pods contributed to the failure,No contention from co-located pods contributed to the failure,state,0.0,True,0.0,True,True,Train Ticket,disk,batch-02
rcaeval-09,raw,claim-10,Authentication functionality is unavailable,Authentication functionality is unavailable,state,0.0,True,0.0,True,True,Train Ticket,disk,batch-02
rcaeval-09,raw,claim-11,Root cause is internal disk IO saturation within ts-auth-service,Root cause is internal disk IO saturation within ts-auth-service,causal,0.713,False,1.0,False,True,Train Ticket,disk,batch-02
rcaeval-09,raw,claim-12,Root cause is internal resource exhaustion within ts-auth-service,Root cause is internal resource exhaustion within ts-auth-service,causal,0.713,False,0.5,False,True,Train Ticket,disk,batch-02
rcaeval-09,raw,claim-13,Root cause is not external contention,Root cause is not external contention,general,0.0,True,0.5,False,False,Train Ticket,disk,batch-02
rcaeval-09,raw,claim-14,Root cause is not deployment regression,Root cause is not deployment regression,general,0.0,True,0.5,False,False,Train Ticket,disk,batch-02
rcaeval-09,raw,claim-15,Root cause is not a confirmed security breach,Root cause is not a confirmed security breach,general,0.0,True,0.5,False,False,Train Ticket,disk,batch-02
rcaeval-09,raw,claim-16,"At timestamp 1705980016, ts-auth-service diskio mean jumped from 1.576e+06 to 1.068e+10","At timestamp 1705980016, ts-auth-service diskio mean jumped from 1.576e+06 to 1.068e+10",temporal,0.633,False,0.5,False,True,Train Ticket,disk,batch-02
rcaeval-09,raw,claim-17,The diskio jump represents a ~6777x increase,The diskio jump represents a ~6777x increase,state,0.0,True,0.0,True,True,Train Ticket,disk,batch-02
rcaeval-09,raw,claim-18,"At the same window around 1705980016, p50 latency rose from 0.4129 to 0.9688","At the same window around 1705980016, p50 latency rose from 0.4129 to 0.9688",temporal,0.0,True,0.5,False,False,Train Ticket,disk,batch-02
rcaeval-09,raw,claim-19,The p50 latency rise represents a ~2.35x increase,The p50 latency rise represents a ~2.35x increase,state,0.0,True,0.5,False,False,Train Ticket,disk,batch-02
rcaeval-09,raw,claim-20,"Peer services ts-food-map, ts-travel, ts-route and others showed only ~2x diskio increase in the same window","Peer services ts-food-map, ts-travel, ts-route and others showed only ~2x diskio increase in the same window",state,0.0,True,0.5,False,False,Train Ticket,disk,batch-02
rcaeval-09,raw,claim-21,The disk IO anomaly is isolated to ts-auth-service compared to peers,The disk IO anomaly is isolated to ts-auth-service compared to peers,state,0.71,False,0.5,False,True,Train Ticket,disk,batch-02
rcaeval-09,raw,claim-22,MONITORING reported critical high CPU usage for ts-auth-service,MONITORING reported critical high CPU usage for ts-auth-service,state,0.713,False,0.0,True,False,Train Ticket,disk,batch-02
rcaeval-09,raw,claim-23,Critical high CPU usage is consistent with IO-wait/saturation,Critical high CPU usage is consistent with IO-wait/saturation,causal,0.0,True,0.0,True,True,Train Ticket,disk,batch-02
rcaeval-09,raw,claim-24,TOPOLOGY confirms ts-auth-service is the sole noisy neighbor on node-worker-01,TOPOLOGY confirms ts-auth-service is the sole noisy neighbor on node-worker-01,entity_relationship,0.713,False,0.5,False,True,Train Ticket,disk,batch-02
rcaeval-09,raw,claim-25,ts-auth-service pod is located on node-worker-01,ts-auth-service pod is located on node-worker-01,entity_relationship,0.71,False,1.0,False,True,Train Ticket,disk,batch-02
rcaeval-09,raw,claim-26,ts-auth-service has no dependencies,ts-auth-service has no dependencies,entity_relationship,0.698,False,0.5,False,True,Train Ticket,disk,batch-02
rcaeval-09,raw,claim-27,No external noisy neighbors were detected on node-worker-01,No external noisy neighbors were detected on node-worker-01,state,0.72,False,0.0,True,False,Train Ticket,disk,batch-02
rcaeval-09,raw,claim-28,No ts-auth-service logs were present to provide error context,No ts-auth-service logs were present to provide error context,state,0.715,False,1.0,False,True,Train Ticket,disk,batch-02
rcaeval-09,raw,claim-29,Metric correlation indicates bulk disk read saturation caused CPU pressure,Metric correlation indicates bulk disk read saturation caused CPU pressure,causal,0.0,True,0.0,True,True,Train Ticket,disk,batch-02
rcaeval-09,raw,claim-30,Bulk disk read saturation caused latency degradation,Bulk disk read saturation caused latency degradation,causal,0.0,True,0.0,True,True,Train Ticket,disk,batch-02
rcaeval-09,raw,claim-31,CPU pressure and latency degradation led to Failed status,CPU pressure and latency degradation led to Failed status,causal,0.503,False,0.0,True,False,Train Ticket,disk,batch-02
rcaeval-09,hybrid,claim-1,ts-auth-service Pod is in Failed state,ts-auth-service Pod is in Failed state,state,0.71,False,1.0,False,True,Train Ticket,disk,batch-02
rcaeval-09,hybrid,claim-2,ts-auth-service failure was caused by isolated resource exhaustion,ts-auth-service failure was caused by isolated resource exhaustion,causal,0.713,False,0.5,False,True,Train Ticket,disk,batch-02
rcaeval-09,hybrid,claim-3,At timestamp 1705980016 disk IO spiked by ~6777x,At timestamp 1705980016 disk IO spiked by ~6777x,temporal,0.0,True,0.0,True,True,Train Ticket,disk,batch-02
rcaeval-09,hybrid,claim-4,At timestamp 1705980016 p50 latency increased by 2.35x,At timestamp 1705980016 p50 latency increased by 2.35x,temporal,0.0,True,1.0,False,False,Train Ticket,disk,batch-02
rcaeval-09,hybrid,claim-5,Disk IO spike and latency increase caused performance degradation,Disk IO spike and latency increase caused performance degradation,causal,0.0,True,0.0,True,True,Train Ticket,disk,batch-02
rcaeval-09,hybrid,claim-6,Disk IO spike and latency increase caused pod failure,Disk IO spike and latency increase caused pod failure,causal,0.0,True,0.5,False,False,Train Ticket,disk,batch-02
rcaeval-09,hybrid,claim-7,Performance degradation and pod failure occurred without correlated errors in other services,Performance degradation and pod failure occurred without correlated errors in other services,state,0.0,True,0.0,True,True,Train Ticket,disk,batch-02
rcaeval-09,hybrid,claim-8,Root cause is internal disk IO exhaustion/saturation specific to ts-auth-service,Root cause is internal disk IO exhaustion/saturation specific to ts-auth-service,causal,0.713,False,0.0,True,False,Train Ticket,disk,batch-02
rcaeval-09,hybrid,claim-9,Root cause is not external contention,Root cause is not external contention,general,0.0,True,0.0,True,True,Train Ticket,disk,batch-02
rcaeval-09,hybrid,claim-10,Root cause is not deployment regression,Root cause is not deployment regression,general,0.0,True,0.0,True,True,Train Ticket,disk,batch-02
rcaeval-09,hybrid,claim-11,Root cause is not credential leak,Root cause is not credential leak,general,0.0,True,0.0,True,True,Train Ticket,disk,batch-02
rcaeval-09,hybrid,claim-12,ts-auth-service diskio mean jumped from 1.576e+06 to 1.068e+10 (~6777x) at 1705980016,ts-auth-service diskio mean jumped from 1.576e+06 to 1.068e+10 (~6777x) at 1705980016,temporal,0.631,False,1.0,False,True,Train Ticket,disk,batch-02
rcaeval-09,hybrid,claim-13,ts-auth-service latency-50 increased from 0.4129 to 0.9688 (~2.35x) at 1705980016,ts-auth-service latency-50 increased from 0.4129 to 0.9688 (~2.35x) at 1705980016,temporal,0.632,False,0.0,True,False,Train Ticket,disk,batch-02
rcaeval-09,hybrid,claim-14,All other services showed only ~2x diskio increase at timestamp 1705980016,All other services showed only ~2x diskio increase at timestamp 1705980016,temporal,0.0,True,0.0,True,True,Train Ticket,disk,batch-02
rcaeval-09,hybrid,claim-15,Disparity between ~6777x increase for ts-auth-service and ~2x for other services proves isolation,Disparity between ~6777x increase for ts-auth-service and ~2x for other services proves isolation,causal,0.713,False,0.0,True,False,Train Ticket,disk,batch-02
rcaeval-09,hybrid,claim-16,Error metrics for other services dropped to 0 after timestamp 1705980016,Error metrics for other services dropped to 0 after timestamp 1705980016,temporal,0.339,True,0.0,True,True,Train Ticket,disk,batch-02
rcaeval-09,hybrid,claim-17,There was no correlated error spike in other services at 1705980016,There was no correlated error spike in other services at 1705980016,state,0.0,True,0.0,True,True,Train Ticket,disk,batch-02
rcaeval-09,hybrid,claim-18,No failure or error logs exist for ts-auth-service in the provided window,No failure or error logs exist for ts-auth-service in the provided window,state,0.713,False,0.5,False,True,Train Ticket,disk,batch-02
rcaeval-09,hybrid,claim-19,All 12 logs in the provided window are INFO level,All 12 logs in the provided window are INFO level,state,0.0,True,0.0,True,True,Train Ticket,disk,batch-02
rcaeval-09,hybrid,claim-20,"All 12 logs are from ts-travel-service, ts-route-service, and ts-basic-service","All 12 logs are from ts-travel-service, ts-route-service, and ts-basic-service",entity_relationship,0.35,True,0.0,True,True,Train Ticket,disk,batch-02
rcaeval-09,hybrid,claim-21,ts-auth-service experienced silent degradation without logged errors,ts-auth-service experienced silent degradation without logged errors,state,0.708,False,0.0,True,False,Train Ticket,disk,batch-02
rcaeval-09,hybrid,claim-22,Topology confirms ts-auth-service is isolated on node-worker-01,Topology confirms ts-auth-service is isolated on node-worker-01,entity_relationship,0.713,False,0.5,False,True,Train Ticket,disk,batch-02
rcaeval-09,hybrid,claim-23,There are no noisy neighbors on node-worker-01,There are no noisy neighbors on node-worker-01,state,0.72,False,0.0,True,False,Train Ticket,disk,batch-02
rcaeval-09,hybrid,claim-24,Isolation on node-worker-01 rules out external contention,Isolation on node-worker-01 rules out external contention,causal,0.72,False,0.0,True,False,Train Ticket,disk,batch-02
rcaeval-09,hybrid,claim-25,Security analysis confirms no credential leak or PII in logs,Security analysis confirms no credential leak or PII in logs,state,0.0,True,0.0,True,True,Train Ticket,disk,batch-02
rcaeval-09,hybrid,claim-26,Isolated resource abuse corroborates potential data exfiltration pattern requiring investigation,Isolated resource abuse corroborates potential data exfiltration pattern requiring investigation,general,0.0,True,0.0,True,True,Train Ticket,disk,batch-02
rcaeval-09,hybrid,claim-27,Deployment degraded status is discounted due to low confidence of 0.35,Deployment degraded status is discounted due to low confidence of 0.35,causal,0.0,True,0.0,True,True,Train Ticket,disk,batch-02
rcaeval-09,hybrid,claim-28,Git status is unavailable with sha null and commit_msg null,Git status is unavailable with sha null and commit_msg null,state,0.0,True,0.0,True,True,Train Ticket,disk,batch-02
rcaeval-09,hybrid,claim-29,Unavailable git status prevents correlation to a specific deployment regression,Unavailable git status prevents correlation to a specific deployment regression,causal,0.0,True,0.0,True,True,Train Ticket,disk,batch-02
rcaeval-10,none,claim-1,Pod 'checkoutservice' has Failed,Pod 'checkoutservice' has Failed,state,0.713,False,1.0,False,True,Online Boutique,loss,batch-02
rcaeval-10,none,claim-2,Checkoutservice p90 latency spiked 20.4x from 0.66s to 13.52s,Checkoutservice p90 latency spiked 20.4x from 0.66s to 13.52s,state,0.586,False,1.0,False,True,Online Boutique,loss,batch-02
rcaeval-10,none,claim-3,Checkoutservice throughput collapsed by 61.8%,Checkoutservice throughput collapsed by 61.8%,state,0.571,False,0.5,False,True,Online Boutique,loss,batch-02
rcaeval-10,none,claim-4,Frontend errors increased from 0 to 0.036,Frontend errors increased from 0 to 0.036,state,0.0,True,1.0,False,False,Online Boutique,loss,batch-02
rcaeval-10,none,claim-5,"Correlated workload drops occurred in paymentservice, emailservice, and shippingservice","Correlated workload drops occurred in paymentservice, emailservice, and shippingservice",state,0.0,True,0.0,True,True,Online Boutique,loss,batch-02
rcaeval-10,none,claim-6,"Workload drops in paymentservice, emailservice, and shippingservice indicate upstream failure propagation from checkoutservice","Workload drops in paymentservice, emailservice, and shippingservice indicate upstream failure propagation from checkoutservice",causal,0.54,False,0.0,True,False,Online Boutique,loss,batch-02
rcaeval-10,none,claim-7,Root cause is self-induced blocking/resource exhaustion within checkoutservice,Root cause is self-induced blocking/resource exhaustion within checkoutservice,causal,0.562,False,0.5,False,True,Online Boutique,loss,batch-02
rcaeval-10,none,claim-8,Root cause is not CPU saturation,Root cause is not CPU saturation,causal,0.0,True,0.0,True,True,Online Boutique,loss,batch-02
rcaeval-10,none,claim-9,Root cause is not external contention,Root cause is not external contention,causal,0.0,True,0.0,True,True,Online Boutique,loss,batch-02
rcaeval-10,none,claim-10,Checkoutservice exhibited high latency combined with low throughput,Checkoutservice exhibited high latency combined with low throughput,state,0.588,False,0.5,False,True,Online Boutique,loss,batch-02
rcaeval-10,none,claim-11,Checkoutservice CPU usage decreased from 0.4284 to 0.2997,Checkoutservice CPU usage decreased from 0.4284 to 0.2997,state,0.6,False,0.0,True,False,Online Boutique,loss,batch-02
rcaeval-10,none,claim-12,Checkoutservice memory usage increased by 31% to 1.491e+07,Checkoutservice memory usage increased by 31% to 1.491e+07,state,0.557,False,0.0,True,False,Online Boutique,loss,batch-02
rcaeval-10,none,claim-13,Checkoutservice socket count increased from 9 to 12.01,Checkoutservice socket count increased from 9 to 12.01,state,0.589,False,0.0,True,False,Online Boutique,loss,batch-02
rcaeval-10,none,claim-14,Checkoutservice logs were absent despite traffic,Checkoutservice logs were absent despite traffic,state,0.54,False,1.0,False,True,Online Boutique,loss,batch-02
rcaeval-10,none,claim-15,"The pattern of high latency, low throughput, decreased CPU, increased memory and sockets, and absent logs indicates thread pool saturation, connection/memory leak, or downstream hang","The pattern of high latency, low throughput, decreased CPU, increased memory and sockets, and absent logs indicates thread pool saturation, connection/memory leak, or downstream hang",causal,0.0,True,0.0,True,True,Online Boutique,loss,batch-02
rcaeval-10,none,claim-16,"Thread pool saturation, connection/memory leak, or downstream hang caused the service to block and fail to process requests","Thread pool saturation, connection/memory leak, or downstream hang caused the service to block and fail to process requests",causal,0.525,False,0.0,True,False,Online Boutique,loss,batch-02
rcaeval-10,none,claim-17,TOPOLOGY confirms checkoutservice is isolated on node-worker-01,TOPOLOGY confirms checkoutservice is isolated on node-worker-01,entity_relationship,0.71,False,0.5,False,True,Online Boutique,loss,batch-02
rcaeval-10,none,claim-18,Checkoutservice has 0 dependencies,Checkoutservice has 0 dependencies,entity_relationship,0.527,False,0.5,False,True,Online Boutique,loss,batch-02
rcaeval-10,none,claim-19,"Checkoutservice has no external noisy neighbors, only self-listed as noisy","Checkoutservice has no external noisy neighbors, only self-listed as noisy",entity_relationship,0.532,False,0.5,False,True,Online Boutique,loss,batch-02
rcaeval-10,none,claim-20,Contention is self-induced as proven by isolation and lack of external noisy neighbors,Contention is self-induced as proven by isolation and lack of external noisy neighbors,causal,0.0,True,0.0,True,True,Online Boutique,loss,batch-02
rcaeval-10,none,claim-21,MONITORING single CPU counter value is 95.0,MONITORING single CPU counter value is 95.0,state,0.0,True,0.0,True,True,Online Boutique,loss,batch-02
rcaeval-10,none,claim-22,MONITORING single CPU counter (95.0) is inconclusive,MONITORING single CPU counter (95.0) is inconclusive,general,0.0,True,0.0,True,True,Online Boutique,loss,batch-02
rcaeval-10,none,claim-23,Single CPU counter does not indicate CPU saturation,Single CPU counter does not indicate CPU saturation,general,0.0,True,0.0,True,True,Online Boutique,loss,batch-02
rcaeval-10,none,claim-24,DEPLOYMENTS status is Degraded,DEPLOYMENTS status is Degraded,state,0.0,True,0.5,False,False,Online Boutique,loss,batch-02
rcaeval-10,none,claim-25,DEPLOYMENTS sha is null,DEPLOYMENTS sha is null,state,0.0,True,0.0,True,True,Online Boutique,loss,batch-02
rcaeval-10,none,claim-26,DEPLOYMENTS commit_msg is null,DEPLOYMENTS commit_msg is null,state,0.0,True,0.0,True,True,Online Boutique,loss,batch-02
rcaeval-10,none,claim-27,Null sha/commit_msg provides no evidence for a code regression,Null sha/commit_msg provides no evidence for a code regression,general,0.0,True,0.5,False,False,Online Boutique,loss,batch-02
rcaeval-10,none,claim-28,SECURITY rules out breach as a cause,SECURITY rules out breach as a cause,general,0.0,True,0.0,True,True,Online Boutique,loss,batch-02
rcaeval-10,none,claim-29,SECURITY rules out RBAC as a cause,SECURITY rules out RBAC as a cause,general,0.0,True,0.0,True,True,Online Boutique,loss,batch-02
rcaeval-10,raw,claim-1,Pod 'checkoutservice' has FAILED,Pod 'checkoutservice' has FAILED,state,0.713,False,1.0,False,True,Online Boutique,loss,batch-02
rcaeval-10,raw,claim-2,p90 latency spiked 20.4x from 0.66s to 13.52s,p90 latency spiked 20.4x from 0.66s to 13.52s,state,0.0,True,0.5,False,False,Online Boutique,loss,batch-02
rcaeval-10,raw,claim-3,Throughput collapsed by 61.8%,Throughput collapsed by 61.8%,state,0.0,True,0.5,False,False,Online Boutique,loss,batch-02
rcaeval-10,raw,claim-4,Frontend errors emerged from 0 to 0.036,Frontend errors emerged from 0 to 0.036,state,0.0,True,0.5,False,False,Online Boutique,loss,batch-02
rcaeval-10,raw,claim-5,"Downstream services paymentservice, emailservice, and shippingservice workload dropped","Downstream services paymentservice, emailservice, and shippingservice workload dropped",state,0.0,True,0.5,False,False,Online Boutique,loss,batch-02
rcaeval-10,raw,claim-6,Pod checkoutservice is unresponsive,Pod checkoutservice is unresponsive,state,0.555,False,1.0,False,True,Online Boutique,loss,batch-02
rcaeval-10,raw,claim-7,Pod checkoutservice is not emitting logs,Pod checkoutservice is not emitting logs,state,0.708,False,0.0,True,False,Online Boutique,loss,batch-02
rcaeval-10,raw,claim-8,Root cause is an internal application-level hang/blocking state in checkoutservice,Root cause is an internal application-level hang/blocking state in checkoutservice,causal,0.546,False,0.5,False,True,Online Boutique,loss,batch-02
rcaeval-10,raw,claim-9,Root cause is not CPU saturation,Root cause is not CPU saturation,causal,0.0,True,0.5,False,False,Online Boutique,loss,batch-02
rcaeval-10,raw,claim-10,Root cause is not node contention,Root cause is not node contention,causal,0.0,True,0.0,True,True,Online Boutique,loss,batch-02
rcaeval-10,raw,claim-11,Root cause is not deployment regression,Root cause is not deployment regression,causal,0.0,True,0.0,True,True,Online Boutique,loss,batch-02
rcaeval-10,raw,claim-12,Root cause is not security breach,Root cause is not security breach,causal,0.0,True,0.5,False,False,Online Boutique,loss,batch-02
rcaeval-10,raw,claim-13,MONITORING flagged high CPU,MONITORING flagged high CPU,state,0.0,True,0.0,True,True,Online Boutique,loss,batch-02
rcaeval-10,raw,claim-14,Detailed LOGS metrics prove CPU actually dropped 30% from 0.4284 to 0.2997,Detailed LOGS metrics prove CPU actually dropped 30% from 0.4284 to 0.2997,state,0.0,True,0.0,True,True,Online Boutique,loss,batch-02
rcaeval-10,raw,claim-15,Latency exploded 18-20x while CPU dropped,Latency exploded 18-20x while CPU dropped,state,0.0,True,0.0,True,True,Online Boutique,loss,batch-02
rcaeval-10,raw,claim-16,"Pattern is classic blocking/waiting such as deadlock, thread-pool exhaustion, or synchronous downstream wait rather than CPU saturation","Pattern is classic blocking/waiting such as deadlock, thread-pool exhaustion, or synchronous downstream wait rather than CPU saturation",causal,0.0,True,0.0,True,True,Online Boutique,loss,batch-02
rcaeval-10,raw,claim-17,Memory increased 31% from 1.136e+07 to 1.491e+07,Memory increased 31% from 1.136e+07 to 1.491e+07,state,0.0,True,1.0,False,False,Online Boutique,loss,batch-02
rcaeval-10,raw,claim-18,Sockets increased 33% from 9 to 12.01,Sockets increased 33% from 9 to 12.01,state,0.0,True,1.0,False,False,Online Boutique,loss,batch-02
rcaeval-10,raw,claim-19,Concurrent memory and sockets increase indicate resource/connection leak and pressure,Concurrent memory and sockets increase indicate resource/connection leak and pressure,causal,0.0,True,0.5,False,False,Online Boutique,loss,batch-02
rcaeval-10,raw,claim-20,Complete absence of checkoutservice log lines,Complete absence of checkoutservice log lines,state,0.713,False,0.0,True,False,Online Boutique,loss,batch-02
rcaeval-10,raw,claim-21,"Only frontend, cartservice, adservice, and currencyservice log lines are present","Only frontend, cartservice, adservice, and currencyservice log lines are present",state,0.0,True,0.0,True,True,Online Boutique,loss,batch-02
rcaeval-10,raw,claim-22,Absence of checkoutservice logs confirms service is hung/unresponsive rather than error-logging,Absence of checkoutservice logs confirms service is hung/unresponsive rather than error-logging,causal,0.554,False,0.5,False,True,Online Boutique,loss,batch-02
rcaeval-10,raw,claim-23,TOPOLOGY proves checkoutservice is isolated on node-worker-01 with no noisy neighbors,TOPOLOGY proves checkoutservice is isolated on node-worker-01 with no noisy neighbors,entity_relationship,0.713,False,1.0,False,True,Online Boutique,loss,batch-02
rcaeval-10,raw,claim-24,Isolation on node-worker-01 rules out infrastructure contention,Isolation on node-worker-01 rules out infrastructure contention,causal,0.723,False,0.0,True,False,Online Boutique,loss,batch-02
rcaeval-10,raw,claim-25,DEPLOYMENTS status is Degraded,DEPLOYMENTS status is Degraded,state,0.0,True,0.5,False,False,Online Boutique,loss,batch-02
rcaeval-10,raw,claim-26,DEPLOYMENTS provides null SHA and null commit_msg with confidence 0.3,DEPLOYMENTS provides null SHA and null commit_msg with confidence 0.3,state,0.0,True,1.0,False,False,Online Boutique,loss,batch-02
rcaeval-10,raw,claim-27,No correlatable code regression exists,No correlatable code regression exists,causal,0.0,True,0.0,True,True,Online Boutique,loss,batch-02
rcaeval-10,raw,claim-28,SECURITY is clean with confidence 0.8,SECURITY is clean with confidence 0.8,state,0.0,True,0.0,True,True,Online Boutique,loss,batch-02
rcaeval-10,raw,claim-29,Cascading frontend_error and downstream workload drops are secondary effects of checkoutservice being on the critical path,Cascading frontend_error and downstream workload drops are secondary effects of checkoutservice being on the critical path,causal,0.534,False,0.5,False,True,Online Boutique,loss,batch-02
rcaeval-10,raw,claim-30,checkoutservice is on the critical path,checkoutservice is on the critical path,entity_relationship,0.713,False,0.0,True,False,Online Boutique,loss,batch-02
rcaeval-10,hybrid,claim-1,Pod 'checkoutservice' Failed,Pod 'checkoutservice' Failed,state,0.713,False,1.0,False,True,Online Boutique,loss,batch-02
rcaeval-10,hybrid,claim-2,Pod 'checkoutservice' failure caused critical checkout path degradation,Pod 'checkoutservice' failure caused critical checkout path degradation,causal,0.713,False,0.5,False,True,Online Boutique,loss,batch-02
rcaeval-10,hybrid,claim-3,p50 latency spiked ~18.6x,p50 latency spiked ~18.6x,state,0.0,True,0.0,True,True,Online Boutique,loss,batch-02
rcaeval-10,hybrid,claim-4,p90 latency spiked 20.4x,p90 latency spiked 20.4x,state,0.0,True,1.0,False,False,Online Boutique,loss,batch-02
rcaeval-10,hybrid,claim-5,Throughput dropped 61.8%,Throughput dropped 61.8%,state,0.0,True,0.5,False,False,Online Boutique,loss,batch-02
rcaeval-10,hybrid,claim-6,Frontend errors increased from 0 to 0.03605,Frontend errors increased from 0 to 0.03605,state,0.0,True,1.0,False,False,Online Boutique,loss,batch-02
rcaeval-10,hybrid,claim-7,Downstream throughput to paymentservice was reduced,Downstream throughput to paymentservice was reduced,entity_relationship,0.0,True,0.0,True,True,Online Boutique,loss,batch-02
rcaeval-10,hybrid,claim-8,Downstream throughput to emailservice was reduced,Downstream throughput to emailservice was reduced,entity_relationship,0.0,True,0.0,True,True,Online Boutique,loss,batch-02
rcaeval-10,hybrid,claim-9,Downstream throughput to shippingservice was reduced,Downstream throughput to shippingservice was reduced,entity_relationship,0.0,True,0.0,True,True,Online Boutique,loss,batch-02
rcaeval-10,hybrid,claim-10,Root cause is an internal application-level blocking failure within checkoutservice itself,Root cause is an internal application-level blocking failure within checkoutservice itself,causal,0.713,False,1.0,False,True,Online Boutique,loss,batch-02
rcaeval-10,hybrid,claim-11,Root cause is not external contention,Root cause is not external contention,general,0.0,True,0.0,True,True,Online Boutique,loss,batch-02
rcaeval-10,hybrid,claim-12,Root cause is not deployment regression,Root cause is not deployment regression,general,0.0,True,0.5,False,False,Online Boutique,loss,batch-02
rcaeval-10,hybrid,claim-13,Root cause is not security breach,Root cause is not security breach,general,0.0,True,0.5,False,False,Online Boutique,loss,batch-02
rcaeval-10,hybrid,claim-14,LOGS Agent confidence is 0.93,LOGS Agent confidence is 0.93,state,0.0,True,0.0,True,True,Online Boutique,loss,batch-02
rcaeval-10,hybrid,claim-15,After timestamp 1705376266 p50 latency increased from 0.2555 to 4.755 (+1761%),After timestamp 1705376266 p50 latency increased from 0.2555 to 4.755 (+1761%),temporal,0.346,True,0.5,False,False,Online Boutique,loss,batch-02
rcaeval-10,hybrid,claim-16,After timestamp 1705376266 p90 latency increased from 0.6616 to 13.52 (+1943%),After timestamp 1705376266 p90 latency increased from 0.6616 to 13.52 (+1943%),temporal,0.0,True,1.0,False,False,Online Boutique,loss,batch-02
rcaeval-10,hybrid,claim-17,Workload dropped from 1.005 to 0.3843 (-61.8%),Workload dropped from 1.005 to 0.3843 (-61.8%),state,0.0,True,0.0,True,True,Online Boutique,loss,batch-02
rcaeval-10,hybrid,claim-18,CPU decreased from 0.4284 to 0.2997 (-30%) despite latency spike,CPU decreased from 0.4284 to 0.2997 (-30%) despite latency spike,state,0.0,True,0.0,True,True,Online Boutique,loss,batch-02
rcaeval-10,hybrid,claim-19,Pattern of high latency with decreased workload and CPU indicates blocking/IO wait/deadlock/thread exhaustion rather than CPU saturation,Pattern of high latency with decreased workload and CPU indicates blocking/IO wait/deadlock/thread exhaustion rather than CPU saturation,causal,0.0,True,0.0,True,True,Online Boutique,loss,batch-02
rcaeval-10,hybrid,claim-20,Memory increased from 1.136e+07 to 1.491e+07 (+31.2%),Memory increased from 1.136e+07 to 1.491e+07 (+31.2%),state,0.0,True,1.0,False,False,Online Boutique,loss,batch-02
rcaeval-10,hybrid,claim-21,Sockets increased from 9 to 12.01 (+33.4%),Sockets increased from 9 to 12.01 (+33.4%),state,0.0,True,1.0,False,False,Online Boutique,loss,batch-02
rcaeval-10,hybrid,claim-22,Memory and socket increases indicate memory leak / connection leak / thread pool exhaustion,Memory and socket increases indicate memory leak / connection leak / thread pool exhaustion,causal,0.0,True,0.5,False,False,Online Boutique,loss,batch-02
rcaeval-10,hybrid,claim-23,Absence of checkoutservice log entries during failure,Absence of checkoutservice log entries during failure,state,0.715,False,0.0,True,False,Online Boutique,loss,batch-02
rcaeval-10,hybrid,claim-24,Absence of log entries is consistent with service hang/failure to process requests,Absence of log entries is consistent with service hang/failure to process requests,causal,0.556,False,0.0,True,False,Online Boutique,loss,batch-02
rcaeval-10,hybrid,claim-25,TOPOLOGY Agent confidence is 0.92,TOPOLOGY Agent confidence is 0.92,state,0.0,True,0.0,True,True,Online Boutique,loss,batch-02
rcaeval-10,hybrid,claim-26,Pod 'checkoutservice' is its own noisy neighbor on node-worker-01,Pod 'checkoutservice' is its own noisy neighbor on node-worker-01,entity_relationship,0.715,False,0.5,False,True,Online Boutique,loss,batch-02
rcaeval-10,hybrid,claim-27,Pod 'checkoutservice' has no dependencies,Pod 'checkoutservice' has no dependencies,entity_relationship,0.715,False,1.0,False,True,Online Boutique,loss,batch-02
rcaeval-10,hybrid,claim-28,Pod 'checkoutservice' has no external noisy neighbors,Pod 'checkoutservice' has no external noisy neighbors,entity_relationship,0.715,False,0.5,False,True,Online Boutique,loss,batch-02
rcaeval-10,hybrid,claim-29,Contention is self-generated,Contention is self-generated,causal,0.0,True,0.0,True,True,Online Boutique,loss,batch-02
rcaeval-10,hybrid,claim-30,DEPLOYMENTS Agent Degraded status is a symptom (effect) not cause,DEPLOYMENTS Agent Degraded status is a symptom (effect) not cause,causal,0.0,True,0.0,True,True,Online Boutique,loss,batch-02
rcaeval-10,hybrid,claim-31,Null sha/commit_msg prevents Git regression correlation with confidence 0.35,Null sha/commit_msg prevents Git regression correlation with confidence 0.35,general,0.0,True,0.0,True,True,Online Boutique,loss,batch-02
rcaeval-10,hybrid,claim-32,SECURITY Agent with confidence 0.8 rules out breach,SECURITY Agent with confidence 0.8 rules out breach,general,0.0,True,0.0,True,True,Online Boutique,loss,batch-02
rcaeval-10,hybrid,claim-33,MONITORING Agent with confidence 0.25 is inconclusive due to single cumulative counter sample,MONITORING Agent with confidence 0.25 is inconclusive due to single cumulative counter sample,general,0.0,True,0.0,True,True,Online Boutique,loss,batch-02
rcaeval-10,hybrid,claim-34,MONITORING Agent is outweighed by strong logs and topology correlation,MONITORING Agent is outweighed by strong logs and topology correlation,general,0.0,True,0.0,True,True,Online Boutique,loss,batch-02
rcaeval-11,none,claim-1,Pod 'carts' entered a Failed/unresponsive state,Pod 'carts' entered a Failed/unresponsive state,state,0.0,True,1.0,False,False,Sock Shop,loss,batch-02
rcaeval-11,none,claim-2,Pod 'carts' failure occurred after timestamp 1705664209,Pod 'carts' failure occurred after timestamp 1705664209,temporal,0.0,True,1.0,False,False,Sock Shop,loss,batch-02
rcaeval-11,none,claim-3,Carts failure caused catastrophic performance degradation,Carts failure caused catastrophic performance degradation,causal,0.53,False,0.0,True,False,Sock Shop,loss,batch-02
rcaeval-11,none,claim-4,p90 latency increased by 73x,p90 latency increased by 73x,state,0.0,True,0.5,False,False,Sock Shop,loss,batch-02
rcaeval-11,none,claim-5,p50 latency increased by 25x,p50 latency increased by 25x,state,0.0,True,0.5,False,False,Sock Shop,loss,batch-02
rcaeval-11,none,claim-6,Carts failure caused downstream cascading failures in front-end,Carts failure caused downstream cascading failures in front-end,causal,0.505,False,0.5,False,True,Sock Shop,loss,batch-02
rcaeval-11,none,claim-7,Carts failure caused downstream cascading failures in orders,Carts failure caused downstream cascading failures in orders,causal,0.508,False,0.0,True,False,Sock Shop,loss,batch-02
rcaeval-11,none,claim-8,Workload was reduced during the failure period,Workload was reduced during the failure period,state,0.0,True,0.0,True,True,Sock Shop,loss,batch-02
rcaeval-11,none,claim-9,Root cause is an internal application-level failure of the 'carts' container itself,Root cause is an internal application-level failure of the 'carts' container itself,causal,0.0,True,0.0,True,True,Sock Shop,loss,batch-02
rcaeval-11,none,claim-10,"Failure type is hang, deadlock, or crash","Failure type is hang, deadlock, or crash",general,0.0,True,0.0,True,True,Sock Shop,loss,batch-02
rcaeval-11,none,claim-11,Root cause is not external contention,Root cause is not external contention,causal,0.0,True,0.5,False,False,Sock Shop,loss,batch-02
rcaeval-11,none,claim-12,Root cause is not a security incident,Root cause is not a security incident,causal,0.0,True,0.5,False,False,Sock Shop,loss,batch-02
rcaeval-11,none,claim-13,"At timestamp 1705664209, carts_latency-90 spiked","At timestamp 1705664209, carts_latency-90 spiked",temporal,0.372,True,1.0,False,False,Sock Shop,loss,batch-02
rcaeval-11,none,claim-14,carts_latency-90 was 0.0269s before the spike,carts_latency-90 was 0.0269s before the spike,state,0.373,True,1.0,False,False,Sock Shop,loss,batch-02
rcaeval-11,none,claim-15,carts_latency-90 became 1.981s after the spike,carts_latency-90 became 1.981s after the spike,state,0.367,True,1.0,False,False,Sock Shop,loss,batch-02
rcaeval-11,none,claim-16,carts latency-50 was 0.01572s before the spike,carts latency-50 was 0.01572s before the spike,state,0.604,False,1.0,False,True,Sock Shop,loss,batch-02
rcaeval-11,none,claim-17,carts latency-50 became 0.4038s after the spike,carts latency-50 became 0.4038s after the spike,state,0.6,False,1.0,False,True,Sock Shop,loss,batch-02
rcaeval-11,none,claim-18,carts_cpu dropped by 42%,carts_cpu dropped by 42%,state,0.359,True,1.0,False,False,Sock Shop,loss,batch-02
rcaeval-11,none,claim-19,carts_cpu was 2.836 before the drop,carts_cpu was 2.836 before the drop,state,0.349,True,1.0,False,False,Sock Shop,loss,batch-02
rcaeval-11,none,claim-20,carts_cpu became 1.636 after the drop,carts_cpu became 1.636 after the drop,state,0.336,True,1.0,False,False,Sock Shop,loss,batch-02
rcaeval-11,none,claim-21,carts_workload dropped by 45%,carts_workload dropped by 45%,state,0.337,True,0.5,False,False,Sock Shop,loss,batch-02
rcaeval-11,none,claim-22,carts_workload was 8.166 before the drop,carts_workload was 8.166 before the drop,state,0.351,True,0.0,True,True,Sock Shop,loss,batch-02
rcaeval-11,none,claim-23,carts_workload became 4.442 after the drop,carts_workload became 4.442 after the drop,state,0.339,True,0.0,True,True,Sock Shop,loss,batch-02
rcaeval-11,none,claim-24,carts_diskio dropped to 0,carts_diskio dropped to 0,state,0.34,True,1.0,False,False,Sock Shop,loss,batch-02
rcaeval-11,none,claim-25,carts_diskio was 7845 before the drop,carts_diskio was 7845 before the drop,state,0.341,True,1.0,False,False,Sock Shop,loss,batch-02
rcaeval-11,none,claim-26,carts_diskio became 0 after the drop,carts_diskio became 0 after the drop,state,0.0,True,1.0,False,False,Sock Shop,loss,batch-02
rcaeval-11,none,claim-27,Inverse pattern of latency up while CPU/workload/IO down proves the pod stopped processing requests and I/O,Inverse pattern of latency up while CPU/workload/IO down proves the pod stopped processing requests and I/O,causal,0.0,True,0.0,True,True,Sock Shop,loss,batch-02
rcaeval-11,none,claim-28,Pod stopping processing requests caused requests to queue/timeout,Pod stopping processing requests caused requests to queue/timeout,causal,0.0,True,0.0,True,True,Sock Shop,loss,batch-02
rcaeval-11,none,claim-29,The event was not a normal load surge,The event was not a normal load surge,general,0.0,True,0.0,True,True,Sock Shop,loss,batch-02
rcaeval-11,none,claim-30,front-end_error increased from 0 to 0.002771,front-end_error increased from 0 to 0.002771,state,0.0,True,0.0,True,True,Sock Shop,loss,batch-02
rcaeval-11,none,claim-31,orders_error increased from 0 to 0.002782,orders_error increased from 0 to 0.002782,state,0.34,True,0.0,True,True,Sock Shop,loss,batch-02
rcaeval-11,none,claim-32,carts-db_diskio increased from 2.05e+06 to 2.92e+06,carts-db_diskio increased from 2.05e+06 to 2.92e+06,state,0.365,True,1.0,False,False,Sock Shop,loss,batch-02
rcaeval-11,none,claim-33,"Correlated front-end/orders errors, latency spikes, and increased carts-db_diskio confirm downstream retry pressure","Correlated front-end/orders errors, latency spikes, and increased carts-db_diskio confirm downstream retry pressure",causal,0.0,True,0.0,True,True,Sock Shop,loss,batch-02
rcaeval-11,none,claim-34,Correlated errors and latency spikes confirm user-visible impact,Correlated errors and latency spikes confirm user-visible impact,causal,0.0,True,0.0,True,True,Sock Shop,loss,batch-02
rcaeval-11,none,claim-35,Topology confidence is 0.98,Topology confidence is 0.98,state,0.0,True,0.0,True,True,Sock Shop,loss,batch-02
rcaeval-11,none,claim-36,Pod 'carts' is isolated on node-worker-01,Pod 'carts' is isolated on node-worker-01,entity_relationship,0.71,False,1.0,False,True,Sock Shop,loss,batch-02
rcaeval-11,none,claim-37,Neighbors list only contains 'carts',Neighbors list only contains 'carts',entity_relationship,0.0,True,0.0,True,True,Sock Shop,loss,batch-02
rcaeval-11,none,claim-38,Dependencies list is empty,Dependencies list is empty,entity_relationship,0.0,True,0.0,True,True,Sock Shop,loss,batch-02
rcaeval-11,none,claim-39,Topology data rules out noisy-neighbor CPU contention,Topology data rules out noisy-neighbor CPU contention,causal,0.0,True,0.5,False,False,Sock Shop,loss,batch-02
rcaeval-11,none,claim-40,Security confidence is 0.8,Security confidence is 0.8,state,0.0,True,0.0,True,True,Sock Shop,loss,batch-02
rcaeval-11,none,claim-41,Security rules out breach,Security rules out breach,causal,0.0,True,0.0,True,True,Sock Shop,loss,batch-02
rcaeval-11,none,claim-42,Security rules out RBAC issues,Security rules out RBAC issues,causal,0.0,True,0.5,False,False,Sock Shop,loss,batch-02
rcaeval-11,none,claim-43,Deployments confidence is 0.35,Deployments confidence is 0.35,state,0.0,True,1.0,False,False,Sock Shop,loss,batch-02
rcaeval-11,none,claim-44,Deployments status is degraded,Deployments status is degraded,state,0.0,True,0.0,True,True,Sock Shop,loss,batch-02
rcaeval-11,none,claim-45,Deployments has null SHA,Deployments has null SHA,state,0.0,True,0.5,False,False,Sock Shop,loss,batch-02
rcaeval-11,none,claim-46,Deployments has null commit_msg,Deployments has null commit_msg,state,0.0,True,0.5,False,False,Sock Shop,loss,batch-02
rcaeval-11,none,claim-47,Deployment data provides insufficient evidence for a deployment regression,Deployment data provides insufficient evidence for a deployment regression,general,0.0,True,0.5,False,False,Sock Shop,loss,batch-02
rcaeval-11,none,claim-48,Monitoring confidence is 0.75,Monitoring confidence is 0.75,state,0.0,True,0.0,True,True,Sock Shop,loss,batch-02
rcaeval-11,none,claim-49,Monitoring reported a 'high cumulative CPU' anomaly,Monitoring reported a 'high cumulative CPU' anomaly,state,0.0,True,0.5,False,False,Sock Shop,loss,batch-02
rcaeval-11,none,claim-50,Instantaneous CPU/workload drop contradicts the high cumulative CPU anomaly,Instantaneous CPU/workload drop contradicts the high cumulative CPU anomaly,causal,0.0,True,0.0,True,True,Sock Shop,loss,batch-02
rcaeval-11,none,claim-51,High cumulative CPU anomaly is consistent with a stale cumulative counter,High cumulative CPU anomaly is consistent with a stale cumulative counter,state,0.0,True,0.0,True,True,Sock Shop,loss,batch-02
rcaeval-11,none,claim-52,High cumulative CPU anomaly is not active contention,High cumulative CPU anomaly is not active contention,state,0.0,True,0.0,True,True,Sock Shop,loss,batch-02
rcaeval-11,raw,claim-1,Pod 'carts' is located on node-worker-01,Pod 'carts' is located on node-worker-01,entity_relationship,0.71,False,0.5,False,True,Sock Shop,loss,batch-02
rcaeval-11,raw,claim-2,Pod 'carts' failed/hung since 2024-01-19T11:36:49Z,Pod 'carts' failed/hung since 2024-01-19T11:36:49Z,temporal,0.0,True,1.0,False,False,Sock Shop,loss,batch-02
rcaeval-11,raw,claim-3,Timestamp 1705664209 corresponds to 2024-01-19T11:36:49Z,Timestamp 1705664209 corresponds to 2024-01-19T11:36:49Z,temporal,0.0,True,0.0,True,True,Sock Shop,loss,batch-02
rcaeval-11,raw,claim-4,Pod 'carts' became unresponsive after 1705664209,Pod 'carts' became unresponsive after 1705664209,state,0.0,True,1.0,False,False,Sock Shop,loss,batch-02
rcaeval-11,raw,claim-5,Pod 'carts' was not processing requests after 1705664209,Pod 'carts' was not processing requests after 1705664209,state,0.0,True,0.5,False,False,Sock Shop,loss,batch-02
rcaeval-11,raw,claim-6,Front-end service depends on carts service,Front-end service depends on carts service,entity_relationship,0.0,True,0.0,True,True,Sock Shop,loss,batch-02
rcaeval-11,raw,claim-7,Orders service depends on carts service,Orders service depends on carts service,entity_relationship,0.0,True,0.0,True,True,Sock Shop,loss,batch-02
rcaeval-11,raw,claim-8,Failure/hang of carts pod caused cascading degradation in front-end and orders services,Failure/hang of carts pod caused cascading degradation in front-end and orders services,causal,0.514,False,0.0,True,False,Sock Shop,loss,batch-02
rcaeval-11,raw,claim-9,Cascading degradation included timeout errors in front-end and orders,Cascading degradation included timeout errors in front-end and orders,state,0.0,True,0.0,True,True,Sock Shop,loss,batch-02
rcaeval-11,raw,claim-10,Front-end and orders services experienced ~12-18x latency spikes due to carts failure,Front-end and orders services experienced ~12-18x latency spikes due to carts failure,causal,0.555,False,0.0,True,False,Sock Shop,loss,batch-02
rcaeval-11,raw,claim-11,Root cause is an internal application-level hang/crash of the carts service itself,Root cause is an internal application-level hang/crash of the carts service itself,causal,0.526,False,0.5,False,True,Sock Shop,loss,batch-02
rcaeval-11,raw,claim-12,Root cause is not external contention,Root cause is not external contention,general,0.0,True,0.5,False,False,Sock Shop,loss,batch-02
rcaeval-11,raw,claim-13,Root cause is not a security compromise,Root cause is not a security compromise,general,0.0,True,0.5,False,False,Sock Shop,loss,batch-02
rcaeval-11,raw,claim-14,LOGS agent confidence is 0.95 and provides definitive evidence,LOGS agent confidence is 0.95 and provides definitive evidence,general,0.0,True,0.0,True,True,Sock Shop,loss,batch-02
rcaeval-11,raw,claim-15,"After 1705664209, carts_latency-90 spiked 73x","After 1705664209, carts_latency-90 spiked 73x",state,0.361,True,1.0,False,False,Sock Shop,loss,batch-02
rcaeval-11,raw,claim-16,carts_latency-90 increased from 0.0269s to 1.981s,carts_latency-90 increased from 0.0269s to 1.981s,state,0.377,True,1.0,False,False,Sock Shop,loss,batch-02
rcaeval-11,raw,claim-17,carts p50 latency spiked 25x after 1705664209,carts p50 latency spiked 25x after 1705664209,state,0.579,False,1.0,False,True,Sock Shop,loss,batch-02
rcaeval-11,raw,claim-18,carts p50 latency increased from 0.01572s to 0.4038s,carts p50 latency increased from 0.01572s to 0.4038s,state,0.598,False,0.5,False,True,Sock Shop,loss,batch-02
rcaeval-11,raw,claim-19,carts_diskio dropped to 0 after 1705664209,carts_diskio dropped to 0 after 1705664209,state,0.348,True,1.0,False,False,Sock Shop,loss,batch-02
rcaeval-11,raw,claim-20,carts_diskio decreased from 7845 to 0,carts_diskio decreased from 7845 to 0,state,0.352,True,0.5,False,False,Sock Shop,loss,batch-02
rcaeval-11,raw,claim-21,carts_cpu dropped from 2.836 to 1.636 after 1705664209,carts_cpu dropped from 2.836 to 1.636 after 1705664209,state,0.354,True,1.0,False,False,Sock Shop,loss,batch-02
rcaeval-11,raw,claim-22,carts_workload dropped from 8.166 to 4.442 after 1705664209,carts_workload dropped from 8.166 to 4.442 after 1705664209,state,0.357,True,1.0,False,False,Sock Shop,loss,batch-02
rcaeval-11,raw,claim-23,The pattern of high latency with no IO/CPU work is a classic hang/crash pattern where requests queue but no work is done,The pattern of high latency with no IO/CPU work is a classic hang/crash pattern where requests queue but no work is done,general,0.0,True,0.0,True,True,Sock Shop,loss,batch-02
rcaeval-11,raw,claim-24,Carts container logs were absent despite active front-end cart operations,Carts container logs were absent despite active front-end cart operations,state,0.339,True,0.5,False,False,Sock Shop,loss,batch-02
rcaeval-11,raw,claim-25,Active front-end cart operations included DELETE /cart,Active front-end cart operations included DELETE /cart,state,0.342,True,0.0,True,True,Sock Shop,loss,batch-02
rcaeval-11,raw,claim-26,Active front-end cart operations included 'Attempting to add to cart',Active front-end cart operations included 'Attempting to add to cart',state,0.34,True,0.0,True,True,Sock Shop,loss,batch-02
rcaeval-11,raw,claim-27,Absence of carts container logs confirms unavailability of the carts pod,Absence of carts container logs confirms unavailability of the carts pod,causal,0.53,False,1.0,False,True,Sock Shop,loss,batch-02
rcaeval-11,raw,claim-28,carts-db_diskio increased from 2.05e+06 to 2.92e+06,carts-db_diskio increased from 2.05e+06 to 2.92e+06,state,0.365,True,0.5,False,False,Sock Shop,loss,batch-02
rcaeval-11,raw,claim-29,Increase in carts-db_diskio suggests DB retry/connection pressure,Increase in carts-db_diskio suggests DB retry/connection pressure,causal,0.0,True,0.5,False,False,Sock Shop,loss,batch-02
rcaeval-11,raw,claim-30,Cascading impact is confirmed by front-end_error increasing from 0 to 0.002771,Cascading impact is confirmed by front-end_error increasing from 0 to 0.002771,state,0.0,True,0.0,True,True,Sock Shop,loss,batch-02
rcaeval-11,raw,claim-31,Cascading impact is confirmed by orders_error increasing from 0 to 0.002782,Cascading impact is confirmed by orders_error increasing from 0 to 0.002782,state,0.0,True,0.0,True,True,Sock Shop,loss,batch-02
rcaeval-11,raw,claim-32,orders_latency-90 increased from 0.046s to 0.862s,orders_latency-90 increased from 0.046s to 0.862s,state,0.372,True,0.5,False,False,Sock Shop,loss,batch-02
rcaeval-11,raw,claim-33,front-end_latency-90 increased from 0.071s to 0.840s,front-end_latency-90 increased from 0.071s to 0.840s,state,0.374,True,0.5,False,False,Sock Shop,loss,batch-02
rcaeval-11,raw,claim-34,front-end_socket increased from 7.107 to 16.11,front-end_socket increased from 7.107 to 16.11,state,0.0,True,0.5,False,False,Sock Shop,loss,batch-02
rcaeval-11,raw,claim-35,TOPOLOGY agent confidence is 0.99,TOPOLOGY agent confidence is 0.99,general,0.0,True,0.0,True,True,Sock Shop,loss,batch-02
rcaeval-11,raw,claim-36,TOPOLOGY rules out noisy-neighbor/resource contention as cause,TOPOLOGY rules out noisy-neighbor/resource contention as cause,causal,0.0,True,0.0,True,True,Sock Shop,loss,batch-02
rcaeval-11,raw,claim-37,Carts is the sole pod on node-worker-01,Carts is the sole pod on node-worker-01,entity_relationship,0.71,False,0.5,False,True,Sock Shop,loss,batch-02
rcaeval-11,raw,claim-38,Carts has no dependencies,Carts has no dependencies,entity_relationship,0.503,False,0.0,True,False,Sock Shop,loss,batch-02
rcaeval-11,raw,claim-39,There was no co-located contention on node-worker-01,There was no co-located contention on node-worker-01,state,0.71,False,0.0,True,False,Sock Shop,loss,batch-02
rcaeval-11,raw,claim-40,SECURITY agent confidence is 0.8,SECURITY agent confidence is 0.8,general,0.0,True,0.0,True,True,Sock Shop,loss,batch-02
rcaeval-11,raw,claim-41,"SECURITY rules out breach, RBAC, and secrets as cause","SECURITY rules out breach, RBAC, and secrets as cause",causal,0.0,True,0.5,False,False,Sock Shop,loss,batch-02
rcaeval-11,raw,claim-42,MONITORING agent confidence is 0.45 and is inconclusive,MONITORING agent confidence is 0.45 and is inconclusive,general,0.0,True,0.0,True,True,Sock Shop,loss,batch-02
rcaeval-11,raw,claim-43,DEPLOYMENTS agent confidence is 0.2 and is inconclusive,DEPLOYMENTS agent confidence is 0.2 and is inconclusive,general,0.0,True,0.5,False,False,Sock Shop,loss,batch-02
rcaeval-11,raw,claim-44,MONITORING and DEPLOYMENTS are inconclusive due to insufficient historical/Git data,MONITORING and DEPLOYMENTS are inconclusive due to insufficient historical/Git data,causal,0.0,True,0.0,True,True,Sock Shop,loss,batch-02
rcaeval-11,raw,claim-45,SHA is null,SHA is null,state,0.0,True,0.0,True,True,Sock Shop,loss,batch-02
rcaeval-11,raw,claim-46,commit_msg is null,commit_msg is null,state,0.0,True,0.0,True,True,Sock Shop,loss,batch-02
rcaeval-11,raw,claim-47,carts-deploy status is Degraded,carts-deploy status is Degraded,state,0.0,True,0.0,True,True,Sock Shop,loss,batch-02
rcaeval-11,raw,claim-48,carts-deploy Degraded status is not attributable to the root cause,carts-deploy Degraded status is not attributable to the root cause,general,0.0,True,0.0,True,True,Sock Shop,loss,batch-02
rcaeval-11,raw,claim-49,MONITORING and DEPLOYMENTS do not contradict the strong LOGS signal,MONITORING and DEPLOYMENTS do not contradict the strong LOGS signal,general,0.0,True,0.0,True,True,Sock Shop,loss,batch-02
rcaeval-11,raw,claim-50,"Root cause is isolated internal failure of carts, not infrastructure, deployment regression, or security event","Root cause is isolated internal failure of carts, not infrastructure, deployment regression, or security event",causal,0.0,True,0.0,True,True,Sock Shop,loss,batch-02
rcaeval-11,hybrid,claim-1,Service Pod 'carts' has failed and become unresponsive,Service Pod 'carts' has failed and become unresponsive,state,0.527,False,1.0,False,True,Sock Shop,loss,batch-02
rcaeval-11,hybrid,claim-2,Pod 'carts' has been unresponsive since ~1705664209,Pod 'carts' has been unresponsive since ~1705664209,temporal,0.0,True,1.0,False,False,Sock Shop,loss,batch-02
rcaeval-11,hybrid,claim-3,Failure of Pod 'carts' caused a 73x p90 latency spike,Failure of Pod 'carts' caused a 73x p90 latency spike,causal,0.0,True,0.0,True,True,Sock Shop,loss,batch-02
rcaeval-11,hybrid,claim-4,Failure of Pod 'carts' caused service degradation,Failure of Pod 'carts' caused service degradation,causal,0.0,True,1.0,False,False,Sock Shop,loss,batch-02
rcaeval-11,hybrid,claim-5,Failure of Pod 'carts' caused downstream impact to front-end service,Failure of Pod 'carts' caused downstream impact to front-end service,causal,0.0,True,1.0,False,False,Sock Shop,loss,batch-02
rcaeval-11,hybrid,claim-6,Failure of Pod 'carts' caused downstream impact to orders service,Failure of Pod 'carts' caused downstream impact to orders service,causal,0.0,True,1.0,False,False,Sock Shop,loss,batch-02
rcaeval-11,hybrid,claim-7,Downstream front-end and orders services experienced increased latency and error rates of ~0.28%,Downstream front-end and orders services experienced increased latency and error rates of ~0.28%,state,0.0,True,0.5,False,False,Sock Shop,loss,batch-02
rcaeval-11,hybrid,claim-8,Correlated telemetry indicates an internal application failure where the 'carts' process hung/crashed,Correlated telemetry indicates an internal application failure where the 'carts' process hung/crashed,state,0.0,True,0.0,True,True,Sock Shop,loss,batch-02
rcaeval-11,hybrid,claim-9,The 'carts' process stopped serving IO,The 'carts' process stopped serving IO,state,0.0,True,0.0,True,True,Sock Shop,loss,batch-02
rcaeval-11,hybrid,claim-10,LOGS Agent has confidence 0.92 and shows definitive signature of failure,LOGS Agent has confidence 0.92 and shows definitive signature of failure,state,0.0,True,0.0,True,True,Sock Shop,loss,batch-02
rcaeval-11,hybrid,claim-11,carts_latency-90 increased from 0.0269s to 1.981s (73x),carts_latency-90 increased from 0.0269s to 1.981s (73x),state,0.374,True,1.0,False,False,Sock Shop,loss,batch-02
rcaeval-11,hybrid,claim-12,carts_latency-50 increased from 0.0157s to 0.4038s (25x),carts_latency-50 increased from 0.0157s to 0.4038s (25x),state,0.378,True,1.0,False,False,Sock Shop,loss,batch-02
rcaeval-11,hybrid,claim-13,carts_diskio dropped to 0 (from 7845 to 0),carts_diskio dropped to 0 (from 7845 to 0),state,0.349,True,0.5,False,False,Sock Shop,loss,batch-02
rcaeval-11,hybrid,claim-14,carts_cpu dropped from 2.836 to 1.636,carts_cpu dropped from 2.836 to 1.636,state,0.349,True,1.0,False,False,Sock Shop,loss,batch-02
rcaeval-11,hybrid,claim-15,carts_workload dropped from 8.166 to 4.442,carts_workload dropped from 8.166 to 4.442,state,0.353,True,0.5,False,False,Sock Shop,loss,batch-02
rcaeval-11,hybrid,claim-16,The metric changes are consistent with timeouts against an unresponsive pod,The metric changes are consistent with timeouts against an unresponsive pod,causal,0.0,True,0.0,True,True,Sock Shop,loss,batch-02
rcaeval-11,hybrid,claim-17,orders_error increased from 0 to 0.00278,orders_error increased from 0 to 0.00278,state,0.34,True,0.5,False,False,Sock Shop,loss,batch-02
rcaeval-11,hybrid,claim-18,front-end_error increased from 0 to 0.00277,front-end_error increased from 0 to 0.00277,state,0.0,True,0.5,False,False,Sock Shop,loss,batch-02
rcaeval-11,hybrid,claim-19,front-end_socket increased from 7.1 to 16.1,front-end_socket increased from 7.1 to 16.1,state,0.0,True,1.0,False,False,Sock Shop,loss,batch-02
rcaeval-11,hybrid,claim-20,TOPOLOGY Agent has confidence 0.99,TOPOLOGY Agent has confidence 0.99,state,0.0,True,0.0,True,True,Sock Shop,loss,batch-02
rcaeval-11,hybrid,claim-21,TOPOLOGY Agent eliminates noisy-neighbor/resource contention as a cause,TOPOLOGY Agent eliminates noisy-neighbor/resource contention as a cause,causal,0.0,True,0.0,True,True,Sock Shop,loss,batch-02
rcaeval-11,hybrid,claim-22,Pod 'carts' is the sole occupant on node-worker-01,Pod 'carts' is the sole occupant on node-worker-01,entity_relationship,0.71,False,1.0,False,True,Sock Shop,loss,batch-02
rcaeval-11,hybrid,claim-23,SECURITY Agent has confidence 0.8,SECURITY Agent has confidence 0.8,state,0.0,True,0.0,True,True,Sock Shop,loss,batch-02
rcaeval-11,hybrid,claim-24,SECURITY Agent eliminates security breach/RBAC/secret causes,SECURITY Agent eliminates security breach/RBAC/secret causes,causal,0.0,True,0.0,True,True,Sock Shop,loss,batch-02
rcaeval-11,hybrid,claim-25,MONITORING Agent has confidence 0.45 and is inconclusive,MONITORING Agent has confidence 0.45 and is inconclusive,state,0.0,True,0.0,True,True,Sock Shop,loss,batch-02
rcaeval-11,hybrid,claim-26,MONITORING Agent has a single cumulative counter value of 95.0 which is insufficient for rate calculation,MONITORING Agent has a single cumulative counter value of 95.0 which is insufficient for rate calculation,state,0.0,True,0.0,True,True,Sock Shop,loss,batch-02
rcaeval-11,hybrid,claim-27,MONITORING Agent does not contradict the failure,MONITORING Agent does not contradict the failure,general,0.0,True,0.0,True,True,Sock Shop,loss,batch-02
rcaeval-11,hybrid,claim-28,DEPLOYMENTS Agent has confidence 0.2,DEPLOYMENTS Agent has confidence 0.2,state,0.0,True,0.0,True,True,Sock Shop,loss,batch-02
rcaeval-11,hybrid,claim-29,Deployment 'carts-deploy' is Degraded,Deployment 'carts-deploy' is Degraded,state,0.0,True,0.0,True,True,Sock Shop,loss,batch-02
rcaeval-11,hybrid,claim-30,Deployment 'carts-deploy' has null SHA/commit_msg,Deployment 'carts-deploy' has null SHA/commit_msg,state,0.0,True,1.0,False,False,Sock Shop,loss,batch-02
rcaeval-11,hybrid,claim-31,No deployment regression can be correlated due to null SHA/commit_msg,No deployment regression can be correlated due to null SHA/commit_msg,causal,0.0,True,1.0,False,False,Sock Shop,loss,batch-02
rcaeval-12,none,claim-1,Pod 'ts-auth-service' is hosted on node 'node-worker-01',Pod 'ts-auth-service' is hosted on node 'node-worker-01',entity_relationship,0.715,False,1.0,False,True,Train Ticket,loss,batch-02
rcaeval-12,none,claim-2,Pod 'ts-auth-service' has status Failed,Pod 'ts-auth-service' has status Failed,state,0.713,False,1.0,False,True,Train Ticket,loss,batch-02
rcaeval-12,none,claim-3,Deployment 'ts-auth-service-deploy' has status Degraded,Deployment 'ts-auth-service-deploy' has status Degraded,state,0.693,False,0.0,True,False,Train Ticket,loss,batch-02
rcaeval-12,none,claim-4,Deployment 'ts-auth-service-deploy' is associated with the ts-auth-service Pod/service,Deployment 'ts-auth-service-deploy' is associated with the ts-auth-service Pod/service,entity_relationship,0.69,False,0.0,True,False,Train Ticket,loss,batch-02
rcaeval-12,none,claim-5,ts-auth-service is experiencing self-generated high CPU usage,ts-auth-service is experiencing self-generated high CPU usage,state,0.575,False,0.5,False,True,Train Ticket,loss,batch-02
rcaeval-12,none,claim-6,ts-auth-service is experiencing increased disk I/O,ts-auth-service is experiencing increased disk I/O,state,0.589,False,0.5,False,True,Train Ticket,loss,batch-02
rcaeval-12,none,claim-7,ts-auth-service is experiencing increased p50 latency,ts-auth-service is experiencing increased p50 latency,state,0.611,False,0.5,False,True,Train Ticket,loss,batch-02
rcaeval-12,none,claim-8,"High CPU, increased disk I/O and latency are causing unavailability of the auth service","High CPU, increased disk I/O and latency are causing unavailability of the auth service",causal,0.547,False,0.0,True,False,Train Ticket,loss,batch-02
rcaeval-12,none,claim-9,There is no evidence of external contention,There is no evidence of external contention,state,0.0,True,0.0,True,True,Train Ticket,loss,batch-02
rcaeval-12,none,claim-10,There is no evidence of deployment regression,There is no evidence of deployment regression,state,0.0,True,0.5,False,False,Train Ticket,loss,batch-02
rcaeval-12,none,claim-11,There is no evidence of security compromise,There is no evidence of security compromise,state,0.0,True,0.0,True,True,Train Ticket,loss,batch-02
rcaeval-12,none,claim-12,Correlated telemetry indicates internal resource exhaustion within ts-auth-service itself,Correlated telemetry indicates internal resource exhaustion within ts-auth-service itself,state,0.571,False,0.5,False,True,Train Ticket,loss,batch-02
rcaeval-12,none,claim-13,MONITORING (confidence 0.92) detected a high CPU usage anomaly as the primary failure signal,MONITORING (confidence 0.92) detected a high CPU usage anomaly as the primary failure signal,state,0.0,True,0.0,True,True,Train Ticket,loss,batch-02
rcaeval-12,none,claim-14,TOPOLOGY (confidence 0.95) shows complete isolation of ts-auth-service on node-worker-01,TOPOLOGY (confidence 0.95) shows complete isolation of ts-auth-service on node-worker-01,state,0.713,False,0.0,True,False,Train Ticket,loss,batch-02
rcaeval-12,none,claim-15,The noisy_neighbors list on node-worker-01 contains only a self-reference to ts-auth-service,The noisy_neighbors list on node-worker-01 contains only a self-reference to ts-auth-service,state,0.715,False,1.0,False,True,Train Ticket,loss,batch-02
rcaeval-12,none,claim-16,There are no co-located pods on node-worker-01 besides ts-auth-service,There are no co-located pods on node-worker-01 besides ts-auth-service,state,0.72,False,1.0,False,True,Train Ticket,loss,batch-02
rcaeval-12,none,claim-17,The dependencies list for ts-auth-service is empty,The dependencies list for ts-auth-service is empty,state,0.713,False,0.5,False,True,Train Ticket,loss,batch-02
rcaeval-12,none,claim-18,The ts-auth-service pod is the noisy source and is not impacted by external neighbors or contention,The ts-auth-service pod is the noisy source and is not impacted by external neighbors or contention,state,0.708,False,0.0,True,False,Train Ticket,loss,batch-02
rcaeval-12,none,claim-19,Self-inflicted CPU pressure correlates temporally with metric degradation around timestamp 1705983003,Self-inflicted CPU pressure correlates temporally with metric degradation around timestamp 1705983003,temporal,0.0,True,0.0,True,True,Train Ticket,loss,batch-02
rcaeval-12,none,claim-20,Disk I/O mean increased from 6.006e+04 to 1.479e+05 around timestamp 1705983003,Disk I/O mean increased from 6.006e+04 to 1.479e+05 around timestamp 1705983003,temporal,0.0,True,0.5,False,False,Train Ticket,loss,batch-02
rcaeval-12,none,claim-21,Latency p50 mean increased from 0.2421 to 0.3037 around timestamp 1705983003,Latency p50 mean increased from 0.2421 to 0.3037 around timestamp 1705983003,temporal,0.342,True,0.5,False,False,Train Ticket,loss,batch-02
rcaeval-12,none,claim-22,CPU saturation cascaded to increased disk I/O and request latency,CPU saturation cascaded to increased disk I/O and request latency,causal,0.0,True,0.0,True,True,Train Ticket,loss,batch-02
rcaeval-12,none,claim-23,LOGS (confidence 0.85) confirms zero log entries for ts-auth-service in the 12-minute window around 1705983003,LOGS (confidence 0.85) confirms zero log entries for ts-auth-service in the 12-minute window around 1705983003,temporal,0.708,False,1.0,False,True,Train Ticket,loss,batch-02
rcaeval-12,none,claim-24,SECURITY (confidence 0.93) confirms zero log entries for ts-auth-service in the 12-minute window around 1705983003,SECURITY (confidence 0.93) confirms zero log entries for ts-auth-service in the 12-minute window around 1705983003,temporal,0.713,False,1.0,False,True,Train Ticket,loss,batch-02
rcaeval-12,none,claim-25,All 12 available log lines in that window are from unrelated pods,All 12 available log lines in that window are from unrelated pods,state,0.0,True,0.0,True,True,Train Ticket,loss,batch-02
rcaeval-12,none,claim-26,"No crash, exception, or credential leak pattern can be confirmed from logs","No crash, exception, or credential leak pattern can be confirmed from logs",state,0.0,True,0.0,True,True,Train Ticket,loss,batch-02
rcaeval-12,none,claim-27,SECURITY (confidence 0.93) explicitly rules out credential/secret exposure,SECURITY (confidence 0.93) explicitly rules out credential/secret exposure,state,0.0,True,0.0,True,True,Train Ticket,loss,batch-02
rcaeval-12,none,claim-28,DEPLOYMENTS (confidence 0.35) is inconclusive and low-confidence due to null sha and commit_msg,DEPLOYMENTS (confidence 0.35) is inconclusive and low-confidence due to null sha and commit_msg,state,0.0,True,0.0,True,True,Train Ticket,loss,batch-02
rcaeval-12,none,claim-29,A deployment regression cannot be confirmed or ruled out,A deployment regression cannot be confirmed or ruled out,state,0.0,True,0.0,True,True,Train Ticket,loss,batch-02
rcaeval-12,none,claim-30,A deployment regression is not supported as the driver given the strong CPU and isolation signals,A deployment regression is not supported as the driver given the strong CPU and isolation signals,causal,0.0,True,0.0,True,True,Train Ticket,loss,batch-02
rcaeval-12,none,claim-31,Root cause is internal application-level CPU hog/resource exhaustion within ts-auth-service,Root cause is internal application-level CPU hog/resource exhaustion within ts-auth-service,causal,0.566,False,0.5,False,True,Train Ticket,loss,batch-02
rcaeval-12,none,claim-32,Root cause is not noisy-neighbor contention,Root cause is not noisy-neighbor contention,causal,0.0,True,0.0,True,True,Train Ticket,loss,batch-02
rcaeval-12,none,claim-33,Root cause is not a verifiable deployment regression,Root cause is not a verifiable deployment regression,causal,0.0,True,0.0,True,True,Train Ticket,loss,batch-02
rcaeval-12,none,claim-34,Root cause is not a security leak,Root cause is not a security leak,causal,0.0,True,0.0,True,True,Train Ticket,loss,batch-02
rcaeval-12,raw,claim-1,Pod 'ts-auth-service' has Failed,Pod 'ts-auth-service' has Failed,state,0.713,False,1.0,False,True,Train Ticket,loss,batch-02
rcaeval-12,raw,claim-2,Pod 'ts-auth-service' failure was due to internal resource exhaustion,Pod 'ts-auth-service' failure was due to internal resource exhaustion,causal,0.715,False,1.0,False,True,Train Ticket,loss,batch-02
rcaeval-12,raw,claim-3,ts-auth-service experienced CPU saturation,ts-auth-service experienced CPU saturation,state,0.584,False,0.5,False,True,Train Ticket,loss,batch-02
rcaeval-12,raw,claim-4,ts-auth-service experienced performance degradation,ts-auth-service experienced performance degradation,state,0.713,False,0.0,True,False,Train Ticket,loss,batch-02
rcaeval-12,raw,claim-5,Service is unavailable on node-worker-01,Service is unavailable on node-worker-01,state,0.72,False,0.0,True,False,Train Ticket,loss,batch-02
rcaeval-12,raw,claim-6,Pod 'ts-auth-service' is hosted on node-worker-01,Pod 'ts-auth-service' is hosted on node-worker-01,entity_relationship,0.715,False,1.0,False,True,Train Ticket,loss,batch-02
rcaeval-12,raw,claim-7,Failure is isolated with no downstream dependency impact,Failure is isolated with no downstream dependency impact,state,0.0,True,0.0,True,True,Train Ticket,loss,batch-02
rcaeval-12,raw,claim-8,Failure has no neighbor contention impact,Failure has no neighbor contention impact,state,0.0,True,0.0,True,True,Train Ticket,loss,batch-02
rcaeval-12,raw,claim-9,Correlated signals point to internal performance pressure as the cause,Correlated signals point to internal performance pressure as the cause,causal,0.0,True,0.0,True,True,Train Ticket,loss,batch-02
rcaeval-12,raw,claim-10,Failure was not caused by external contention,Failure was not caused by external contention,state,0.0,True,0.0,True,True,Train Ticket,loss,batch-02
rcaeval-12,raw,claim-11,Failure was not caused by deployment regression,Failure was not caused by deployment regression,state,0.0,True,0.0,True,True,Train Ticket,loss,batch-02
rcaeval-12,raw,claim-12,Failure was not caused by security compromise,Failure was not caused by security compromise,state,0.0,True,0.0,True,True,Train Ticket,loss,batch-02
rcaeval-12,raw,claim-13,MONITORING signal with confidence 0.95 reports critical high CPU usage,MONITORING signal with confidence 0.95 reports critical high CPU usage,state,0.0,True,0.0,True,True,Train Ticket,loss,batch-02
rcaeval-12,raw,claim-14,LOGS signal with confidence 0.92 confirms 0 log entries for ts-auth-service,LOGS signal with confidence 0.92 confirms 0 log entries for ts-auth-service,state,0.713,False,0.5,False,True,Train Ticket,loss,batch-02
rcaeval-12,raw,claim-15,No errors or exceptions in logs explain the failure,No errors or exceptions in logs explain the failure,state,0.0,True,0.0,True,True,Train Ticket,loss,batch-02
rcaeval-12,raw,claim-16,Performance pressure occurred after timestamp 1705983003,Performance pressure occurred after timestamp 1705983003,temporal,0.0,True,0.0,True,True,Train Ticket,loss,batch-02
rcaeval-12,raw,claim-17,ts-auth-service_diskio spiked from 6.006e+04 to 1.479e+05 after 1705983003,ts-auth-service_diskio spiked from 6.006e+04 to 1.479e+05 after 1705983003,temporal,0.38,True,0.5,False,False,Train Ticket,loss,batch-02
rcaeval-12,raw,claim-18,latency-50 increased from 0.2421 to 0.3037 after 1705983003,latency-50 increased from 0.2421 to 0.3037 after 1705983003,temporal,0.337,True,0.5,False,False,Train Ticket,loss,batch-02
rcaeval-12,raw,claim-19,TOPOLOGY signal with confidence 0.99 rules out noisy-neighbor contention,TOPOLOGY signal with confidence 0.99 rules out noisy-neighbor contention,state,0.0,True,0.0,True,True,Train Ticket,loss,batch-02
rcaeval-12,raw,claim-20,TOPOLOGY signal rules out dependency failure,TOPOLOGY signal rules out dependency failure,state,0.0,True,0.0,True,True,Train Ticket,loss,batch-02
rcaeval-12,raw,claim-21,Pod 'ts-auth-service' is isolated on node-worker-01,Pod 'ts-auth-service' is isolated on node-worker-01,entity_relationship,0.715,False,1.0,False,True,Train Ticket,loss,batch-02
rcaeval-12,raw,claim-22,Pod 'ts-auth-service' is the sole entry in the noisy_neighbors list,Pod 'ts-auth-service' is the sole entry in the noisy_neighbors list,entity_relationship,0.713,False,0.0,True,False,Train Ticket,loss,batch-02
rcaeval-12,raw,claim-23,SECURITY signal with confidence 0.95 rules out credential leak,SECURITY signal with confidence 0.95 rules out credential leak,state,0.0,True,1.0,False,False,Train Ticket,loss,batch-02
rcaeval-12,raw,claim-24,No secrets or tokens were found,No secrets or tokens were found,state,0.0,True,0.0,True,True,Train Ticket,loss,batch-02
rcaeval-12,raw,claim-25,No leak indicators were found in metrics,No leak indicators were found in metrics,state,0.0,True,0.0,True,True,Train Ticket,loss,batch-02
rcaeval-12,raw,claim-26,DEPLOYMENTS signal with confidence 0.35 indicating Degraded deployment is discounted due to low confidence,DEPLOYMENTS signal with confidence 0.35 indicating Degraded deployment is discounted due to low confidence,state,0.0,True,0.0,True,True,Train Ticket,loss,batch-02
rcaeval-12,raw,claim-27,SHA is null,SHA is null,state,0.0,True,0.0,True,True,Train Ticket,loss,batch-02
rcaeval-12,raw,claim-28,commit_msg is null,commit_msg is null,state,0.0,True,0.5,False,False,Train Ticket,loss,batch-02
rcaeval-12,raw,claim-29,Null SHA and commit_msg prevent Git correlation,Null SHA and commit_msg prevent Git correlation,causal,0.0,True,0.0,True,True,Train Ticket,loss,batch-02
rcaeval-12,raw,claim-30,Deployment regression cannot be confirmed,Deployment regression cannot be confirmed,state,0.0,True,0.0,True,True,Train Ticket,loss,batch-02
rcaeval-12,raw,claim-31,CPU saturation led to disk I/O degradation,CPU saturation led to disk I/O degradation,causal,0.0,True,0.0,True,True,Train Ticket,loss,batch-02
rcaeval-12,raw,claim-32,CPU saturation led to latency degradation,CPU saturation led to latency degradation,causal,0.0,True,0.0,True,True,Train Ticket,loss,batch-02
rcaeval-12,raw,claim-33,CPU saturation led to eventual silent pod failure or crash,CPU saturation led to eventual silent pod failure or crash,causal,0.0,True,0.0,True,True,Train Ticket,loss,batch-02
rcaeval-12,raw,claim-34,Pod failure or crash occurred before logs could be emitted or collected,Pod failure or crash occurred before logs could be emitted or collected,temporal,0.0,True,0.0,True,True,Train Ticket,loss,batch-02
rcaeval-12,hybrid,claim-1,Pod 'ts-auth-service' is in 'Failed' status,Pod 'ts-auth-service' is in 'Failed' status,state,0.713,False,1.0,False,True,Train Ticket,loss,batch-02
rcaeval-12,hybrid,claim-2,Pod 'ts-auth-service' is located on node 'node-worker-01',Pod 'ts-auth-service' is located on node 'node-worker-01',entity_relationship,0.715,False,1.0,False,True,Train Ticket,loss,batch-02
rcaeval-12,hybrid,claim-3,Deployment 'ts-auth-service-deploy' is in 'Degraded' status,Deployment 'ts-auth-service-deploy' is in 'Degraded' status,state,0.693,False,0.5,False,True,Train Ticket,loss,batch-02
rcaeval-12,hybrid,claim-4,Deployment 'ts-auth-service-deploy' is associated with pod 'ts-auth-service',Deployment 'ts-auth-service-deploy' is associated with pod 'ts-auth-service',entity_relationship,0.693,False,1.0,False,True,Train Ticket,loss,batch-02
rcaeval-12,hybrid,claim-5,No definitive root cause can be established from current telemetry,No definitive root cause can be established from current telemetry,general,0.0,True,0.0,True,True,Train Ticket,loss,batch-02
rcaeval-12,hybrid,claim-6,Impact appears isolated to pod 'ts-auth-service',Impact appears isolated to pod 'ts-auth-service',general,0.713,False,0.0,True,False,Train Ticket,loss,batch-02
rcaeval-12,hybrid,claim-7,No evidence of noisy-neighbor contention exists,No evidence of noisy-neighbor contention exists,general,0.0,True,0.0,True,True,Train Ticket,loss,batch-02
rcaeval-12,hybrid,claim-8,No evidence of credential leak exists,No evidence of credential leak exists,general,0.0,True,0.0,True,True,Train Ticket,loss,batch-02
rcaeval-12,hybrid,claim-9,No evidence of correlated log errors exists,No evidence of correlated log errors exists,general,0.0,True,0.0,True,True,Train Ticket,loss,batch-02
rcaeval-12,hybrid,claim-10,Correlation of 5 agents shows a consistent lack of conclusive evidence rather than a single clear cause,Correlation of 5 agents shows a consistent lack of conclusive evidence rather than a single clear cause,general,0.0,True,0.0,True,True,Train Ticket,loss,batch-02
rcaeval-12,hybrid,claim-11,MONITORING reports only a single cumulative counter sample,MONITORING reports only a single cumulative counter sample,state,0.0,True,0.0,True,True,Train Ticket,loss,batch-02
rcaeval-12,hybrid,claim-12,container_cpu_usage_seconds_total equals 95.0,container_cpu_usage_seconds_total equals 95.0,state,0.367,True,0.0,True,True,Train Ticket,loss,batch-02
rcaeval-12,hybrid,claim-13,The single counter sample was recorded at timestamp 1705983003,The single counter sample was recorded at timestamp 1705983003,temporal,0.0,True,0.0,True,True,Train Ticket,loss,batch-02
rcaeval-12,hybrid,claim-14,A single sample is insufficient for rate/irate calculation without historical baseline,A single sample is insufficient for rate/irate calculation without historical baseline,causal,0.0,True,0.0,True,True,Train Ticket,loss,batch-02
rcaeval-12,hybrid,claim-15,Zero log entries for ts-auth-service exist in the provided window,Zero log entries for ts-auth-service exist in the provided window,state,0.713,False,1.0,False,True,Train Ticket,loss,batch-02
rcaeval-12,hybrid,claim-16,All logs in the provided window are from other services,All logs in the provided window are from other services,general,0.0,True,0.0,True,True,Train Ticket,loss,batch-02
rcaeval-12,hybrid,claim-17,No error/exception pattern can be confirmed from logs,No error/exception pattern can be confirmed from logs,general,0.0,True,0.0,True,True,Train Ticket,loss,batch-02
rcaeval-12,hybrid,claim-18,SECURITY corroborates no credential leak,SECURITY corroborates no credential leak,general,0.0,True,0.0,True,True,Train Ticket,loss,batch-02
rcaeval-12,hybrid,claim-19,SECURITY reports no ts-auth-service logs to analyze,SECURITY reports no ts-auth-service logs to analyze,state,0.713,False,1.0,False,True,Train Ticket,loss,batch-02
rcaeval-12,hybrid,claim-20,TOPOLOGY reports pod 'ts-auth-service' is isolated on node 'node-worker-01',TOPOLOGY reports pod 'ts-auth-service' is isolated on node 'node-worker-01',entity_relationship,0.713,False,1.0,False,True,Train Ticket,loss,batch-02
rcaeval-12,hybrid,claim-21,The noisy_neighbors list contains only itself,The noisy_neighbors list contains only itself,state,0.0,True,0.0,True,True,Train Ticket,loss,batch-02
rcaeval-12,hybrid,claim-22,The dependencies list is empty,The dependencies list is empty,state,0.0,True,0.5,False,False,Train Ticket,loss,batch-02
rcaeval-12,hybrid,claim-23,Isolation on node-worker-01 with empty dependencies rules out co-located workload contention,Isolation on node-worker-01 with empty dependencies rules out co-located workload contention,causal,0.72,False,0.0,True,False,Train Ticket,loss,batch-02
rcaeval-12,hybrid,claim-24,Git SHA is null,Git SHA is null,state,0.0,True,0.0,True,True,Train Ticket,loss,batch-02
rcaeval-12,hybrid,claim-25,commit_msg is null,commit_msg is null,state,0.0,True,0.0,True,True,Train Ticket,loss,batch-02
rcaeval-12,hybrid,claim-26,Regression cannot be correlated or ruled out due to null Git SHA and commit_msg,Regression cannot be correlated or ruled out due to null Git SHA and commit_msg,causal,0.0,True,0.0,True,True,Train Ticket,loss,batch-02
rcaeval-12,hybrid,claim-27,Elevated metrics are observed after timestamp 1705983003,Elevated metrics are observed after timestamp 1705983003,temporal,0.0,True,0.0,True,True,Train Ticket,loss,batch-02
rcaeval-12,hybrid,claim-28,diskio mean increased from 6.01e+04 to 1.48e+05 after 1705983003,diskio mean increased from 6.01e+04 to 1.48e+05 after 1705983003,temporal,0.0,True,0.0,True,True,Train Ticket,loss,batch-02
rcaeval-12,hybrid,claim-29,latency-50 mean increased from 0.2421 to 0.3037 after 1705983003,latency-50 mean increased from 0.2421 to 0.3037 after 1705983003,temporal,0.349,True,0.0,True,True,Train Ticket,loss,batch-02
rcaeval-12,hybrid,claim-30,Elevated metrics are uncorroborated by logs,Elevated metrics are uncorroborated by logs,general,0.0,True,0.0,True,True,Train Ticket,loss,batch-02
rcaeval-12,hybrid,claim-31,Elevated metrics are uncorroborated by deployment history,Elevated metrics are uncorroborated by deployment history,general,0.0,True,0.0,True,True,Train Ticket,loss,batch-02
rcaeval-12,hybrid,claim-32,Elevated metrics are uncorroborated by resource saturation data,Elevated metrics are uncorroborated by resource saturation data,general,0.0,True,0.0,True,True,Train Ticket,loss,batch-02
rcaeval-12,hybrid,claim-33,Root cause is indeterminate and classified as unknown failure due to data gaps,Root cause is indeterminate and classified as unknown failure due to data gaps,causal,0.0,True,0.0,True,True,Train Ticket,loss,batch-02
rcaeval-12,hybrid,claim-34,Root cause is not attributable to noisy neighbor with available data,Root cause is not attributable to noisy neighbor with available data,causal,0.0,True,0.0,True,True,Train Ticket,loss,batch-02
rcaeval-12,hybrid,claim-35,Root cause is not attributable to log-visible errors with available data,Root cause is not attributable to log-visible errors with available data,causal,0.0,True,0.0,True,True,Train Ticket,loss,batch-02
rcaeval-12,hybrid,claim-36,Root cause is not attributable to credential exposure with available data,Root cause is not attributable to credential exposure with available data,causal,0.0,True,0.0,True,True,Train Ticket,loss,batch-02
rcaeval-13,none,claim-1,Pod 'checkoutservice' has Failed,Pod 'checkoutservice' has Failed,state,0.708,False,1.0,False,True,Online Boutique,mem,batch-03
rcaeval-13,none,claim-2,Pod 'checkoutservice' failure was due to isolated resource exhaustion,Pod 'checkoutservice' failure was due to isolated resource exhaustion,causal,0.713,False,1.0,False,True,Online Boutique,mem,batch-03
rcaeval-13,none,claim-3,Isolated resource exhaustion caused ~45x CPU spike,Isolated resource exhaustion caused ~45x CPU spike,causal,0.0,True,0.0,True,True,Online Boutique,mem,batch-03
rcaeval-13,none,claim-4,Isolated resource exhaustion caused ~20x memory growth,Isolated resource exhaustion caused ~20x memory growth,causal,0.0,True,0.0,True,True,Online Boutique,mem,batch-03
rcaeval-13,none,claim-5,Isolated resource exhaustion caused ~8.6x p90 latency degradation,Isolated resource exhaustion caused ~8.6x p90 latency degradation,causal,0.0,True,0.0,True,True,Online Boutique,mem,batch-03
rcaeval-13,none,claim-6,checkoutservice was rendered unresponsive,checkoutservice was rendered unresponsive,state,0.708,False,0.0,True,False,Online Boutique,mem,batch-03
rcaeval-13,none,claim-7,Impact is isolated to checkoutservice,Impact is isolated to checkoutservice,state,0.708,False,0.5,False,True,Online Boutique,mem,batch-03
rcaeval-13,none,claim-8,There was no cascading failure to frontend,There was no cascading failure to frontend,state,0.0,True,0.0,True,True,Online Boutique,mem,batch-03
rcaeval-13,none,claim-9,There was no cascading failure to cartservice,There was no cascading failure to cartservice,state,0.0,True,0.0,True,True,Online Boutique,mem,batch-03
rcaeval-13,none,claim-10,There was no cascading failure to paymentservice,There was no cascading failure to paymentservice,state,0.0,True,0.0,True,True,Online Boutique,mem,batch-03
rcaeval-13,none,claim-11,There was no cascading failure to emailservice,There was no cascading failure to emailservice,state,0.0,True,0.0,True,True,Online Boutique,mem,batch-03
rcaeval-13,none,claim-12,There was no cascading failure to redis,There was no cascading failure to redis,state,0.0,True,0.0,True,True,Online Boutique,mem,batch-03
rcaeval-13,none,claim-13,At timestamp 1705462070 checkoutservice experienced catastrophic resource exhaustion,At timestamp 1705462070 checkoutservice experienced catastrophic resource exhaustion,temporal,0.567,False,0.0,True,False,Online Boutique,mem,batch-03
rcaeval-13,none,claim-14,checkoutservice CPU mean increased from 0.4122 to 18.6 (~45x increase),checkoutservice CPU mean increased from 0.4122 to 18.6 (~45x increase),state,0.604,False,0.0,True,False,Online Boutique,mem,batch-03
rcaeval-13,none,claim-15,checkoutservice memory increased from 1.137e+07 to 2.247e+08 (~19.8x increase),checkoutservice memory increased from 1.137e+07 to 2.247e+08 (~19.8x increase),state,0.71,False,0.0,True,False,Online Boutique,mem,batch-03
rcaeval-13,none,claim-16,checkoutservice p90 latency increased from 0.2447 to 2.115 (~8.6x),checkoutservice p90 latency increased from 0.2447 to 2.115 (~8.6x),state,0.593,False,0.5,False,True,Online Boutique,mem,batch-03
rcaeval-13,none,claim-17,checkoutservice p50 latency increased from 0.1495 to 0.8316 (~5.6x),checkoutservice p50 latency increased from 0.1495 to 0.8316 (~5.6x),state,0.606,False,0.5,False,True,Online Boutique,mem,batch-03
rcaeval-13,none,claim-18,Absence of checkoutservice logs occurred despite severe metric degradation,Absence of checkoutservice logs occurred despite severe metric degradation,state,0.554,False,0.5,False,True,Online Boutique,mem,batch-03
rcaeval-13,none,claim-19,Absence of checkoutservice logs indicates CPU saturation / resource exhaustion,Absence of checkoutservice logs indicates CPU saturation / resource exhaustion,causal,0.58,False,0.5,False,True,Online Boutique,mem,batch-03
rcaeval-13,none,claim-20,CPU saturation leads to process unresponsiveness,CPU saturation leads to process unresponsiveness,causal,0.0,True,0.0,True,True,Online Boutique,mem,batch-03
rcaeval-13,none,claim-21,Memory leak leads to process unresponsiveness,Memory leak leads to process unresponsiveness,causal,0.0,True,0.0,True,True,Online Boutique,mem,batch-03
rcaeval-13,none,claim-22,Process unresponsiveness leads to latency saturation,Process unresponsiveness leads to latency saturation,causal,0.0,True,0.0,True,True,Online Boutique,mem,batch-03
rcaeval-13,none,claim-23,frontend-external_error dropped to 0,frontend-external_error dropped to 0,state,0.0,True,0.5,False,False,Online Boutique,mem,batch-03
rcaeval-13,none,claim-24,frontend-external_error dropping to 0 suggests traffic shedding,frontend-external_error dropping to 0 suggests traffic shedding,causal,0.0,True,0.0,True,True,Online Boutique,mem,batch-03
rcaeval-13,none,claim-25,Topology confirms fault is internal,Topology confirms fault is internal,general,0.0,True,0.0,True,True,Online Boutique,mem,batch-03
rcaeval-13,none,claim-26,checkoutservice pod is isolated on node-worker-01,checkoutservice pod is isolated on node-worker-01,entity_relationship,0.708,False,1.0,False,True,Online Boutique,mem,batch-03
rcaeval-13,none,claim-27,checkoutservice pod has no dependencies,checkoutservice pod has no dependencies,entity_relationship,0.708,False,1.0,False,True,Online Boutique,mem,batch-03
rcaeval-13,none,claim-28,noisy_neighbors for checkoutservice contains only itself,noisy_neighbors for checkoutservice contains only itself,entity_relationship,0.708,False,1.0,False,True,Online Boutique,mem,batch-03
rcaeval-13,none,claim-29,Noisy-neighbor contention is ruled out,Noisy-neighbor contention is ruled out,general,0.0,True,0.0,True,True,Online Boutique,mem,batch-03
rcaeval-13,none,claim-30,Other services remained stable,Other services remained stable,state,0.0,True,0.0,True,True,Online Boutique,mem,batch-03
rcaeval-13,none,claim-31,Failure is a non-cascading isolated failure,Failure is a non-cascading isolated failure,general,0.0,True,0.0,True,True,Online Boutique,mem,batch-03
rcaeval-13,none,claim-32,Deployment Degraded status cannot be correlated to a code change,Deployment Degraded status cannot be correlated to a code change,general,0.0,True,0.0,True,True,Online Boutique,mem,batch-03
rcaeval-13,none,claim-33,Deployment sha/commit_msg is null,Deployment sha/commit_msg is null,state,0.0,True,0.5,False,False,Online Boutique,mem,batch-03
rcaeval-13,none,claim-34,Security shows no breach,Security shows no breach,state,0.0,True,0.0,True,True,Online Boutique,mem,batch-03
rcaeval-13,none,claim-35,Monitoring's single-sample counter value is 95.0,Monitoring's single-sample counter value is 95.0,state,0.0,True,0.0,True,True,Online Boutique,mem,batch-03
rcaeval-13,none,claim-36,Monitoring's single-sample counter is inconclusive and is a methodological limitation requiring rate(),Monitoring's single-sample counter is inconclusive and is a methodological limitation requiring rate(),general,0.0,True,0.0,True,True,Online Boutique,mem,batch-03
rcaeval-13,none,claim-37,Monitoring's single-sample counter is discounted,Monitoring's single-sample counter is discounted,general,0.0,True,0.0,True,True,Online Boutique,mem,batch-03
rcaeval-13,raw,claim-1,Pod 'checkoutservice' has Failed,Pod 'checkoutservice' has Failed,state,0.708,False,1.0,False,True,Online Boutique,mem,batch-03
rcaeval-13,raw,claim-2,Pod 'checkoutservice' failure was due to isolated severe resource exhaustion,Pod 'checkoutservice' failure was due to isolated severe resource exhaustion,causal,0.713,False,1.0,False,True,Online Boutique,mem,batch-03
rcaeval-13,raw,claim-3,"Isolated severe resource exhaustion caused 5-45x spikes in CPU, memory, and latency","Isolated severe resource exhaustion caused 5-45x spikes in CPU, memory, and latency",causal,0.0,True,0.0,True,True,Online Boutique,mem,batch-03
rcaeval-13,raw,claim-4,Isolated severe resource exhaustion created node-level contention on node-worker-01,Isolated severe resource exhaustion created node-level contention on node-worker-01,causal,0.72,False,0.0,True,False,Online Boutique,mem,batch-03
rcaeval-13,raw,claim-5,Node-level contention on node-worker-01 risks degrading co-located workloads,Node-level contention on node-worker-01 risks degrading co-located workloads,causal,0.72,False,0.0,True,False,Online Boutique,mem,batch-03
rcaeval-13,raw,claim-6,Correlated high-confidence telemetry shows an isolated performance failure localized entirely to checkoutservice,Correlated high-confidence telemetry shows an isolated performance failure localized entirely to checkoutservice,state,0.71,False,0.0,True,False,Online Boutique,mem,batch-03
rcaeval-13,raw,claim-7,The isolated performance failure occurred at 1705462070,The isolated performance failure occurred at 1705462070,temporal,0.0,True,0.0,True,True,Online Boutique,mem,batch-03
rcaeval-13,raw,claim-8,The failure was not a systemic issue,The failure was not a systemic issue,state,0.0,True,0.0,True,True,Online Boutique,mem,batch-03
rcaeval-13,raw,claim-9,The failure was not a dependency issue,The failure was not a dependency issue,state,0.0,True,0.0,True,True,Online Boutique,mem,batch-03
rcaeval-13,raw,claim-10,LOGS Agent detected metrics with confidence 0.96,LOGS Agent detected metrics with confidence 0.96,state,0.0,True,0.5,False,False,Online Boutique,mem,batch-03
rcaeval-13,raw,claim-11,CPU mean increased from 0.4122 to 18.6 (~45x),CPU mean increased from 0.4122 to 18.6 (~45x),state,0.0,True,0.5,False,False,Online Boutique,mem,batch-03
rcaeval-13,raw,claim-12,Memory increased from 1.137e+07 to 2.247e+08 (~19.8x),Memory increased from 1.137e+07 to 2.247e+08 (~19.8x),state,0.0,True,0.5,False,False,Online Boutique,mem,batch-03
rcaeval-13,raw,claim-13,p90 latency increased from 0.2447 to 2.115 (~8.6x),p90 latency increased from 0.2447 to 2.115 (~8.6x),state,0.0,True,0.5,False,False,Online Boutique,mem,batch-03
rcaeval-13,raw,claim-14,p50 latency increased from 0.1495 to 0.8316 (~5.6x),p50 latency increased from 0.1495 to 0.8316 (~5.6x),state,0.0,True,0.5,False,False,Online Boutique,mem,batch-03
rcaeval-13,raw,claim-15,"All other services (paymentservice, cartservice, frontend, emailservice, redis) remained stable","All other services (paymentservice, cartservice, frontend, emailservice, redis) remained stable",state,0.0,True,0.0,True,True,Online Boutique,mem,batch-03
rcaeval-13,raw,claim-16,No checkoutservice error logs were observed,No checkoutservice error logs were observed,state,0.539,False,0.5,False,True,Online Boutique,mem,batch-03
rcaeval-13,raw,claim-17,The observed metrics indicate a CPU/memory leak or overload,The observed metrics indicate a CPU/memory leak or overload,causal,0.0,True,0.0,True,True,Online Boutique,mem,batch-03
rcaeval-13,raw,claim-18,TOPOLOGY Agent confirms findings with confidence 0.92,TOPOLOGY Agent confirms findings with confidence 0.92,state,0.0,True,0.5,False,False,Online Boutique,mem,batch-03
rcaeval-13,raw,claim-19,checkoutservice is located on node-worker-01,checkoutservice is located on node-worker-01,entity_relationship,0.708,False,0.5,False,True,Online Boutique,mem,batch-03
rcaeval-13,raw,claim-20,checkoutservice is itself the noisy neighbor on node-worker-01,checkoutservice is itself the noisy neighbor on node-worker-01,entity_relationship,0.71,False,0.5,False,True,Online Boutique,mem,batch-03
rcaeval-13,raw,claim-21,checkoutservice has no dependencies,checkoutservice has no dependencies,entity_relationship,0.713,False,0.0,True,False,Online Boutique,mem,batch-03
rcaeval-13,raw,claim-22,checkoutservice has no downstream contention,checkoutservice has no downstream contention,state,0.71,False,0.0,True,False,Online Boutique,mem,batch-03
rcaeval-13,raw,claim-23,checkoutservice is the source of CPU/Memory/IO pressure rather than a victim,checkoutservice is the source of CPU/Memory/IO pressure rather than a victim,causal,0.71,False,0.0,True,False,Online Boutique,mem,batch-03
rcaeval-13,raw,claim-24,MONITORING Agent is low-confidence at 0.35 and inconclusive,MONITORING Agent is low-confidence at 0.35 and inconclusive,state,0.0,True,0.5,False,False,Online Boutique,mem,batch-03
rcaeval-13,raw,claim-25,DEPLOYMENTS Agent is 0.2 Degraded with null SHA/commit_msg,DEPLOYMENTS Agent is 0.2 Degraded with null SHA/commit_msg,state,0.0,True,0.0,True,True,Online Boutique,mem,batch-03
rcaeval-13,raw,claim-26,MONITORING and DEPLOYMENTS provide no contradictory signal,MONITORING and DEPLOYMENTS provide no contradictory signal,state,0.0,True,0.0,True,True,Online Boutique,mem,batch-03
rcaeval-13,raw,claim-27,SECURITY Agent has confidence 0.8,SECURITY Agent has confidence 0.8,state,0.0,True,0.5,False,False,Online Boutique,mem,batch-03
rcaeval-13,raw,claim-28,SECURITY rules out breach/RBAC causes,SECURITY rules out breach/RBAC causes,state,0.0,True,1.0,False,False,Online Boutique,mem,batch-03
rcaeval-13,raw,claim-29,Internal resource leak/overload led to severe latency degradation,Internal resource leak/overload led to severe latency degradation,causal,0.0,True,0.0,True,True,Online Boutique,mem,batch-03
rcaeval-13,raw,claim-30,Internal resource leak/overload led to pod failure,Internal resource leak/overload led to pod failure,causal,0.0,True,0.0,True,True,Online Boutique,mem,batch-03
rcaeval-13,hybrid,claim-1,checkoutservice pod is in 'Failed' status,checkoutservice pod is in 'Failed' status,state,0.708,False,1.0,False,True,Online Boutique,mem,batch-03
rcaeval-13,hybrid,claim-2,checkoutservice experienced severe isolated CPU/memory exhaustion,checkoutservice experienced severe isolated CPU/memory exhaustion,state,0.71,False,1.0,False,True,Online Boutique,mem,batch-03
rcaeval-13,hybrid,claim-3,CPU/memory exhaustion caused ~8.6x p90 latency increase from 0.24s to 2.11s,CPU/memory exhaustion caused ~8.6x p90 latency increase from 0.24s to 2.11s,causal,0.0,True,0.0,True,True,Online Boutique,mem,batch-03
rcaeval-13,hybrid,claim-4,CPU/memory exhaustion caused complete loss of checkout functionality,CPU/memory exhaustion caused complete loss of checkout functionality,causal,0.534,False,0.0,True,False,Online Boutique,mem,batch-03
rcaeval-13,hybrid,claim-5,Impact is isolated to checkoutservice,Impact is isolated to checkoutservice,state,0.708,False,0.5,False,True,Online Boutique,mem,batch-03
rcaeval-13,hybrid,claim-6,There was no cascade to other services,There was no cascade to other services,state,0.0,True,0.0,True,True,Online Boutique,mem,batch-03
rcaeval-13,hybrid,claim-7,Root cause is internal resource exhaustion / overload isolated to checkoutservice,Root cause is internal resource exhaustion / overload isolated to checkoutservice,causal,0.708,False,0.5,False,True,Online Boutique,mem,batch-03
rcaeval-13,hybrid,claim-8,Root cause started after 1705462070,Root cause started after 1705462070,temporal,0.0,True,0.0,True,True,Online Boutique,mem,batch-03
rcaeval-13,hybrid,claim-9,Root cause is not external contention,Root cause is not external contention,general,0.0,True,0.0,True,True,Online Boutique,mem,batch-03
rcaeval-13,hybrid,claim-10,Root cause is not security/deployment regression,Root cause is not security/deployment regression,general,0.0,True,0.0,True,True,Online Boutique,mem,batch-03
rcaeval-13,hybrid,claim-11,LOGS Agent confidence is 0.94,LOGS Agent confidence is 0.94,general,0.0,True,0.0,True,True,Online Boutique,mem,batch-03
rcaeval-13,hybrid,claim-12,CPU mean increased from 0.4122 to 18.6 (~45x increase),CPU mean increased from 0.4122 to 18.6 (~45x increase),state,0.0,True,0.0,True,True,Online Boutique,mem,batch-03
rcaeval-13,hybrid,claim-13,Memory increased from 1.137e+07 to 2.247e+08 (~19.8x increase),Memory increased from 1.137e+07 to 2.247e+08 (~19.8x increase),state,0.0,True,0.0,True,True,Online Boutique,mem,batch-03
rcaeval-13,hybrid,claim-14,p90 latency increased from 0.2447 to 2.115 (~8.6x),p90 latency increased from 0.2447 to 2.115 (~8.6x),state,0.0,True,0.0,True,True,Online Boutique,mem,batch-03
rcaeval-13,hybrid,claim-15,p50 latency increased from 0.1495 to 0.8316 (~5.6x),p50 latency increased from 0.1495 to 0.8316 (~5.6x),state,0.0,True,0.0,True,True,Online Boutique,mem,batch-03
rcaeval-13,hybrid,claim-16,Sockets increased from 9 to 12,Sockets increased from 9 to 12,state,0.0,True,0.5,False,False,Online Boutique,mem,batch-03
rcaeval-13,hybrid,claim-17,"Other services paymentservice, cartservice, frontend, emailservice, and redis show only minor changes","Other services paymentservice, cartservice, frontend, emailservice, and redis show only minor changes",state,0.0,True,0.0,True,True,Online Boutique,mem,batch-03
rcaeval-13,hybrid,claim-18,Minor changes in other services confirms isolation to checkoutservice,Minor changes in other services confirms isolation to checkoutservice,causal,0.708,False,0.0,True,False,Online Boutique,mem,batch-03
rcaeval-13,hybrid,claim-19,No checkoutservice error logs exist,No checkoutservice error logs exist,state,0.708,False,0.5,False,True,Online Boutique,mem,batch-03
rcaeval-13,hybrid,claim-20,frontend-external_error dropped to 0,frontend-external_error dropped to 0,state,0.0,True,0.0,True,True,Online Boutique,mem,batch-03
rcaeval-13,hybrid,claim-21,"Absence of checkoutservice error logs and frontend-external_error dropping to 0 indicates failure is due to overload/resource saturation, not application-logged errors","Absence of checkoutservice error logs and frontend-external_error dropping to 0 indicates failure is due to overload/resource saturation, not application-logged errors",causal,0.71,False,0.0,True,False,Online Boutique,mem,batch-03
rcaeval-13,hybrid,claim-22,TOPOLOGY Agent confidence is 0.98,TOPOLOGY Agent confidence is 0.98,general,0.0,True,0.0,True,True,Online Boutique,mem,batch-03
rcaeval-13,hybrid,claim-23,TOPOLOGY Agent eliminates noisy-neighbor contention,TOPOLOGY Agent eliminates noisy-neighbor contention,causal,0.0,True,0.0,True,True,Online Boutique,mem,batch-03
rcaeval-13,hybrid,claim-24,checkoutservice is the only pod on node-worker-01,checkoutservice is the only pod on node-worker-01,entity_relationship,0.708,False,0.5,False,True,Online Boutique,mem,batch-03
rcaeval-13,hybrid,claim-25,checkoutservice has self-reference on node-worker-01,checkoutservice has self-reference on node-worker-01,entity_relationship,0.708,False,0.0,True,False,Online Boutique,mem,batch-03
rcaeval-13,hybrid,claim-26,checkoutservice has no dependencies,checkoutservice has no dependencies,entity_relationship,0.713,False,0.5,False,True,Online Boutique,mem,batch-03
rcaeval-13,hybrid,claim-27,MONITORING Agent confidence is 0.55,MONITORING Agent confidence is 0.55,general,0.0,True,0.0,True,True,Online Boutique,mem,batch-03
rcaeval-13,hybrid,claim-28,MONITORING Agent is discounted due to flawed methodology,MONITORING Agent is discounted due to flawed methodology,causal,0.0,True,0.0,True,True,Online Boutique,mem,batch-03
rcaeval-13,hybrid,claim-29,MONITORING Agent used single cumulative counter sample of 95.0,MONITORING Agent used single cumulative counter sample of 95.0,state,0.0,True,0.0,True,True,Online Boutique,mem,batch-03
rcaeval-13,hybrid,claim-30,Single cumulative counter sample is insufficient without rate() calculation,Single cumulative counter sample is insufficient without rate() calculation,general,0.0,True,0.0,True,True,Online Boutique,mem,batch-03
rcaeval-13,hybrid,claim-31,DEPLOYMENTS Agent confidence is 0.1,DEPLOYMENTS Agent confidence is 0.1,general,0.0,True,0.0,True,True,Online Boutique,mem,batch-03
rcaeval-13,hybrid,claim-32,DEPLOYMENTS Agent is inconclusive,DEPLOYMENTS Agent is inconclusive,general,0.0,True,0.0,True,True,Online Boutique,mem,batch-03
rcaeval-13,hybrid,claim-33,DEPLOYMENTS Agent shows Degraded status,DEPLOYMENTS Agent shows Degraded status,state,0.0,True,0.5,False,False,Online Boutique,mem,batch-03
rcaeval-13,hybrid,claim-34,sha/commit_msg is null,sha/commit_msg is null,state,0.0,True,0.0,True,True,Online Boutique,mem,batch-03
rcaeval-13,hybrid,claim-35,Null sha/commit_msg prevents Git regression correlation,Null sha/commit_msg prevents Git regression correlation,causal,0.0,True,0.0,True,True,Online Boutique,mem,batch-03
rcaeval-13,hybrid,claim-36,SECURITY Agent confidence is 0.8,SECURITY Agent confidence is 0.8,general,0.0,True,0.0,True,True,Online Boutique,mem,batch-03
rcaeval-13,hybrid,claim-37,SECURITY Agent eliminates security breach/RBAC/secret causes,SECURITY Agent eliminates security breach/RBAC/secret causes,causal,0.0,True,0.0,True,True,Online Boutique,mem,batch-03
rcaeval-14,none,claim-1,Pod 'carts' has Failed,Pod 'carts' has Failed,state,0.515,False,1.0,False,True,Sock Shop,mem,batch-03
rcaeval-14,none,claim-2,Failure is due to severe internal CPU/memory exhaustion,Failure is due to severe internal CPU/memory exhaustion,causal,0.0,True,0.0,True,True,Sock Shop,mem,batch-03
rcaeval-14,none,claim-3,Failure occurred after 1705845578,Failure occurred after 1705845578,temporal,0.0,True,0.0,True,True,Sock Shop,mem,batch-03
rcaeval-14,none,claim-4,Failure caused 5.5x p90 latency degradation,Failure caused 5.5x p90 latency degradation,causal,0.0,True,1.0,False,False,Sock Shop,mem,batch-03
rcaeval-14,none,claim-5,Failure caused downstream impact to orders service,Failure caused downstream impact to orders service,causal,0.0,True,0.0,True,True,Sock Shop,mem,batch-03
rcaeval-14,none,claim-6,Orders service latency increased 2.9x,Orders service latency increased 2.9x,state,0.339,True,0.5,False,False,Sock Shop,mem,batch-03
rcaeval-14,none,claim-7,Failure caused RabbitMQ queue stall,Failure caused RabbitMQ queue stall,causal,0.0,True,0.0,True,True,Sock Shop,mem,batch-03
rcaeval-14,none,claim-8,Failure is isolated to the carts service itself,Failure is isolated to the carts service itself,entity_relationship,0.0,True,0.0,True,True,Sock Shop,mem,batch-03
rcaeval-14,none,claim-9,No external contention detected,No external contention detected,state,0.0,True,0.0,True,True,Sock Shop,mem,batch-03
rcaeval-14,none,claim-10,No security compromise detected,No security compromise detected,state,0.0,True,0.0,True,True,Sock Shop,mem,batch-03
rcaeval-14,none,claim-11,Root cause is application-level resource exhaustion/overload internal to 'carts',Root cause is application-level resource exhaustion/overload internal to 'carts',causal,0.0,True,0.0,True,True,Sock Shop,mem,batch-03
rcaeval-14,none,claim-12,Root cause is not external contention,Root cause is not external contention,causal,0.0,True,0.0,True,True,Sock Shop,mem,batch-03
rcaeval-14,none,claim-13,Root cause is not security compromise,Root cause is not security compromise,causal,0.0,True,0.0,True,True,Sock Shop,mem,batch-03
rcaeval-14,none,claim-14,LOGS Agent confidence is 0.94,LOGS Agent confidence is 0.94,general,0.0,True,0.0,True,True,Sock Shop,mem,batch-03
rcaeval-14,none,claim-15,LOGS Agent shows definitive metric-visible failure after 1705845578,LOGS Agent shows definitive metric-visible failure after 1705845578,temporal,0.0,True,0.0,True,True,Sock Shop,mem,batch-03
rcaeval-14,none,claim-16,carts_cpu increased from 4.715 to 72.36 (15.3x),carts_cpu increased from 4.715 to 72.36 (15.3x),state,0.355,True,1.0,False,False,Sock Shop,mem,batch-03
rcaeval-14,none,claim-17,carts_mem increased from 2.097e+08 to 1.448e+09 (6.9x),carts_mem increased from 2.097e+08 to 1.448e+09 (6.9x),state,0.36,True,1.0,False,False,Sock Shop,mem,batch-03
rcaeval-14,none,claim-18,carts_latency-90 increased from 0.02096 to 0.1153 (5.5x),carts_latency-90 increased from 0.02096 to 0.1153 (5.5x),state,0.375,True,1.0,False,False,Sock Shop,mem,batch-03
rcaeval-14,none,claim-19,carts_latency-50 increased from 0.009179 to 0.01841 (2x),carts_latency-50 increased from 0.009179 to 0.01841 (2x),state,0.372,True,1.0,False,False,Sock Shop,mem,batch-03
rcaeval-14,none,claim-20,carts_socket increased from 9.746 to 17.02,carts_socket increased from 9.746 to 17.02,state,0.341,True,1.0,False,False,Sock Shop,mem,batch-03
rcaeval-14,none,claim-21,carts-db_cpu increased from 1.485 to 2.208,carts-db_cpu increased from 1.485 to 2.208,state,0.362,True,1.0,False,False,Sock Shop,mem,batch-03
rcaeval-14,none,claim-22,orders_latency-90 degraded from 0.07696 to 0.2256 (2.9x),orders_latency-90 degraded from 0.07696 to 0.2256 (2.9x),state,0.354,True,0.5,False,False,Sock Shop,mem,batch-03
rcaeval-14,none,claim-23,rabbitmq_diskio dropped from 4544 to 0,rabbitmq_diskio dropped from 4544 to 0,state,0.351,True,0.5,False,False,Sock Shop,mem,batch-03
rcaeval-14,none,claim-24,rabbitmq_diskio drop indicates downstream queue stall/backpressure,rabbitmq_diskio drop indicates downstream queue stall/backpressure,causal,0.0,True,0.5,False,False,Sock Shop,mem,batch-03
rcaeval-14,none,claim-25,Application logs show only normal front-end/user/catalogue 200/202 successes,Application logs show only normal front-end/user/catalogue 200/202 successes,state,0.0,True,0.0,True,True,Sock Shop,mem,batch-03
rcaeval-14,none,claim-26,Application logs show no explicit [carts] errors,Application logs show no explicit [carts] errors,state,0.0,True,0.0,True,True,Sock Shop,mem,batch-03
rcaeval-14,none,claim-27,Failure is metric-visible but not log-visible,Failure is metric-visible but not log-visible,state,0.0,True,0.0,True,True,Sock Shop,mem,batch-03
rcaeval-14,none,claim-28,"Failure indicates silent overload/resource leak such as CPU hot-loop, memory leak, or traffic surge","Failure indicates silent overload/resource leak such as CPU hot-loop, memory leak, or traffic surge",causal,0.0,True,0.0,True,True,Sock Shop,mem,batch-03
rcaeval-14,none,claim-29,TOPOLOGY Agent confidence is 0.95,TOPOLOGY Agent confidence is 0.95,general,0.0,True,0.0,True,True,Sock Shop,mem,batch-03
rcaeval-14,none,claim-30,Pod 'carts' is isolated on node-worker-01,Pod 'carts' is isolated on node-worker-01,entity_relationship,0.72,False,1.0,False,True,Sock Shop,mem,batch-03
rcaeval-14,none,claim-31,noisy_neighbors contains only itself (the carts pod),noisy_neighbors contains only itself (the carts pod),entity_relationship,0.508,False,0.5,False,True,Sock Shop,mem,batch-03
rcaeval-14,none,claim-32,Dependencies are empty,Dependencies are empty,entity_relationship,0.0,True,0.0,True,True,Sock Shop,mem,batch-03
rcaeval-14,none,claim-33,Noisy-neighbor resource contention is ruled out,Noisy-neighbor resource contention is ruled out,causal,0.0,True,0.0,True,True,Sock Shop,mem,batch-03
rcaeval-14,none,claim-34,SECURITY Agent confidence is 0.8,SECURITY Agent confidence is 0.8,general,0.0,True,0.0,True,True,Sock Shop,mem,batch-03
rcaeval-14,none,claim-35,SECURITY Agent rules out breach/RBAC issues,SECURITY Agent rules out breach/RBAC issues,state,0.0,True,1.0,False,False,Sock Shop,mem,batch-03
rcaeval-14,none,claim-36,DEPLOYMENTS Agent confidence is 0.2,DEPLOYMENTS Agent confidence is 0.2,general,0.0,True,0.5,False,False,Sock Shop,mem,batch-03
rcaeval-14,none,claim-37,DEPLOYMENTS Agent reports carts-deploy as Degraded,DEPLOYMENTS Agent reports carts-deploy as Degraded,state,0.0,True,0.0,True,True,Sock Shop,mem,batch-03
rcaeval-14,none,claim-38,carts-deploy has null sha/commit_msg (missing metadata),carts-deploy has null sha/commit_msg (missing metadata),state,0.0,True,0.0,True,True,Sock Shop,mem,batch-03
rcaeval-14,none,claim-39,Deployment regression cannot be confirmed or ruled out due to missing metadata,Deployment regression cannot be confirmed or ruled out due to missing metadata,general,0.0,True,0.0,True,True,Sock Shop,mem,batch-03
rcaeval-14,none,claim-40,MONITORING Agent confidence is 0.45,MONITORING Agent confidence is 0.45,general,0.0,True,0.0,True,True,Sock Shop,mem,batch-03
rcaeval-14,none,claim-41,MONITORING Agent is inconclusive due to single data point,MONITORING Agent is inconclusive due to single data point,general,0.0,True,0.5,False,False,Sock Shop,mem,batch-03
rcaeval-14,none,claim-42,MONITORING Agent is discounted,MONITORING Agent is discounted,general,0.0,True,0.0,True,True,Sock Shop,mem,batch-03
rcaeval-14,raw,claim-1,Pod 'carts' has Failed,Pod 'carts' has Failed,state,0.515,False,1.0,False,True,Sock Shop,mem,batch-03
rcaeval-14,raw,claim-2,Pod 'carts' failure was caused by severe internal resource exhaustion,Pod 'carts' failure was caused by severe internal resource exhaustion,causal,0.0,True,1.0,False,False,Sock Shop,mem,batch-03
rcaeval-14,raw,claim-3,Internal resource exhaustion caused 5.5x p90 latency degradation,Internal resource exhaustion caused 5.5x p90 latency degradation,causal,0.0,True,0.0,True,True,Sock Shop,mem,batch-03
rcaeval-14,raw,claim-4,p90 latency degraded from 0.02096s to 0.1153s,p90 latency degraded from 0.02096s to 0.1153s,state,0.0,True,0.0,True,True,Sock Shop,mem,batch-03
rcaeval-14,raw,claim-5,p90 latency degradation factor is 5.5x,p90 latency degradation factor is 5.5x,state,0.0,True,0.0,True,True,Sock Shop,mem,batch-03
rcaeval-14,raw,claim-6,p50 latency increased by 2x,p50 latency increased by 2x,state,0.0,True,0.0,True,True,Sock Shop,mem,batch-03
rcaeval-14,raw,claim-7,Cart functionality was completely lost,Cart functionality was completely lost,state,0.0,True,0.0,True,True,Sock Shop,mem,batch-03
rcaeval-14,raw,claim-8,Impact is isolated to carts service,Impact is isolated to carts service,state,0.505,False,0.0,True,False,Sock Shop,mem,batch-03
rcaeval-14,raw,claim-9,Correlated metrics after timestamp 1705845578 show runaway internal resource consumption in 'carts' itself,Correlated metrics after timestamp 1705845578 show runaway internal resource consumption in 'carts' itself,temporal,0.0,True,0.0,True,True,Sock Shop,mem,batch-03
rcaeval-14,raw,claim-10,CPU usage in 'carts' increased from 4.715 to 72.36,CPU usage in 'carts' increased from 4.715 to 72.36,state,0.356,True,1.0,False,False,Sock Shop,mem,batch-03
rcaeval-14,raw,claim-11,CPU increase factor is 15.3x,CPU increase factor is 15.3x,state,0.0,True,0.0,True,True,Sock Shop,mem,batch-03
rcaeval-14,raw,claim-12,Memory usage in 'carts' increased from 2.097e+08 to 1.448e+09,Memory usage in 'carts' increased from 2.097e+08 to 1.448e+09,state,0.0,True,0.0,True,True,Sock Shop,mem,batch-03
rcaeval-14,raw,claim-13,Memory increase factor is 6.9x,Memory increase factor is 6.9x,state,0.0,True,0.0,True,True,Sock Shop,mem,batch-03
rcaeval-14,raw,claim-14,Socket count in 'carts' increased from 9.7 to 17.0,Socket count in 'carts' increased from 9.7 to 17.0,state,0.341,True,1.0,False,False,Sock Shop,mem,batch-03
rcaeval-14,raw,claim-15,Latency degradation corresponded with the increase in internal resource consumption,Latency degradation corresponded with the increase in internal resource consumption,causal,0.0,True,0.0,True,True,Sock Shop,mem,batch-03
rcaeval-14,raw,claim-16,No explicit application error logs were emitted for carts,No explicit application error logs were emitted for carts,state,0.526,False,1.0,False,True,Sock Shop,mem,batch-03
rcaeval-14,raw,claim-17,"Front-end, user, and catalogue logs show only successful 200/202 operations","Front-end, user, and catalogue logs show only successful 200/202 operations",state,0.0,True,0.0,True,True,Sock Shop,mem,batch-03
rcaeval-14,raw,claim-18,Failure mode is performance-degradation rather than a handled exception,Failure mode is performance-degradation rather than a handled exception,general,0.0,True,0.0,True,True,Sock Shop,mem,batch-03
rcaeval-14,raw,claim-19,"Potential performance-degradation failure modes include memory leak, infinite loop, or overload","Potential performance-degradation failure modes include memory leak, infinite loop, or overload",general,0.0,True,0.0,True,True,Sock Shop,mem,batch-03
rcaeval-14,raw,claim-20,Pod 'carts' is isolated on node-worker-01,Pod 'carts' is isolated on node-worker-01,entity_relationship,0.72,False,1.0,False,True,Sock Shop,mem,batch-03
rcaeval-14,raw,claim-21,Pod 'carts' has no noisy neighbors on node-worker-01,Pod 'carts' has no noisy neighbors on node-worker-01,entity_relationship,0.72,False,1.0,False,True,Sock Shop,mem,batch-03
rcaeval-14,raw,claim-22,Pod 'carts' has no dependencies,Pod 'carts' has no dependencies,entity_relationship,0.0,True,1.0,False,False,Sock Shop,mem,batch-03
rcaeval-14,raw,claim-23,External resource contention is ruled out as a cause,External resource contention is ruled out as a cause,causal,0.0,True,0.0,True,True,Sock Shop,mem,batch-03
rcaeval-14,raw,claim-24,Security telemetry rules out breach/RBAC compromise as a cause,Security telemetry rules out breach/RBAC compromise as a cause,causal,0.0,True,0.0,True,True,Sock Shop,mem,batch-03
rcaeval-14,raw,claim-25,Deployment telemetry is inconclusive with confidence 0.2,Deployment telemetry is inconclusive with confidence 0.2,state,0.0,True,0.5,False,False,Sock Shop,mem,batch-03
rcaeval-14,raw,claim-26,Deployment telemetry has null sha and null commit_msg,Deployment telemetry has null sha and null commit_msg,state,0.0,True,0.0,True,True,Sock Shop,mem,batch-03
rcaeval-14,raw,claim-27,Deployment telemetry cannot be correlated to a Git regression,Deployment telemetry cannot be correlated to a Git regression,causal,0.0,True,0.0,True,True,Sock Shop,mem,batch-03
rcaeval-14,raw,claim-28,Internal application fault is the sole correlated cause of the failure,Internal application fault is the sole correlated cause of the failure,causal,0.0,True,0.0,True,True,Sock Shop,mem,batch-03
rcaeval-14,hybrid,claim-1,Pod 'carts' has Failed,Pod 'carts' has Failed,state,0.515,False,1.0,False,True,Sock Shop,mem,batch-03
rcaeval-14,hybrid,claim-2,Pod 'carts' failure was due to severe internal resource exhaustion/saturation,Pod 'carts' failure was due to severe internal resource exhaustion/saturation,causal,0.0,True,1.0,False,False,Sock Shop,mem,batch-03
rcaeval-14,hybrid,claim-3,Pod 'carts' failure caused 5.5x p90 latency degradation,Pod 'carts' failure caused 5.5x p90 latency degradation,causal,0.0,True,0.5,False,False,Sock Shop,mem,batch-03
rcaeval-14,hybrid,claim-4,Pod 'carts' failure caused cascading downstream impact to orders service,Pod 'carts' failure caused cascading downstream impact to orders service,causal,0.0,True,0.0,True,True,Sock Shop,mem,batch-03
rcaeval-14,hybrid,claim-5,Orders service experienced 2.9x latency increase,Orders service experienced 2.9x latency increase,state,0.336,True,0.5,False,False,Sock Shop,mem,batch-03
rcaeval-14,hybrid,claim-6,RabbitMQ queue stall occurred,RabbitMQ queue stall occurred,state,0.0,True,0.0,True,True,Sock Shop,mem,batch-03
rcaeval-14,hybrid,claim-7,RabbitMQ disk I/O dropped to 0,RabbitMQ disk I/O dropped to 0,state,0.0,True,1.0,False,False,Sock Shop,mem,batch-03
rcaeval-14,hybrid,claim-8,Correlated metrics after timestamp 1705845578 show acute internal saturation of 'carts',Correlated metrics after timestamp 1705845578 show acute internal saturation of 'carts',temporal,0.338,True,0.0,True,True,Sock Shop,mem,batch-03
rcaeval-14,hybrid,claim-9,'carts' CPU spiked 15.3x from 4.715 to 72.36,'carts' CPU spiked 15.3x from 4.715 to 72.36,state,0.345,True,0.5,False,False,Sock Shop,mem,batch-03
rcaeval-14,hybrid,claim-10,'carts' memory spiked 6.9x from 2.097e+08 to 1.448e+09,'carts' memory spiked 6.9x from 2.097e+08 to 1.448e+09,state,0.0,True,0.0,True,True,Sock Shop,mem,batch-03
rcaeval-14,hybrid,claim-11,'carts' p90 latency increased 5.5x from 0.02096 to 0.1153,'carts' p90 latency increased 5.5x from 0.02096 to 0.1153,state,0.351,True,1.0,False,False,Sock Shop,mem,batch-03
rcaeval-14,hybrid,claim-12,'carts' p50 latency increased 2x,'carts' p50 latency increased 2x,state,0.0,True,0.5,False,False,Sock Shop,mem,batch-03
rcaeval-14,hybrid,claim-13,'carts' sockets increased 74% from 9.746 to 17.02,'carts' sockets increased 74% from 9.746 to 17.02,state,0.338,True,0.5,False,False,Sock Shop,mem,batch-03
rcaeval-14,hybrid,claim-14,carts-db CPU increased from 1.485 to 2.208 correlated with 'carts' saturation,carts-db CPU increased from 1.485 to 2.208 correlated with 'carts' saturation,state,0.347,True,1.0,False,False,Sock Shop,mem,batch-03
rcaeval-14,hybrid,claim-15,MONITORING (confidence 0.92) confirms high CPU anomaly,MONITORING (confidence 0.92) confirms high CPU anomaly,state,0.0,True,0.0,True,True,Sock Shop,mem,batch-03
rcaeval-14,hybrid,claim-16,No explicit application error logs were observed,No explicit application error logs were observed,state,0.0,True,0.0,True,True,Sock Shop,mem,batch-03
rcaeval-14,hybrid,claim-17,Failure is due to resource exhaustion/saturation rather than logged exceptions,Failure is due to resource exhaustion/saturation rather than logged exceptions,causal,0.0,True,0.0,True,True,Sock Shop,mem,batch-03
rcaeval-14,hybrid,claim-18,TOPOLOGY (confidence 0.99) rules out external noisy-neighbor contention on node-worker-01,TOPOLOGY (confidence 0.99) rules out external noisy-neighbor contention on node-worker-01,state,0.72,False,0.0,True,False,Sock Shop,mem,batch-03
rcaeval-14,hybrid,claim-19,Node-worker-01 is isolated and only 'carts' is listed on it,Node-worker-01 is isolated and only 'carts' is listed on it,entity_relationship,0.0,True,0.0,True,True,Sock Shop,mem,batch-03
rcaeval-14,hybrid,claim-20,SECURITY (confidence 0.8) rules out breach/RBAC as cause,SECURITY (confidence 0.8) rules out breach/RBAC as cause,state,0.0,True,0.0,True,True,Sock Shop,mem,batch-03
rcaeval-14,hybrid,claim-21,DEPLOYMENTS shows low-confidence (0.45) Degraded status with null SHA/commit_msg,DEPLOYMENTS shows low-confidence (0.45) Degraded status with null SHA/commit_msg,state,0.0,True,0.5,False,False,Sock Shop,mem,batch-03
rcaeval-14,hybrid,claim-22,Degraded deployment status with null SHA/commit_msg cannot be correlated to a bad rollout,Degraded deployment status with null SHA/commit_msg cannot be correlated to a bad rollout,causal,0.0,True,0.5,False,False,Sock Shop,mem,batch-03
rcaeval-14,hybrid,claim-23,Degraded deployment status is discounted as root cause,Degraded deployment status is discounted as root cause,causal,0.0,True,0.5,False,False,Sock Shop,mem,batch-03
rcaeval-15,none,claim-1,Pod ts-auth-service is located on node-worker-01,Pod ts-auth-service is located on node-worker-01,entity_relationship,0.708,False,1.0,False,True,Train Ticket,mem,batch-03
rcaeval-15,none,claim-2,Pod ts-auth-service has state Failed,Pod ts-auth-service has state Failed,state,0.705,False,1.0,False,True,Train Ticket,mem,batch-03
rcaeval-15,none,claim-3,Pod ts-auth-service experienced an isolated severe disk I/O pressure event,Pod ts-auth-service experienced an isolated severe disk I/O pressure event,state,0.705,False,0.5,False,True,Train Ticket,mem,batch-03
rcaeval-15,none,claim-4,The disk I/O pressure event involved a ~352x spike,The disk I/O pressure event involved a ~352x spike,state,0.0,True,0.0,True,True,Train Ticket,mem,batch-03
rcaeval-15,none,claim-5,The disk I/O pressure event is not cluster-wide,The disk I/O pressure event is not cluster-wide,state,0.0,True,0.0,True,True,Train Ticket,mem,batch-03
rcaeval-15,none,claim-6,The disk I/O pressure event was not caused by noisy neighbors,The disk I/O pressure event was not caused by noisy neighbors,causal,0.0,True,0.0,True,True,Train Ticket,mem,batch-03
rcaeval-15,none,claim-7,Impact is isolated to auth service availability,Impact is isolated to auth service availability,state,0.507,False,0.0,True,False,Train Ticket,mem,batch-03
rcaeval-15,none,claim-8,Resource exhaustion via disk I/O is the root cause of the ts-auth-service failure,Resource exhaustion via disk I/O is the root cause of the ts-auth-service failure,causal,0.705,False,0.0,True,False,Train Ticket,mem,batch-03
rcaeval-15,none,claim-9,LOGS Agent identified an extreme isolated anomaly in ts-auth-service_diskio with confidence 0.93,LOGS Agent identified an extreme isolated anomaly in ts-auth-service_diskio with confidence 0.93,state,0.339,True,0.0,True,True,Train Ticket,mem,batch-03
rcaeval-15,none,claim-10,ts-auth-service_diskio mean increased from 6.289e+04 to 2.214e+07,ts-auth-service_diskio mean increased from 6.289e+04 to 2.214e+07,state,0.388,True,0.5,False,False,Train Ticket,mem,batch-03
rcaeval-15,none,claim-11,The increase occurred in a 12-minute window around timestamp 1706026700,The increase occurred in a 12-minute window around timestamp 1706026700,temporal,0.0,True,0.0,True,True,Train Ticket,mem,batch-03
rcaeval-15,none,claim-12,The increase corresponds to approximately 352x,The increase corresponds to approximately 352x,state,0.0,True,0.0,True,True,Train Ticket,mem,batch-03
rcaeval-15,none,claim-13,"All other services (ts-travel2, ts-basic, ts-route, etc.) showed only ~20-25x increase in disk I/O in the same window","All other services (ts-travel2, ts-basic, ts-route, etc.) showed only ~20-25x increase in disk I/O in the same window",state,0.0,True,0.0,True,True,Train Ticket,mem,batch-03
rcaeval-15,none,claim-14,All other services reached approximately 1.0e+06 disk I/O in the same window,All other services reached approximately 1.0e+06 disk I/O in the same window,state,0.0,True,0.0,True,True,Train Ticket,mem,batch-03
rcaeval-15,none,claim-15,"The disk I/O spike is service-specific, not infrastructure-wide","The disk I/O spike is service-specific, not infrastructure-wide",general,0.0,True,0.0,True,True,Train Ticket,mem,batch-03
rcaeval-15,none,claim-16,TOPOLOGY Agent confirms no external noisy neighbors on node-worker-01 with confidence 0.95,TOPOLOGY Agent confirms no external noisy neighbors on node-worker-01 with confidence 0.95,state,0.71,False,0.5,False,True,Train Ticket,mem,batch-03
rcaeval-15,none,claim-17,Only ts-auth-service itself was present on node-worker-01,Only ts-auth-service itself was present on node-worker-01,entity_relationship,0.708,False,0.5,False,True,Train Ticket,mem,batch-03
rcaeval-15,none,claim-18,Contention from co-located pods is ruled out as a cause,Contention from co-located pods is ruled out as a cause,causal,0.0,True,0.0,True,True,Train Ticket,mem,batch-03
rcaeval-15,none,claim-19,SECURITY Agent found zero log lines from ts-auth-service in the window with confidence 0.89,SECURITY Agent found zero log lines from ts-auth-service in the window with confidence 0.89,state,0.705,False,0.5,False,True,Train Ticket,mem,batch-03
rcaeval-15,none,claim-20,No credential leak evidence was found,No credential leak evidence was found,state,0.0,True,0.0,True,True,Train Ticket,mem,batch-03
rcaeval-15,none,claim-21,"No passwords, tokens, or secrets were found in the 12 INFO logs from other services","No passwords, tokens, or secrets were found in the 12 INFO logs from other services",state,0.0,True,0.0,True,True,Train Ticket,mem,batch-03
rcaeval-15,none,claim-22,There were 12 INFO logs from other services in the window,There were 12 INFO logs from other services in the window,state,0.0,True,0.0,True,True,Train Ticket,mem,batch-03
rcaeval-15,none,claim-23,Bulk disk activity is anomalous but unconfirmed as exfiltration or dumping without auth logs,Bulk disk activity is anomalous but unconfirmed as exfiltration or dumping without auth logs,general,0.519,False,0.0,True,False,Train Ticket,mem,batch-03
rcaeval-15,none,claim-24,MONITORING Agent was inconclusive with confidence 0.5,MONITORING Agent was inconclusive with confidence 0.5,state,0.0,True,0.0,True,True,Train Ticket,mem,batch-03
rcaeval-15,none,claim-25,Deployment ts-auth-service-deploy has state Degraded,Deployment ts-auth-service-deploy has state Degraded,state,0.7,False,0.5,False,True,Train Ticket,mem,batch-03
rcaeval-15,none,claim-26,DEPLOYMENTS Agent reported with confidence 0.35,DEPLOYMENTS Agent reported with confidence 0.35,state,0.0,True,0.5,False,False,Train Ticket,mem,batch-03
rcaeval-15,none,claim-27,Git SHA for deployment ts-auth-service-deploy is null,Git SHA for deployment ts-auth-service-deploy is null,state,0.69,False,0.5,False,True,Train Ticket,mem,batch-03
rcaeval-15,none,claim-28,commit_msg for deployment ts-auth-service-deploy is null,commit_msg for deployment ts-auth-service-deploy is null,state,0.69,False,0.5,False,True,Train Ticket,mem,batch-03
rcaeval-15,none,claim-29,A deployment regression cannot be confirmed or ruled out due to null Git SHA and commit_msg,A deployment regression cannot be confirmed or ruled out due to null Git SHA and commit_msg,general,0.0,True,1.0,False,False,Train Ticket,mem,batch-03
rcaeval-15,none,claim-30,Deployment regression is not the primary driver of the failure,Deployment regression is not the primary driver of the failure,causal,0.0,True,0.0,True,True,Train Ticket,mem,batch-03
rcaeval-15,none,claim-31,"Absence of error logs for ts-auth-service despite failure suggests log loss, rotation failure, or disk pressure preventing writes","Absence of error logs for ts-auth-service despite failure suggests log loss, rotation failure, or disk pressure preventing writes",causal,0.705,False,0.0,True,False,Train Ticket,mem,batch-03
rcaeval-15,none,claim-32,Absence of error logs is consistent with disk exhaustion,Absence of error logs is consistent with disk exhaustion,causal,0.0,True,0.0,True,True,Train Ticket,mem,batch-03
rcaeval-15,raw,claim-1,ts-auth-service is in Failed state,ts-auth-service is in Failed state,state,0.705,False,1.0,False,True,Train Ticket,mem,batch-03
rcaeval-15,raw,claim-2,ts-auth-service failure is caused by critical CPU resource exhaustion,ts-auth-service failure is caused by critical CPU resource exhaustion,causal,0.708,False,0.0,True,False,Train Ticket,mem,batch-03
rcaeval-15,raw,claim-3,ts-auth-service failure is caused by severe disk I/O resource exhaustion,ts-auth-service failure is caused by severe disk I/O resource exhaustion,causal,0.572,False,1.0,False,True,Train Ticket,mem,batch-03
rcaeval-15,raw,claim-4,ts-auth-service failure causes service unavailability,ts-auth-service failure causes service unavailability,causal,0.705,False,1.0,False,True,Train Ticket,mem,batch-03
rcaeval-15,raw,claim-5,The resource exhaustion anomaly is isolated to ts-auth-service,The resource exhaustion anomaly is isolated to ts-auth-service,state,0.708,False,0.0,True,False,Train Ticket,mem,batch-03
rcaeval-15,raw,claim-6,The anomaly is ~20x more severe than the cluster-wide pattern,The anomaly is ~20x more severe than the cluster-wide pattern,general,0.0,True,0.0,True,True,Train Ticket,mem,batch-03
rcaeval-15,raw,claim-7,The anomaly is self-generated and internal to ts-auth-service,The anomaly is self-generated and internal to ts-auth-service,causal,0.705,False,1.0,False,True,Train Ticket,mem,batch-03
rcaeval-15,raw,claim-8,The anomaly was not caused by external contention,The anomaly was not caused by external contention,causal,0.0,True,0.0,True,True,Train Ticket,mem,batch-03
rcaeval-15,raw,claim-9,The anomaly was not caused by a confirmed deployment regression,The anomaly was not caused by a confirmed deployment regression,causal,0.0,True,0.0,True,True,Train Ticket,mem,batch-03
rcaeval-15,raw,claim-10,"After timestamp 1706026700, ts-auth-service exhibited a severe disk I/O anomaly","After timestamp 1706026700, ts-auth-service exhibited a severe disk I/O anomaly",temporal,0.705,False,1.0,False,True,Train Ticket,mem,batch-03
rcaeval-15,raw,claim-11,ts-auth-service mean disk I/O increased from 6.289e+04 to 2.214e+07,ts-auth-service mean disk I/O increased from 6.289e+04 to 2.214e+07,state,0.608,False,0.5,False,True,Train Ticket,mem,batch-03
rcaeval-15,raw,claim-12,The disk I/O increase represents a ~352x increase,The disk I/O increase represents a ~352x increase,general,0.0,True,0.0,True,True,Train Ticket,mem,batch-03
rcaeval-15,raw,claim-13,All other services experienced a cluster-wide ~20-25x disk I/O increase,All other services experienced a cluster-wide ~20-25x disk I/O increase,general,0.0,True,1.0,False,False,Train Ticket,mem,batch-03
rcaeval-15,raw,claim-14,All other services had disk I/O of ~1.0e+06 after the increase,All other services had disk I/O of ~1.0e+06 after the increase,state,0.0,True,0.0,True,True,Train Ticket,mem,batch-03
rcaeval-15,raw,claim-15,The disk I/O anomaly was correlated with a critical_cpu_anomaly,The disk I/O anomaly was correlated with a critical_cpu_anomaly,causal,0.0,True,0.0,True,True,Train Ticket,mem,batch-03
rcaeval-15,raw,claim-16,Monitoring detected the critical_cpu_anomaly,Monitoring detected the critical_cpu_anomaly,entity_relationship,0.0,True,0.0,True,True,Train Ticket,mem,batch-03
rcaeval-15,raw,claim-17,ts-auth-service pod is isolated on node-worker-01,ts-auth-service pod is isolated on node-worker-01,entity_relationship,0.708,False,1.0,False,True,Train Ticket,mem,batch-03
rcaeval-15,raw,claim-18,ts-auth-service pod has no external noisy neighbors on node-worker-01,ts-auth-service pod has no external noisy neighbors on node-worker-01,entity_relationship,0.708,False,0.5,False,True,Train Ticket,mem,batch-03
rcaeval-15,raw,claim-19,ts-auth-service pod has no dependencies,ts-auth-service pod has no dependencies,entity_relationship,0.705,False,1.0,False,True,Train Ticket,mem,batch-03
rcaeval-15,raw,claim-20,ts-auth-service pod is the sole occupant of node-worker-01,ts-auth-service pod is the sole occupant of node-worker-01,entity_relationship,0.708,False,1.0,False,True,Train Ticket,mem,batch-03
rcaeval-15,raw,claim-21,Noisy-neighbor contention is ruled out as a cause of the failure,Noisy-neighbor contention is ruled out as a cause of the failure,causal,0.0,True,0.5,False,False,Train Ticket,mem,batch-03
rcaeval-15,raw,claim-22,Deployment ts-auth-service-deploy is in Degraded state,Deployment ts-auth-service-deploy is in Degraded state,state,0.7,False,0.5,False,True,Train Ticket,mem,batch-03
rcaeval-15,raw,claim-23,Deployment ts-auth-service-deploy has null sha,Deployment ts-auth-service-deploy has null sha,state,0.69,False,0.5,False,True,Train Ticket,mem,batch-03
rcaeval-15,raw,claim-24,Deployment ts-auth-service-deploy has null commit_msg,Deployment ts-auth-service-deploy has null commit_msg,state,0.69,False,0.5,False,True,Train Ticket,mem,batch-03
rcaeval-15,raw,claim-25,Null sha and commit_msg provide insufficient metadata to attribute failure to a code regression,Null sha and commit_msg provide insufficient metadata to attribute failure to a code regression,general,0.0,True,1.0,False,False,Train Ticket,mem,batch-03
rcaeval-15,raw,claim-26,No credential leak evidence was found in the 12 available INFO logs,No credential leak evidence was found in the 12 available INFO logs,state,0.0,True,0.0,True,True,Train Ticket,mem,batch-03
rcaeval-15,raw,claim-27,"The 12 available INFO logs are from ts-travel2-service, ts-basic-service, and ts-route-service","The 12 available INFO logs are from ts-travel2-service, ts-basic-service, and ts-route-service",entity_relationship,0.361,True,0.5,False,False,Train Ticket,mem,batch-03
rcaeval-15,raw,claim-28,Zero log lines from ts-auth-service itself were available for direct inspection,Zero log lines from ts-auth-service itself were available for direct inspection,state,0.705,False,0.5,False,True,Train Ticket,mem,batch-03
rcaeval-15,raw,claim-29,The combined CPU + 352x disk I/O spike is 20x higher than peers,The combined CPU + 352x disk I/O spike is 20x higher than peers,general,0.0,True,0.0,True,True,Train Ticket,mem,batch-03
rcaeval-15,raw,claim-30,"The spike indicates an internal failure pattern such as I/O thrashing, infinite loop, file handle/volume leak, or resource exhaustion specific to ts-auth-service","The spike indicates an internal failure pattern such as I/O thrashing, infinite loop, file handle/volume leak, or resource exhaustion specific to ts-auth-service",causal,0.705,False,0.5,False,True,Train Ticket,mem,batch-03
rcaeval-15,raw,claim-31,The internal failure pattern led to the Failed status of ts-auth-service,The internal failure pattern led to the Failed status of ts-auth-service,causal,0.705,False,1.0,False,True,Train Ticket,mem,batch-03
rcaeval-15,hybrid,claim-1,Pod 'ts-auth-service' is located on node 'node-worker-01',Pod 'ts-auth-service' is located on node 'node-worker-01',entity_relationship,0.708,False,1.0,False,True,Train Ticket,mem,batch-03
rcaeval-15,hybrid,claim-2,Pod 'ts-auth-service' has Failed status,Pod 'ts-auth-service' has Failed status,state,0.708,False,1.0,False,True,Train Ticket,mem,batch-03
rcaeval-15,hybrid,claim-3,The failure occurred at timestamp 1706026700,The failure occurred at timestamp 1706026700,temporal,0.0,True,0.0,True,True,Train Ticket,mem,batch-03
rcaeval-15,hybrid,claim-4,The failure was due to a pod-specific disk pressure/resource exhaustion event,The failure was due to a pod-specific disk pressure/resource exhaustion event,causal,0.0,True,1.0,False,False,Train Ticket,mem,batch-03
rcaeval-15,hybrid,claim-5,Impact is isolated to ts-auth-service,Impact is isolated to ts-auth-service,state,0.705,False,0.5,False,True,Train Ticket,mem,batch-03
rcaeval-15,hybrid,claim-6,There was no cluster-wide degradation,There was no cluster-wide degradation,state,0.0,True,0.0,True,True,Train Ticket,mem,batch-03
rcaeval-15,hybrid,claim-7,There was no dependency cascade,There was no dependency cascade,state,0.0,True,0.0,True,True,Train Ticket,mem,batch-03
rcaeval-15,hybrid,claim-8,At 1706026700 ts-auth-service exhibited an isolated severe disk IO anomaly,At 1706026700 ts-auth-service exhibited an isolated severe disk IO anomaly,temporal,0.705,False,1.0,False,True,Train Ticket,mem,batch-03
rcaeval-15,hybrid,claim-9,Mean diskio for ts-auth-service was 6.289e+04 12 minutes before 1706026700,Mean diskio for ts-auth-service was 6.289e+04 12 minutes before 1706026700,temporal,0.638,False,1.0,False,True,Train Ticket,mem,batch-03
rcaeval-15,hybrid,claim-10,Mean diskio for ts-auth-service was 2.214e+07 12 minutes after 1706026700,Mean diskio for ts-auth-service was 2.214e+07 12 minutes after 1706026700,temporal,0.637,False,1.0,False,True,Train Ticket,mem,batch-03
rcaeval-15,hybrid,claim-11,The disk IO increase for ts-auth-service was approximately 352x,The disk IO increase for ts-auth-service was approximately 352x,general,0.594,False,1.0,False,True,Train Ticket,mem,batch-03
rcaeval-15,hybrid,claim-12,Baseline disk IO increase across all other pods in the same window was approximately 20-25x,Baseline disk IO increase across all other pods in the same window was approximately 20-25x,general,0.0,True,0.0,True,True,Train Ticket,mem,batch-03
rcaeval-15,hybrid,claim-13,"Example pods ts-notification-service, ts-execute-service, and ts-basic-service increased from ~3.8e4 to ~9.8e5 in the same window","Example pods ts-notification-service, ts-execute-service, and ts-basic-service increased from ~3.8e4 to ~9.8e5 in the same window",state,0.0,True,0.0,True,True,Train Ticket,mem,batch-03
rcaeval-15,hybrid,claim-14,The failure pattern is specific to ts-auth-service and not cluster-wide,The failure pattern is specific to ts-auth-service and not cluster-wide,general,0.705,False,0.0,True,False,Train Ticket,mem,batch-03
rcaeval-15,hybrid,claim-15,Topology data with confidence 0.99 confirms no external noisy neighbors,Topology data with confidence 0.99 confirms no external noisy neighbors,general,0.0,True,0.0,True,True,Train Ticket,mem,batch-03
rcaeval-15,hybrid,claim-16,Pod ts-auth-service is isolated on node-worker-01 with only itself listed,Pod ts-auth-service is isolated on node-worker-01 with only itself listed,entity_relationship,0.705,False,0.5,False,True,Train Ticket,mem,batch-03
rcaeval-15,hybrid,claim-17,Pod ts-auth-service has empty dependencies,Pod ts-auth-service has empty dependencies,entity_relationship,0.705,False,1.0,False,True,Train Ticket,mem,batch-03
rcaeval-15,hybrid,claim-18,Resource contention is ruled out as a cause,Resource contention is ruled out as a cause,causal,0.0,True,0.0,True,True,Train Ticket,mem,batch-03
rcaeval-15,hybrid,claim-19,Monitoring data with confidence 0.6 found no confirmed CPU anomaly,Monitoring data with confidence 0.6 found no confirmed CPU anomaly,state,0.0,True,0.0,True,True,Train Ticket,mem,batch-03
rcaeval-15,hybrid,claim-20,container_cpu_usage_seconds_total=95.0 is a cumulative counter requiring rate() calculation,container_cpu_usage_seconds_total=95.0 is a cumulative counter requiring rate() calculation,general,0.359,True,0.5,False,False,Train Ticket,mem,batch-03
rcaeval-15,hybrid,claim-21,CPU is not implicated as a cause of the failure,CPU is not implicated as a cause of the failure,causal,0.0,True,0.0,True,True,Train Ticket,mem,batch-03
rcaeval-15,hybrid,claim-22,Deployments data with confidence 0.35 shows Degraded status,Deployments data with confidence 0.35 shows Degraded status,state,0.0,True,0.0,True,True,Train Ticket,mem,batch-03
rcaeval-15,hybrid,claim-23,Deployments data shows null SHA and null commit_msg,Deployments data shows null SHA and null commit_msg,state,0.0,True,0.5,False,False,Train Ticket,mem,batch-03
rcaeval-15,hybrid,claim-24,Deployments data provides no evidence of a code regression,Deployments data provides no evidence of a code regression,general,0.0,True,0.0,True,True,Train Ticket,mem,batch-03
rcaeval-15,hybrid,claim-25,Deployments finding is inconclusive due to low confidence 0.35,Deployments finding is inconclusive due to low confidence 0.35,general,0.0,True,0.5,False,False,Train Ticket,mem,batch-03
rcaeval-15,hybrid,claim-26,Security analysis with confidence 0.89 found no credential leak in available logs,Security analysis with confidence 0.89 found no credential leak in available logs,state,0.0,True,0.5,False,False,Train Ticket,mem,batch-03
rcaeval-15,hybrid,claim-27,No ts-auth-service logs were present to inspect,No ts-auth-service logs were present to inspect,state,0.705,False,1.0,False,True,Train Ticket,mem,batch-03
rcaeval-15,hybrid,claim-28,Security analysis independently corroborates the isolated 352x disk anomaly versus 20-25x for other pods,Security analysis independently corroborates the isolated 352x disk anomaly versus 20-25x for other pods,general,0.0,True,0.0,True,True,Train Ticket,mem,batch-03
rcaeval-15,hybrid,claim-29,Anomalous high disk activity warrants forensic review for dumping/exfiltration,Anomalous high disk activity warrants forensic review for dumping/exfiltration,general,0.0,True,0.0,True,True,Train Ticket,mem,batch-03
rcaeval-15,hybrid,claim-30,No direct leak evidence was found,No direct leak evidence was found,state,0.0,True,0.0,True,True,Train Ticket,mem,batch-03
rcaeval-15,hybrid,claim-31,Pod-local disk exhaustion/disk pressure is the root cause of the Failed status,Pod-local disk exhaustion/disk pressure is the root cause of the Failed status,causal,0.514,False,1.0,False,True,Train Ticket,mem,batch-03
rcaeval-15,hybrid,claim-32,"Deployment, CPU, topology, and security compromise are not the root cause of the Failed status","Deployment, CPU, topology, and security compromise are not the root cause of the Failed status",causal,0.0,True,0.0,True,True,Train Ticket,mem,batch-03
rcaeval-16,none,claim-1,Pod 'checkoutservice' has Failed,Pod 'checkoutservice' has Failed,state,0.708,False,1.0,False,True,Online Boutique,socket,batch-03
rcaeval-16,none,claim-2,Failure type is Resource Exhaustion / Overload Failure,Failure type is Resource Exhaustion / Overload Failure,state,0.0,True,0.0,True,True,Online Boutique,socket,batch-03
rcaeval-16,none,claim-3,Failure was due to severe internal resource pressure and performance degradation,Failure was due to severe internal resource pressure and performance degradation,causal,0.0,True,0.0,True,True,Online Boutique,socket,batch-03
rcaeval-16,none,claim-4,Performance degradation occurred post-1705656313,Performance degradation occurred post-1705656313,temporal,0.0,True,0.0,True,True,Online Boutique,socket,batch-03
rcaeval-16,none,claim-5,Failure caused elevated latency for checkout flows,Failure caused elevated latency for checkout flows,causal,0.559,False,0.5,False,True,Online Boutique,socket,batch-03
rcaeval-16,none,claim-6,Failure caused service unavailability for checkout flows,Failure caused service unavailability for checkout flows,causal,0.0,True,0.5,False,False,Online Boutique,socket,batch-03
rcaeval-16,none,claim-7,Failure is isolated to a single pod,Failure is isolated to a single pod,state,0.0,True,0.0,True,True,Online Boutique,socket,batch-03
rcaeval-16,none,claim-8,There was no external contention,There was no external contention,state,0.0,True,0.0,True,True,Online Boutique,socket,batch-03
rcaeval-16,none,claim-9,There was no security compromise,There was no security compromise,state,0.0,True,0.0,True,True,Online Boutique,socket,batch-03
rcaeval-16,none,claim-10,MONITORING anomaly confidence is 0.92,MONITORING anomaly confidence is 0.92,state,0.0,True,0.0,True,True,Online Boutique,socket,batch-03
rcaeval-16,none,claim-11,LOGS metrics confidence is 0.88,LOGS metrics confidence is 0.88,state,0.0,True,0.0,True,True,Online Boutique,socket,batch-03
rcaeval-16,none,claim-12,CPU mean increased from 0.3934 to 5.073 (~12.9x),CPU mean increased from 0.3934 to 5.073 (~12.9x),state,0.0,True,1.0,False,False,Online Boutique,socket,batch-03
rcaeval-16,none,claim-13,Memory increased from 9.959e+06 to 1.827e+07 (+83%),Memory increased from 9.959e+06 to 1.827e+07 (+83%),state,0.0,True,1.0,False,False,Online Boutique,socket,batch-03
rcaeval-16,none,claim-14,Sockets increased from 9 to 21.95 (+144%),Sockets increased from 9 to 21.95 (+144%),state,0.0,True,1.0,False,False,Online Boutique,socket,batch-03
rcaeval-16,none,claim-15,Latency p50 increased from 0.1126 to 0.1675 (+49%),Latency p50 increased from 0.1126 to 0.1675 (+49%),state,0.336,True,1.0,False,False,Online Boutique,socket,batch-03
rcaeval-16,none,claim-16,Latency p90 increased from 0.2286 to 0.3237 (+42%),Latency p90 increased from 0.2286 to 0.3237 (+42%),state,0.0,True,1.0,False,False,Online Boutique,socket,batch-03
rcaeval-16,none,claim-17,No checkoutservice error logs were present,No checkoutservice error logs were present,state,0.708,False,1.0,False,True,Online Boutique,socket,batch-03
rcaeval-16,none,claim-18,Absence of error logs indicates overload/resource exhaustion rather than explicit crash,Absence of error logs indicates overload/resource exhaustion rather than explicit crash,causal,0.0,True,0.0,True,True,Online Boutique,socket,batch-03
rcaeval-16,none,claim-19,TOPOLOGY confidence is 0.95,TOPOLOGY confidence is 0.95,state,0.0,True,0.5,False,False,Online Boutique,socket,batch-03
rcaeval-16,none,claim-20,Pod 'checkoutservice' is isolated on node-worker-01,Pod 'checkoutservice' is isolated on node-worker-01,entity_relationship,0.713,False,1.0,False,True,Online Boutique,socket,batch-03
rcaeval-16,none,claim-21,noisy_neighbors is [itself] only,noisy_neighbors is [itself] only,entity_relationship,0.0,True,0.0,True,True,Online Boutique,socket,batch-03
rcaeval-16,none,claim-22,Co-located pod contention is ruled out,Co-located pod contention is ruled out,causal,0.0,True,0.5,False,False,Online Boutique,socket,batch-03
rcaeval-16,none,claim-23,Dependency cascade is ruled out,Dependency cascade is ruled out,causal,0.0,True,0.0,True,True,Online Boutique,socket,batch-03
rcaeval-16,none,claim-24,"SECURITY confidence is 0.80 and rules out breach, RBAC, and secret issues","SECURITY confidence is 0.80 and rules out breach, RBAC, and secret issues",state,0.0,True,0.5,False,False,Online Boutique,socket,batch-03
rcaeval-16,none,claim-25,DEPLOYMENTS confidence is 0.35 and reports Degraded,DEPLOYMENTS confidence is 0.35 and reports Degraded,state,0.0,True,0.5,False,False,Online Boutique,socket,batch-03
rcaeval-16,none,claim-26,DEPLOYMENTS has null SHA and null commit_msg,DEPLOYMENTS has null SHA and null commit_msg,state,0.0,True,1.0,False,False,Online Boutique,socket,batch-03
rcaeval-16,none,claim-27,There is no correlatable code change,There is no correlatable code change,state,0.0,True,0.0,True,True,Online Boutique,socket,batch-03
rcaeval-16,none,claim-28,There is low confidence for deployment regression,There is low confidence for deployment regression,general,0.0,True,0.0,True,True,Online Boutique,socket,batch-03
rcaeval-16,none,claim-29,"Failure is attributed to internal application overload/resource exhaustion, not noisy neighbor, security, or confirmed deployment change","Failure is attributed to internal application overload/resource exhaustion, not noisy neighbor, security, or confirmed deployment change",causal,0.0,True,0.0,True,True,Online Boutique,socket,batch-03
rcaeval-16,raw,claim-1,Pod 'checkoutservice' has Failed status,Pod 'checkoutservice' has Failed status,state,0.708,False,1.0,False,True,Online Boutique,socket,batch-03
rcaeval-16,raw,claim-2,Pod 'checkoutservice' is hosted on node-worker-01,Pod 'checkoutservice' is hosted on node-worker-01,entity_relationship,0.713,False,1.0,False,True,Online Boutique,socket,batch-03
rcaeval-16,raw,claim-3,Pod 'checkoutservice' failure was caused by internal resource exhaustion,Pod 'checkoutservice' failure was caused by internal resource exhaustion,causal,0.713,False,1.0,False,True,Online Boutique,socket,batch-03
rcaeval-16,raw,claim-4,Pod 'checkoutservice' failure was caused by performance degradation on node-worker-01,Pod 'checkoutservice' failure was caused by performance degradation on node-worker-01,causal,0.713,False,1.0,False,True,Online Boutique,socket,batch-03
rcaeval-16,raw,claim-5,Impact is currently isolated to checkoutservice,Impact is currently isolated to checkoutservice,state,0.708,False,0.0,True,False,Online Boutique,socket,batch-03
rcaeval-16,raw,claim-6,Frontend external errors dropped to 0,Frontend external errors dropped to 0,state,0.0,True,0.0,True,True,Online Boutique,socket,batch-03
rcaeval-16,raw,claim-7,checkoutservice has no downstream dependencies (dependencies=[]),checkoutservice has no downstream dependencies (dependencies=[]),entity_relationship,0.713,False,0.0,True,False,Online Boutique,socket,batch-03
rcaeval-16,raw,claim-8,checkoutservice pod is non-functional,checkoutservice pod is non-functional,state,0.708,False,1.0,False,True,Online Boutique,socket,batch-03
rcaeval-16,raw,claim-9,checkoutservice pod is at risk of node-level contention,checkoutservice pod is at risk of node-level contention,state,0.708,False,0.0,True,False,Online Boutique,socket,batch-03
rcaeval-16,raw,claim-10,"After timestamp 1705656313, CPU usage increased from 0.3934 to 5.073 (~12.9x)","After timestamp 1705656313, CPU usage increased from 0.3934 to 5.073 (~12.9x)",temporal,0.347,True,0.5,False,False,Online Boutique,socket,batch-03
rcaeval-16,raw,claim-11,"After timestamp 1705656313, memory usage increased from 9.959e+06 to 1.827e+07 (~83% increase)","After timestamp 1705656313, memory usage increased from 9.959e+06 to 1.827e+07 (~83% increase)",temporal,0.0,True,1.0,False,False,Online Boutique,socket,batch-03
rcaeval-16,raw,claim-12,"After timestamp 1705656313, sockets increased from 9 to 21.95 (~2.4x)","After timestamp 1705656313, sockets increased from 9 to 21.95 (~2.4x)",temporal,0.342,True,1.0,False,False,Online Boutique,socket,batch-03
rcaeval-16,raw,claim-13,p50 latency increased from 0.1126 to 0.1675 (+48.7%),p50 latency increased from 0.1126 to 0.1675 (+48.7%),state,0.335,True,1.0,False,False,Online Boutique,socket,batch-03
rcaeval-16,raw,claim-14,p90 latency increased from 0.2286 to 0.3237 (+41.6%),p90 latency increased from 0.2286 to 0.3237 (+41.6%),state,0.0,True,1.0,False,False,Online Boutique,socket,batch-03
rcaeval-16,raw,claim-15,"Increased CPU, memory, sockets and latency indicate overload/performance degradation","Increased CPU, memory, sockets and latency indicate overload/performance degradation",causal,0.0,True,0.0,True,True,Online Boutique,socket,batch-03
rcaeval-16,raw,claim-16,No checkoutservice error logs were observed,No checkoutservice error logs were observed,state,0.708,False,0.0,True,False,Online Boutique,socket,batch-03
rcaeval-16,raw,claim-17,TOPOLOGY with confidence 0.95 confirms checkoutservice itself is the noisy neighbor on node-worker-01,TOPOLOGY with confidence 0.95 confirms checkoutservice itself is the noisy neighbor on node-worker-01,entity_relationship,0.71,False,0.0,True,False,Online Boutique,socket,batch-03
rcaeval-16,raw,claim-18,Contention is node-local,Contention is node-local,state,0.0,True,0.0,True,True,Online Boutique,socket,batch-03
rcaeval-16,raw,claim-19,Contention is self-sourced and self-induced,Contention is self-sourced and self-induced,causal,0.0,True,0.0,True,True,Online Boutique,socket,batch-03
rcaeval-16,raw,claim-20,Contention was not caused by a downstream service,Contention was not caused by a downstream service,causal,0.52,False,0.0,True,False,Online Boutique,socket,batch-03
rcaeval-16,raw,claim-21,MONITORING with confidence 0.95 shows anomaly_detected corroborating the Failed status,MONITORING with confidence 0.95 shows anomaly_detected corroborating the Failed status,state,0.521,False,0.0,True,False,Online Boutique,socket,batch-03
rcaeval-16,raw,claim-22,DEPLOYMENTS status is Degraded,DEPLOYMENTS status is Degraded,state,0.0,True,0.0,True,True,Online Boutique,socket,batch-03
rcaeval-16,raw,claim-23,DEPLOYMENTS has null sha/commit_msg with confidence 0.5,DEPLOYMENTS has null sha/commit_msg with confidence 0.5,state,0.0,True,0.5,False,False,Online Boutique,socket,batch-03
rcaeval-16,raw,claim-24,There is no verifiable deployment regression,There is no verifiable deployment regression,general,0.0,True,0.0,True,True,Online Boutique,socket,batch-03
rcaeval-16,raw,claim-25,SECURITY with confidence 0.8 rules out breaches and RBAC issues,SECURITY with confidence 0.8 rules out breaches and RBAC issues,general,0.0,True,1.0,False,False,Online Boutique,socket,batch-03
rcaeval-16,raw,claim-26,Failure is not due to a security event,Failure is not due to a security event,general,0.0,True,0.5,False,False,Online Boutique,socket,batch-03
rcaeval-16,raw,claim-27,Failure is not due to a downstream dependency,Failure is not due to a downstream dependency,general,0.0,True,0.0,True,True,Online Boutique,socket,batch-03
rcaeval-16,hybrid,claim-1,Pod 'checkoutservice' has FAILED,Pod 'checkoutservice' has FAILED,state,0.708,False,1.0,False,True,Online Boutique,socket,batch-03
rcaeval-16,hybrid,claim-2,Deployment 'checkoutservice-deploy' is degraded,Deployment 'checkoutservice-deploy' is degraded,state,0.703,False,0.5,False,True,Online Boutique,socket,batch-03
rcaeval-16,hybrid,claim-3,Internal CPU saturation caused Pod 'checkoutservice' failure,Internal CPU saturation caused Pod 'checkoutservice' failure,causal,0.715,False,0.0,True,False,Online Boutique,socket,batch-03
rcaeval-16,hybrid,claim-4,Internal memory pressure caused Pod 'checkoutservice' failure,Internal memory pressure caused Pod 'checkoutservice' failure,causal,0.713,False,0.0,True,False,Online Boutique,socket,batch-03
rcaeval-16,hybrid,claim-5,Pod 'checkoutservice' failure caused degraded Deployment 'checkoutservice-deploy',Pod 'checkoutservice' failure caused degraded Deployment 'checkoutservice-deploy',causal,0.713,False,1.0,False,True,Online Boutique,socket,batch-03
rcaeval-16,hybrid,claim-6,Internal CPU saturation and memory pressure caused 48% p50 latency degradation,Internal CPU saturation and memory pressure caused 48% p50 latency degradation,causal,0.0,True,0.0,True,True,Online Boutique,socket,batch-03
rcaeval-16,hybrid,claim-7,Internal CPU saturation and memory pressure caused 41% p90 latency degradation,Internal CPU saturation and memory pressure caused 41% p90 latency degradation,causal,0.0,True,0.0,True,True,Online Boutique,socket,batch-03
rcaeval-16,hybrid,claim-8,Impact is checkout service outage/performance collapse,Impact is checkout service outage/performance collapse,state,0.522,False,0.0,True,False,Online Boutique,socket,batch-03
rcaeval-16,hybrid,claim-9,Internal overload pattern originated at ~1705656313,Internal overload pattern originated at ~1705656313,temporal,0.0,True,0.0,True,True,Online Boutique,socket,batch-03
rcaeval-16,hybrid,claim-10,"Correlated evidence shows an internal overload pattern, not external contention","Correlated evidence shows an internal overload pattern, not external contention",causal,0.0,True,0.0,True,True,Online Boutique,socket,batch-03
rcaeval-16,hybrid,claim-11,"Correlated evidence shows an internal overload pattern, not code regression","Correlated evidence shows an internal overload pattern, not code regression",causal,0.0,True,0.0,True,True,Online Boutique,socket,batch-03
rcaeval-16,hybrid,claim-12,LOGS Agent measured sustained resource exhaustion with confidence 0.93,LOGS Agent measured sustained resource exhaustion with confidence 0.93,general,0.0,True,0.0,True,True,Online Boutique,socket,batch-03
rcaeval-16,hybrid,claim-13,CPU mean increased from 0.3934 to 5.073 (~12.9x),CPU mean increased from 0.3934 to 5.073 (~12.9x),state,0.0,True,0.5,False,False,Online Boutique,socket,batch-03
rcaeval-16,hybrid,claim-14,Memory increased from 9.959e+06 to 1.827e+07 (~83% increase),Memory increased from 9.959e+06 to 1.827e+07 (~83% increase),state,0.0,True,1.0,False,False,Online Boutique,socket,batch-03
rcaeval-16,hybrid,claim-15,Active sockets increased from 9 to 21.95 (~2.4x),Active sockets increased from 9 to 21.95 (~2.4x),state,0.0,True,0.0,True,True,Online Boutique,socket,batch-03
rcaeval-16,hybrid,claim-16,p50 latency increased from 0.1126 to 0.1675 (+48%),p50 latency increased from 0.1126 to 0.1675 (+48%),state,0.335,True,1.0,False,False,Online Boutique,socket,batch-03
rcaeval-16,hybrid,claim-17,p90 latency increased from 0.2286 to 0.3237 (+41%),p90 latency increased from 0.2286 to 0.3237 (+41%),state,0.0,True,1.0,False,False,Online Boutique,socket,batch-03
rcaeval-16,hybrid,claim-18,TOPOLOGY Agent confirms isolation with confidence 0.99,TOPOLOGY Agent confirms isolation with confidence 0.99,general,0.0,True,0.0,True,True,Online Boutique,socket,batch-03
rcaeval-16,hybrid,claim-19,Pod 'checkoutservice' is isolated on node-worker-01,Pod 'checkoutservice' is isolated on node-worker-01,entity_relationship,0.713,False,1.0,False,True,Online Boutique,socket,batch-03
rcaeval-16,hybrid,claim-20,noisy_neighbors for Pod 'checkoutservice' contains only itself,noisy_neighbors for Pod 'checkoutservice' contains only itself,entity_relationship,0.713,False,1.0,False,True,Online Boutique,socket,batch-03
rcaeval-16,hybrid,claim-21,dependencies list for Pod 'checkoutservice' is empty,dependencies list for Pod 'checkoutservice' is empty,entity_relationship,0.713,False,1.0,False,True,Online Boutique,socket,batch-03
rcaeval-16,hybrid,claim-22,Noisy-neighbor resource contention is ruled out,Noisy-neighbor resource contention is ruled out,causal,0.0,True,0.0,True,True,Online Boutique,socket,batch-03
rcaeval-16,hybrid,claim-23,Dependency cascade is ruled out,Dependency cascade is ruled out,causal,0.0,True,0.0,True,True,Online Boutique,socket,batch-03
rcaeval-16,hybrid,claim-24,MONITORING Agent is inconclusive on isolated counter value with confidence 0.45,MONITORING Agent is inconclusive on isolated counter value with confidence 0.45,general,0.0,True,0.0,True,True,Online Boutique,socket,batch-03
rcaeval-16,hybrid,claim-25,Isolated counter value is 95 for container_cpu_usage_seconds_total,Isolated counter value is 95 for container_cpu_usage_seconds_total,state,0.358,True,0.0,True,True,Online Boutique,socket,batch-03
rcaeval-16,hybrid,claim-26,A single cumulative counter for container_cpu_usage_seconds_total requires rate() and historical baseline for interpretation,A single cumulative counter for container_cpu_usage_seconds_total requires rate() and historical baseline for interpretation,general,0.0,True,0.0,True,True,Online Boutique,socket,batch-03
rcaeval-16,hybrid,claim-27,LOGS statistical before/after comparison supersedes MONITORING Agent's single counter observation,LOGS statistical before/after comparison supersedes MONITORING Agent's single counter observation,general,0.0,True,0.0,True,True,Online Boutique,socket,batch-03
rcaeval-16,hybrid,claim-28,DEPLOYMENTS Agent reports Deployment degraded with confidence 0.35,DEPLOYMENTS Agent reports Deployment degraded with confidence 0.35,general,0.0,True,0.0,True,True,Online Boutique,socket,batch-03
rcaeval-16,hybrid,claim-29,Git SHA is null,Git SHA is null,state,0.0,True,0.0,True,True,Online Boutique,socket,batch-03
rcaeval-16,hybrid,claim-30,commit_msg is null,commit_msg is null,state,0.0,True,1.0,False,False,Online Boutique,socket,batch-03
rcaeval-16,hybrid,claim-31,Regression cannot be correlated to a commit due to null Git SHA/commit_msg,Regression cannot be correlated to a commit due to null Git SHA/commit_msg,causal,0.0,True,0.5,False,False,Online Boutique,socket,batch-03
rcaeval-16,hybrid,claim-32,DEPLOYMENTS Agent finding is low-confidence,DEPLOYMENTS Agent finding is low-confidence,general,0.0,True,0.0,True,True,Online Boutique,socket,batch-03
rcaeval-16,hybrid,claim-33,SECURITY Agent rules out breach/RBAC/secret issues with confidence 0.8,SECURITY Agent rules out breach/RBAC/secret issues with confidence 0.8,general,0.0,True,0.5,False,False,Online Boutique,socket,batch-03
rcaeval-16,hybrid,claim-34,"No breach, RBAC, or secret security issue caused the incident","No breach, RBAC, or secret security issue caused the incident",causal,0.0,True,0.0,True,True,Online Boutique,socket,batch-03
rcaeval-16,hybrid,claim-35,"Application-level CPU saturation, memory pressure, and concurrency buildup (socket increase) led to overload","Application-level CPU saturation, memory pressure, and concurrency buildup (socket increase) led to overload",causal,0.506,False,0.0,True,False,Online Boutique,socket,batch-03
rcaeval-16,hybrid,claim-36,Overload led to eventual pod failure,Overload led to eventual pod failure,causal,0.0,True,0.0,True,True,Online Boutique,socket,batch-03
rcaeval-16,hybrid,claim-37,Pod failure was not due to infrastructure contention,Pod failure was not due to infrastructure contention,causal,0.0,True,0.5,False,False,Online Boutique,socket,batch-03
rcaeval-16,hybrid,claim-38,Pod failure was not due to security incident,Pod failure was not due to security incident,causal,0.0,True,0.0,True,True,Online Boutique,socket,batch-03
rcaeval-17,none,claim-1,Pod 'carts' has Failed status,Pod 'carts' has Failed status,state,0.546,False,1.0,False,True,Sock Shop,socket,batch-03
rcaeval-17,none,claim-2,Pod 'carts' is hosted on node 'node-worker-01',Pod 'carts' is hosted on node 'node-worker-01',entity_relationship,0.72,False,1.0,False,True,Sock Shop,socket,batch-03
rcaeval-17,none,claim-3,Pod 'carts' experienced severe CPU saturation,Pod 'carts' experienced severe CPU saturation,state,0.349,True,0.5,False,False,Sock Shop,socket,batch-03
rcaeval-17,none,claim-4,CPU saturation was isolated to pod 'carts',CPU saturation was isolated to pod 'carts',state,0.0,True,0.5,False,False,Sock Shop,socket,batch-03
rcaeval-17,none,claim-5,CPU saturation caused significant performance degradation,CPU saturation caused significant performance degradation,causal,0.0,True,0.5,False,False,Sock Shop,socket,batch-03
rcaeval-17,none,claim-6,p50 latency increased by 104%,p50 latency increased by 104%,state,0.0,True,0.0,True,True,Sock Shop,socket,batch-03
rcaeval-17,none,claim-7,p90 latency increased by 55%,p90 latency increased by 55%,state,0.0,True,0.0,True,True,Sock Shop,socket,batch-03
rcaeval-17,none,claim-8,Performance degradation had downstream impact to front-end service,Performance degradation had downstream impact to front-end service,causal,0.0,True,0.0,True,True,Sock Shop,socket,batch-03
rcaeval-17,none,claim-9,Performance degradation had downstream impact to orders service,Performance degradation had downstream impact to orders service,causal,0.0,True,0.0,True,True,Sock Shop,socket,batch-03
rcaeval-17,none,claim-10,No application error logs were present,No application error logs were present,state,0.0,True,0.0,True,True,Sock Shop,socket,batch-03
rcaeval-17,none,claim-11,No security compromise occurred,No security compromise occurred,state,0.0,True,0.0,True,True,Sock Shop,socket,batch-03
rcaeval-17,none,claim-12,Root cause is self-induced CPU saturation/performance degradation isolated to pod 'carts' on node 'node-worker-01',Root cause is self-induced CPU saturation/performance degradation isolated to pod 'carts' on node 'node-worker-01',causal,0.723,False,0.5,False,True,Sock Shop,socket,batch-03
rcaeval-17,none,claim-13,MONITORING detected high CPU anomaly,MONITORING detected high CPU anomaly,state,0.0,True,0.0,True,True,Sock Shop,socket,batch-03
rcaeval-17,none,claim-14,MONITORING detection confidence was 0.92,MONITORING detection confidence was 0.92,state,0.0,True,0.0,True,True,Sock Shop,socket,batch-03
rcaeval-17,none,claim-15,LOGS corroborated the anomaly with confidence 0.87,LOGS corroborated the anomaly with confidence 0.87,state,0.0,True,0.0,True,True,Sock Shop,socket,batch-03
rcaeval-17,none,claim-16,carts_cpu spiked +604% from 6.58 to 46.4,carts_cpu spiked +604% from 6.58 to 46.4,state,0.363,True,1.0,False,False,Sock Shop,socket,batch-03
rcaeval-17,none,claim-17,carts_latency-50 increased +104% from 0.1589 to 0.3251,carts_latency-50 increased +104% from 0.1589 to 0.3251,state,0.38,True,1.0,False,False,Sock Shop,socket,batch-03
rcaeval-17,none,claim-18,carts_latency-90 increased +55% from 0.8522 to 1.323,carts_latency-90 increased +55% from 0.8522 to 1.323,state,0.369,True,1.0,False,False,Sock Shop,socket,batch-03
rcaeval-17,none,claim-19,carts_socket increased +26.8% from 31.45 to 39.88,carts_socket increased +26.8% from 31.45 to 39.88,state,0.346,True,1.0,False,False,Sock Shop,socket,batch-03
rcaeval-17,none,claim-20,front-end latency was elevated,front-end latency was elevated,state,0.339,True,0.0,True,True,Sock Shop,socket,batch-03
rcaeval-17,none,claim-21,orders latency was elevated,orders latency was elevated,state,0.343,True,0.0,True,True,Sock Shop,socket,batch-03
rcaeval-17,none,claim-22,LOGS confirms no functional failure,LOGS confirms no functional failure,state,0.0,True,0.0,True,True,Sock Shop,socket,batch-03
rcaeval-17,none,claim-23,Zero carts log lines were found in the sample,Zero carts log lines were found in the sample,state,0.555,False,0.0,True,False,Sock Shop,socket,batch-03
rcaeval-17,none,claim-24,carts_error mean dropped from 0.01305 to 0.0 after timestamp 1705632937,carts_error mean dropped from 0.01305 to 0.0 after timestamp 1705632937,temporal,0.381,True,1.0,False,False,Sock Shop,socket,batch-03
rcaeval-17,none,claim-25,carts_mem decreased from 2.53e+08 to 2.103e+08,carts_mem decreased from 2.53e+08 to 2.103e+08,state,0.358,True,0.5,False,False,Sock Shop,socket,batch-03
rcaeval-17,none,claim-26,Decreased carts_mem rules out OOM/memory leak as cause,Decreased carts_mem rules out OOM/memory leak as cause,causal,0.0,True,0.0,True,True,Sock Shop,socket,batch-03
rcaeval-17,none,claim-27,TOPOLOGY confirms isolation with confidence 0.99,TOPOLOGY confirms isolation with confidence 0.99,state,0.0,True,0.0,True,True,Sock Shop,socket,batch-03
rcaeval-17,none,claim-28,carts is the sole noisy neighbor on node-worker-01,carts is the sole noisy neighbor on node-worker-01,entity_relationship,0.71,False,0.5,False,True,Sock Shop,socket,batch-03
rcaeval-17,none,claim-29,Pod 'carts' has no dependencies,Pod 'carts' has no dependencies,entity_relationship,0.0,True,1.0,False,False,Sock Shop,socket,batch-03
rcaeval-17,none,claim-30,Pod 'carts' has no external noisy neighbors,Pod 'carts' has no external noisy neighbors,entity_relationship,0.0,True,1.0,False,False,Sock Shop,socket,batch-03
rcaeval-17,none,claim-31,CPU saturation is internal and not caused by node contention,CPU saturation is internal and not caused by node contention,causal,0.0,True,0.0,True,True,Sock Shop,socket,batch-03
rcaeval-17,none,claim-32,DEPLOYMENTS signal was Degraded with confidence 0.35,DEPLOYMENTS signal was Degraded with confidence 0.35,state,0.0,True,0.0,True,True,Sock Shop,socket,batch-03
rcaeval-17,none,claim-33,DEPLOYMENTS signal has null commit SHA,DEPLOYMENTS signal has null commit SHA,state,0.0,True,0.0,True,True,Sock Shop,socket,batch-03
rcaeval-17,none,claim-34,DEPLOYMENTS signal has null commit message,DEPLOYMENTS signal has null commit message,state,0.0,True,0.0,True,True,Sock Shop,socket,batch-03
rcaeval-17,none,claim-35,DEPLOYMENTS Degraded signal is discounted due to low confidence and null commit data,DEPLOYMENTS Degraded signal is discounted due to low confidence and null commit data,causal,0.0,True,0.0,True,True,Sock Shop,socket,batch-03
rcaeval-17,none,claim-36,Insufficient evidence to attribute failure to deployment regression,Insufficient evidence to attribute failure to deployment regression,general,0.0,True,0.5,False,False,Sock Shop,socket,batch-03
rcaeval-17,none,claim-37,SECURITY rules out breach/RBAC causes with confidence 0.8,SECURITY rules out breach/RBAC causes with confidence 0.8,general,0.0,True,0.5,False,False,Sock Shop,socket,batch-03
rcaeval-17,raw,claim-1,Pod 'carts' is in 'Failed' state,Pod 'carts' is in 'Failed' state,state,0.0,True,1.0,False,False,Sock Shop,socket,batch-03
rcaeval-17,raw,claim-2,Pod 'carts' is located on node-worker-01,Pod 'carts' is located on node-worker-01,entity_relationship,0.72,False,1.0,False,True,Sock Shop,socket,batch-03
rcaeval-17,raw,claim-3,Pod 'carts' on node-worker-01 failed without a clear correlated failure signal,Pod 'carts' on node-worker-01 failed without a clear correlated failure signal,state,0.71,False,1.0,False,True,Sock Shop,socket,batch-03
rcaeval-17,raw,claim-4,LOGS Agent found zero log entries from the carts pod itself,LOGS Agent found zero log entries from the carts pod itself,state,0.54,False,0.0,True,False,Sock Shop,socket,batch-03
rcaeval-17,raw,claim-5,No carts-specific logs were ingested,No carts-specific logs were ingested,state,0.0,True,0.0,True,True,Sock Shop,socket,batch-03
rcaeval-17,raw,claim-6,"All available logs from front-end/user show successful requests (GetUsers, GetCards, Posting Order) with no errors","All available logs from front-end/user show successful requests (GetUsers, GetCards, Posting Order) with no errors",state,0.35,True,0.0,True,True,Sock Shop,socket,batch-03
rcaeval-17,raw,claim-7,carts_error decreased from 0.01305 to 0.0,carts_error decreased from 0.01305 to 0.0,state,0.349,True,0.0,True,True,Sock Shop,socket,batch-03
rcaeval-17,raw,claim-8,"carts_cpu mean increased from 6.58 to 46.4, approximately a 7x increase","carts_cpu mean increased from 6.58 to 46.4, approximately a 7x increase",state,0.374,True,1.0,False,False,Sock Shop,socket,batch-03
rcaeval-17,raw,claim-9,"carts_latency p50 increased from 0.1589 to 0.3251, approximately a 2x increase","carts_latency p50 increased from 0.1589 to 0.3251, approximately a 2x increase",state,0.359,True,1.0,False,False,Sock Shop,socket,batch-03
rcaeval-17,raw,claim-10,carts_latency p90 increased from 0.8522 to 1.323,carts_latency p90 increased from 0.8522 to 1.323,state,0.355,True,1.0,False,False,Sock Shop,socket,batch-03
rcaeval-17,raw,claim-11,carts_mem decreased,carts_mem decreased,state,0.0,True,1.0,False,False,Sock Shop,socket,batch-03
rcaeval-17,raw,claim-12,Metrics indicate severe resource/latency pressure without functional exception logging,Metrics indicate severe resource/latency pressure without functional exception logging,state,0.0,True,0.0,True,True,Sock Shop,socket,batch-03
rcaeval-17,raw,claim-13,noisy_neighbors contains only 'carts' itself,noisy_neighbors contains only 'carts' itself,entity_relationship,0.0,True,0.5,False,False,Sock Shop,socket,batch-03
rcaeval-17,raw,claim-14,dependencies is empty,dependencies is empty,entity_relationship,0.0,True,0.0,True,True,Sock Shop,socket,batch-03
rcaeval-17,raw,claim-15,TOPOLOGY Agent rules out co-located contention and noisy-neighbor contention,TOPOLOGY Agent rules out co-located contention and noisy-neighbor contention,general,0.0,True,0.0,True,True,Sock Shop,socket,batch-03
rcaeval-17,raw,claim-16,Pod 'carts' is isolated on node-worker-01,Pod 'carts' is isolated on node-worker-01,state,0.72,False,1.0,False,True,Sock Shop,socket,batch-03
rcaeval-17,raw,claim-17,"SECURITY Agent rules out breaches, RBAC issues, and secret issues","SECURITY Agent rules out breaches, RBAC issues, and secret issues",general,0.0,True,0.5,False,False,Sock Shop,socket,batch-03
rcaeval-17,raw,claim-18,DEPLOYMENTS Agent reports 'carts-deploy' as Degraded,DEPLOYMENTS Agent reports 'carts-deploy' as Degraded,state,0.0,True,0.0,True,True,Sock Shop,socket,batch-03
rcaeval-17,raw,claim-19,sha is null for carts-deploy,sha is null for carts-deploy,state,0.0,True,0.0,True,True,Sock Shop,socket,batch-03
rcaeval-17,raw,claim-20,commit_msg is null for carts-deploy,commit_msg is null for carts-deploy,state,0.0,True,0.0,True,True,Sock Shop,socket,batch-03
rcaeval-17,raw,claim-21,Deployment correlation is impossible due to missing commit metadata,Deployment correlation is impossible due to missing commit metadata,causal,0.0,True,0.0,True,True,Sock Shop,socket,batch-03
rcaeval-17,raw,claim-22,A code regression cannot be confirmed or ruled out,A code regression cannot be confirmed or ruled out,general,0.0,True,0.0,True,True,Sock Shop,socket,batch-03
rcaeval-17,raw,claim-23,MONITORING Agent is inconclusive due to insufficient data for anomaly detection,MONITORING Agent is inconclusive due to insufficient data for anomaly detection,causal,0.0,True,0.0,True,True,Sock Shop,socket,batch-03
rcaeval-17,raw,claim-24,The definitive failure trigger for the carts pod is inconclusive and undetermined,The definitive failure trigger for the carts pod is inconclusive and undetermined,general,0.54,False,0.5,False,True,Sock Shop,socket,batch-03
rcaeval-17,raw,claim-25,CPU saturation/throttling potentially caused liveness/readiness probe timeout and pod failure,CPU saturation/throttling potentially caused liveness/readiness probe timeout and pod failure,causal,0.0,True,0.0,True,True,Sock Shop,socket,batch-03
rcaeval-17,raw,claim-26,"The CPU saturation hypothesis cannot be definitively confirmed without carts container logs, previous container logs, or kube events","The CPU saturation hypothesis cannot be definitively confirmed without carts container logs, previous container logs, or kube events",causal,0.552,False,0.0,True,False,Sock Shop,socket,batch-03
rcaeval-17,hybrid,claim-1,Pod 'carts' has Failed status,Pod 'carts' has Failed status,state,0.546,False,1.0,False,True,Sock Shop,socket,batch-03
rcaeval-17,hybrid,claim-2,Pod 'carts' failed due to internal CPU resource exhaustion,Pod 'carts' failed due to internal CPU resource exhaustion,causal,0.548,False,1.0,False,True,Sock Shop,socket,batch-03
rcaeval-17,hybrid,claim-3,Internal CPU resource exhaustion caused 2x latency degradation for carts,Internal CPU resource exhaustion caused 2x latency degradation for carts,causal,0.554,False,0.0,True,False,Sock Shop,socket,batch-03
rcaeval-17,hybrid,claim-4,Internal CPU resource exhaustion caused downstream impact to front-end service,Internal CPU resource exhaustion caused downstream impact to front-end service,causal,0.0,True,0.0,True,True,Sock Shop,socket,batch-03
rcaeval-17,hybrid,claim-5,Internal CPU resource exhaustion caused downstream impact to orders service,Internal CPU resource exhaustion caused downstream impact to orders service,causal,0.0,True,0.0,True,True,Sock Shop,socket,batch-03
rcaeval-17,hybrid,claim-6,No external contention was detected,No external contention was detected,state,0.0,True,0.0,True,True,Sock Shop,socket,batch-03
rcaeval-17,hybrid,claim-7,No security compromise was detected,No security compromise was detected,state,0.0,True,0.0,True,True,Sock Shop,socket,batch-03
rcaeval-17,hybrid,claim-8,Correlated telemetry indicates isolated internal CPU saturation as root cause,Correlated telemetry indicates isolated internal CPU saturation as root cause,causal,0.0,True,0.0,True,True,Sock Shop,socket,batch-03
rcaeval-17,hybrid,claim-9,Root cause is not external contention,Root cause is not external contention,general,0.0,True,0.0,True,True,Sock Shop,socket,batch-03
rcaeval-17,hybrid,claim-10,Root cause is not deployment regression,Root cause is not deployment regression,general,0.0,True,0.0,True,True,Sock Shop,socket,batch-03
rcaeval-17,hybrid,claim-11,Root cause is not security breach,Root cause is not security breach,general,0.0,True,0.5,False,False,Sock Shop,socket,batch-03
rcaeval-17,hybrid,claim-12,MONITORING detected high CPU anomaly with confidence 0.92,MONITORING detected high CPU anomaly with confidence 0.92,state,0.0,True,0.0,True,True,Sock Shop,socket,batch-03
rcaeval-17,hybrid,claim-13,LOGS metrics corroborated the high CPU anomaly,LOGS metrics corroborated the high CPU anomaly,general,0.0,True,0.0,True,True,Sock Shop,socket,batch-03
rcaeval-17,hybrid,claim-14,carts_cpu spiked 7x from 6.58 to 46.4,carts_cpu spiked 7x from 6.58 to 46.4,state,0.361,True,1.0,False,False,Sock Shop,socket,batch-03
rcaeval-17,hybrid,claim-15,carts_cpu spike occurred after 1705632937 (2024-01-19T02:54:36Z),carts_cpu spike occurred after 1705632937 (2024-01-19T02:54:36Z),temporal,0.354,True,0.5,False,False,Sock Shop,socket,batch-03
rcaeval-17,hybrid,claim-16,carts_latency-50 doubled from 0.1589 to 0.3251,carts_latency-50 doubled from 0.1589 to 0.3251,state,0.372,True,1.0,False,False,Sock Shop,socket,batch-03
rcaeval-17,hybrid,claim-17,carts_latency-90 increased from 0.8522 to 1.323,carts_latency-90 increased from 0.8522 to 1.323,state,0.37,True,1.0,False,False,Sock Shop,socket,batch-03
rcaeval-17,hybrid,claim-18,carts_socket increased from 31.45 to 39.88,carts_socket increased from 31.45 to 39.88,state,0.345,True,1.0,False,False,Sock Shop,socket,batch-03
rcaeval-17,hybrid,claim-19,Front-end latencies showed correlated increases,Front-end latencies showed correlated increases,state,0.0,True,0.5,False,False,Sock Shop,socket,batch-03
rcaeval-17,hybrid,claim-20,Orders latencies showed correlated increases,Orders latencies showed correlated increases,state,0.0,True,0.5,False,False,Sock Shop,socket,batch-03
rcaeval-17,hybrid,claim-21,session-db_diskio showed correlated increase,session-db_diskio showed correlated increase,state,0.336,True,0.5,False,False,Sock Shop,socket,batch-03
rcaeval-17,hybrid,claim-22,carts_error decreased from 0.01305 to 0,carts_error decreased from 0.01305 to 0,state,0.351,True,1.0,False,False,Sock Shop,socket,batch-03
rcaeval-17,hybrid,claim-23,carts_mem decreased from 2.53e+08 to 2.103e+08,carts_mem decreased from 2.53e+08 to 2.103e+08,state,0.358,True,0.5,False,False,Sock Shop,socket,batch-03
rcaeval-17,hybrid,claim-24,No crash/error logs were found,No crash/error logs were found,state,0.0,True,0.0,True,True,Sock Shop,socket,batch-03
rcaeval-17,hybrid,claim-25,Absence of crash/error logs rules out application error spike,Absence of crash/error logs rules out application error spike,causal,0.0,True,0.0,True,True,Sock Shop,socket,batch-03
rcaeval-17,hybrid,claim-26,Absence of crash/error logs rules out OOMKill,Absence of crash/error logs rules out OOMKill,causal,0.0,True,0.0,True,True,Sock Shop,socket,batch-03
rcaeval-17,hybrid,claim-27,Metrics suggest CPU-bound hot loop/resource pressure or cold restart state,Metrics suggest CPU-bound hot loop/resource pressure or cold restart state,causal,0.0,True,0.0,True,True,Sock Shop,socket,batch-03
rcaeval-17,hybrid,claim-28,TOPOLOGY with confidence 0.95 rules out noisy-neighbor contention,TOPOLOGY with confidence 0.95 rules out noisy-neighbor contention,state,0.0,True,0.0,True,True,Sock Shop,socket,batch-03
rcaeval-17,hybrid,claim-29,Pod 'carts' is isolated on node-worker-01,Pod 'carts' is isolated on node-worker-01,entity_relationship,0.72,False,1.0,False,True,Sock Shop,socket,batch-03
rcaeval-17,hybrid,claim-30,Pod 'carts' has 0 dependencies,Pod 'carts' has 0 dependencies,entity_relationship,0.0,True,1.0,False,False,Sock Shop,socket,batch-03
rcaeval-17,hybrid,claim-31,SECURITY with confidence 0.8 rules out breach/RBAC issues,SECURITY with confidence 0.8 rules out breach/RBAC issues,state,0.0,True,0.0,True,True,Sock Shop,socket,batch-03
rcaeval-17,hybrid,claim-32,DEPLOYMENTS reports Degraded status with confidence 0.65,DEPLOYMENTS reports Degraded status with confidence 0.65,state,0.0,True,0.0,True,True,Sock Shop,socket,batch-03
rcaeval-17,hybrid,claim-33,DEPLOYMENTS Degraded status is discounted as low-confidence symptom without verifiable cause,DEPLOYMENTS Degraded status is discounted as low-confidence symptom without verifiable cause,state,0.0,True,0.0,True,True,Sock Shop,socket,batch-03
rcaeval-17,hybrid,claim-34,Null SHA/commit_msg prevents regression correlation,Null SHA/commit_msg prevents regression correlation,causal,0.0,True,0.5,False,False,Sock Shop,socket,batch-03
rcaeval-17,hybrid,claim-35,Degraded status has no verifiable cause due to null SHA/commit_msg,Degraded status has no verifiable cause due to null SHA/commit_msg,causal,0.0,True,0.0,True,True,Sock Shop,socket,batch-03
rcaeval-17,hybrid,claim-36,Degraded status is likely a consequence of the pod failure rather than its cause,Degraded status is likely a consequence of the pod failure rather than its cause,causal,0.0,True,0.0,True,True,Sock Shop,socket,batch-03
rcaeval-18,none,claim-1,Pod ts-auth-service has Failed,Pod ts-auth-service has Failed,state,0.708,False,1.0,False,True,Train Ticket,socket,batch-03
rcaeval-18,none,claim-2,Acute performance degradation started at 2024-01-23 03:45:08 UTC,Acute performance degradation started at 2024-01-23 03:45:08 UTC,temporal,0.0,True,0.0,True,True,Train Ticket,socket,batch-03
rcaeval-18,none,claim-3,p50 latency increased 433% from 0.24s to 1.29s,p50 latency increased 433% from 0.24s to 1.29s,state,0.0,True,1.0,False,False,Train Ticket,socket,batch-03
rcaeval-18,none,claim-4,p90 latency increased 227% from 0.69s to 2.27s,p90 latency increased 227% from 0.69s to 2.27s,state,0.0,True,1.0,False,False,Train Ticket,socket,batch-03
rcaeval-18,none,claim-5,CPU saturation increased by 156% to 37.14,CPU saturation increased by 156% to 37.14,state,0.0,True,0.0,True,True,Train Ticket,socket,batch-03
rcaeval-18,none,claim-6,Socket pressure increased by 129% to 28.8,Socket pressure increased by 129% to 28.8,state,0.0,True,0.0,True,True,Train Ticket,socket,batch-03
rcaeval-18,none,claim-7,"CPU saturation, socket pressure and latency spikes in ts-auth-service caused downstream latency degradation in ts-ui-dashboard","CPU saturation, socket pressure and latency spikes in ts-auth-service caused downstream latency degradation in ts-ui-dashboard",causal,0.585,False,0.5,False,True,Train Ticket,socket,batch-03
rcaeval-18,none,claim-8,ts-ui-dashboard p90 latency degraded by 162%,ts-ui-dashboard p90 latency degraded by 162%,state,0.363,True,1.0,False,False,Train Ticket,socket,batch-03
rcaeval-18,none,claim-9,Service failure is isolated to a single failed pod,Service failure is isolated to a single failed pod,state,0.504,False,0.0,True,False,Train Ticket,socket,batch-03
rcaeval-18,none,claim-10,Deployment status is Degraded,Deployment status is Degraded,state,0.0,True,0.0,True,True,Train Ticket,socket,batch-03
rcaeval-18,none,claim-11,Root cause is an internal resource saturation / bottleneck within ts-auth-service itself,Root cause is an internal resource saturation / bottleneck within ts-auth-service itself,causal,0.584,False,0.5,False,True,Train Ticket,socket,batch-03
rcaeval-18,none,claim-12,Root cause is not external contention,Root cause is not external contention,general,0.0,True,0.5,False,False,Train Ticket,socket,batch-03
rcaeval-18,none,claim-13,Root cause is not a security incident,Root cause is not a security incident,general,0.0,True,0.0,True,True,Train Ticket,socket,batch-03
rcaeval-18,none,claim-14,LOGS analysis has high confidence of 0.92,LOGS analysis has high confidence of 0.92,state,0.0,True,0.0,True,True,Train Ticket,socket,batch-03
rcaeval-18,none,claim-15,"LOGS analysis shows correlated CPU, socket, and latency spikes","LOGS analysis shows correlated CPU, socket, and latency spikes",state,0.0,True,0.0,True,True,Train Ticket,socket,batch-03
rcaeval-18,none,claim-16,DiskIO collapsed by 98.8% from 8.197e+06 to 9.874e+04,DiskIO collapsed by 98.8% from 8.197e+06 to 9.874e+04,state,0.0,True,1.0,False,False,Train Ticket,socket,batch-03
rcaeval-18,none,claim-17,DiskIO collapse occurred after timestamp 1705981508,DiskIO collapse occurred after timestamp 1705981508,temporal,0.0,True,0.0,True,True,Train Ticket,socket,batch-03
rcaeval-18,none,claim-18,No ERROR logs were present,No ERROR logs were present,state,0.0,True,0.5,False,False,Train Ticket,socket,batch-03
rcaeval-18,none,claim-19,No WARN logs were present,No WARN logs were present,state,0.0,True,0.5,False,False,Train Ticket,socket,batch-03
rcaeval-18,none,claim-20,Only 2 INFO logs from TokenServiceImpl were present at 03:44:07.751,Only 2 INFO logs from TokenServiceImpl were present at 03:44:07.751,temporal,0.341,True,0.5,False,False,Train Ticket,socket,batch-03
rcaeval-18,none,claim-21,"Log pattern indicates thread/connection pool exhaustion, CPU thrashing, or I/O stall rather than application crash","Log pattern indicates thread/connection pool exhaustion, CPU thrashing, or I/O stall rather than application crash",causal,0.0,True,0.0,True,True,Train Ticket,socket,batch-03
rcaeval-18,none,claim-22,TOPOLOGY analysis has confidence of 0.95,TOPOLOGY analysis has confidence of 0.95,state,0.0,True,0.0,True,True,Train Ticket,socket,batch-03
rcaeval-18,none,claim-23,Pod ts-auth-service is isolated on node-worker-01,Pod ts-auth-service is isolated on node-worker-01,entity_relationship,0.708,False,1.0,False,True,Train Ticket,socket,batch-03
rcaeval-18,none,claim-24,Pod has no noisy neighbors on node-worker-01,Pod has no noisy neighbors on node-worker-01,state,0.71,False,0.5,False,True,Train Ticket,socket,batch-03
rcaeval-18,none,claim-25,Pod has no dependencies,Pod has no dependencies,entity_relationship,0.0,True,0.0,True,True,Train Ticket,socket,batch-03
rcaeval-18,none,claim-26,TOPOLOGY excludes external resource contention as cause,TOPOLOGY excludes external resource contention as cause,general,0.0,True,0.0,True,True,Train Ticket,socket,batch-03
rcaeval-18,none,claim-27,SECURITY analysis has confidence of 0.96,SECURITY analysis has confidence of 0.96,state,0.0,True,0.0,True,True,Train Ticket,socket,batch-03
rcaeval-18,none,claim-28,SECURITY excludes credential leak/exfiltration,SECURITY excludes credential leak/exfiltration,general,0.0,True,0.0,True,True,Train Ticket,socket,batch-03
rcaeval-18,none,claim-29,Logs show properly redacted '<JWT_REDACTED>',Logs show properly redacted '<JWT_REDACTED>',state,0.0,True,0.5,False,False,Train Ticket,socket,batch-03
rcaeval-18,none,claim-30,Logs show properly redacted '<UUID_REDACTED>',Logs show properly redacted '<UUID_REDACTED>',state,0.0,True,0.5,False,False,Train Ticket,socket,batch-03
rcaeval-18,none,claim-31,MONITORING analysis has confidence of 0.85,MONITORING analysis has confidence of 0.85,state,0.0,True,0.0,True,True,Train Ticket,socket,batch-03
rcaeval-18,none,claim-32,MONITORING confirms anomaly,MONITORING confirms anomaly,state,0.0,True,0.0,True,True,Train Ticket,socket,batch-03
rcaeval-18,none,claim-33,DEPLOYMENTS analysis has low confidence of 0.35,DEPLOYMENTS analysis has low confidence of 0.35,state,0.0,True,0.0,True,True,Train Ticket,socket,batch-03
rcaeval-18,none,claim-34,Deployment 'ts-auth-service-deploy' is Degraded,Deployment 'ts-auth-service-deploy' is Degraded,state,0.69,False,0.5,False,True,Train Ticket,socket,batch-03
rcaeval-18,none,claim-35,Deployment 'ts-auth-service-deploy' provides null sha/commit_msg,Deployment 'ts-auth-service-deploy' provides null sha/commit_msg,state,0.69,False,0.5,False,True,Train Ticket,socket,batch-03
rcaeval-18,none,claim-36,Git regression correlation is impossible due to null sha/commit_msg,Git regression correlation is impossible due to null sha/commit_msg,general,0.0,True,0.5,False,False,Train Ticket,socket,batch-03
rcaeval-18,none,claim-37,DEPLOYMENTS analysis is inconclusive,DEPLOYMENTS analysis is inconclusive,state,0.0,True,0.0,True,True,Train Ticket,socket,batch-03
rcaeval-18,none,claim-38,Failure cannot be attributed to a recent code deployment without additional rollout history,Failure cannot be attributed to a recent code deployment without additional rollout history,general,0.0,True,0.0,True,True,Train Ticket,socket,batch-03
rcaeval-18,raw,claim-1,Pod 'ts-auth-service' failed,Pod 'ts-auth-service' failed,state,0.705,False,1.0,False,True,Train Ticket,socket,batch-03
rcaeval-18,raw,claim-2,Pod 'ts-auth-service' failure was due to intrinsic CPU saturation and resource exhaustion,Pod 'ts-auth-service' failure was due to intrinsic CPU saturation and resource exhaustion,causal,0.708,False,0.0,True,False,Train Ticket,socket,batch-03
rcaeval-18,raw,claim-3,CPU saturation and resource exhaustion caused 433% p50 latency degradation,CPU saturation and resource exhaustion caused 433% p50 latency degradation,causal,0.0,True,0.0,True,True,Train Ticket,socket,batch-03
rcaeval-18,raw,claim-4,CPU saturation and resource exhaustion caused 227% p90 latency degradation,CPU saturation and resource exhaustion caused 227% p90 latency degradation,causal,0.0,True,0.0,True,True,Train Ticket,socket,batch-03
rcaeval-18,raw,claim-5,Failure of ts-auth-service had downstream impact on ts-ui-dashboard,Failure of ts-auth-service had downstream impact on ts-ui-dashboard,entity_relationship,0.705,False,0.5,False,True,Train Ticket,socket,batch-03
rcaeval-18,raw,claim-6,Failure is silent with no ERROR logs,Failure is silent with no ERROR logs,state,0.0,True,0.0,True,True,Train Ticket,socket,batch-03
rcaeval-18,raw,claim-7,Failure is isolated,Failure is isolated,state,0.0,True,0.0,True,True,Train Ticket,socket,batch-03
rcaeval-18,raw,claim-8,Failure was not caused by noisy neighbors,Failure was not caused by noisy neighbors,causal,0.0,True,0.0,True,True,Train Ticket,socket,batch-03
rcaeval-18,raw,claim-9,Failure was not caused by credential leak,Failure was not caused by credential leak,causal,0.0,True,0.5,False,False,Train Ticket,socket,batch-03
rcaeval-18,raw,claim-10,Failure was not caused by verifiable bad deployment,Failure was not caused by verifiable bad deployment,causal,0.0,True,0.0,True,True,Train Ticket,socket,batch-03
rcaeval-18,raw,claim-11,Correlated metrics window starts after 1705981508 (2024-01-23 03:45:08 UTC),Correlated metrics window starts after 1705981508 (2024-01-23 03:45:08 UTC),temporal,0.0,True,0.0,True,True,Train Ticket,socket,batch-03
rcaeval-18,raw,claim-12,CPU increased from 14.48 to 37.14 (+156%),CPU increased from 14.48 to 37.14 (+156%),state,0.0,True,1.0,False,False,Train Ticket,socket,batch-03
rcaeval-18,raw,claim-13,Socket count increased from 12.54 to 28.8 (+130%),Socket count increased from 12.54 to 28.8 (+130%),state,0.0,True,0.5,False,False,Train Ticket,socket,batch-03
rcaeval-18,raw,claim-14,p50 latency increased from 0.2436 to 1.299 (+433%),p50 latency increased from 0.2436 to 1.299 (+433%),state,0.0,True,1.0,False,False,Train Ticket,socket,batch-03
rcaeval-18,raw,claim-15,p90 latency increased from 0.6941 to 2.273 (+227%),p90 latency increased from 0.6941 to 2.273 (+227%),state,0.0,True,1.0,False,False,Train Ticket,socket,batch-03
rcaeval-18,raw,claim-16,DiskIO decreased from 8.197e+06 to 9.874e+04 (-98.8%),DiskIO decreased from 8.197e+06 to 9.874e+04 (-98.8%),state,0.0,True,1.0,False,False,Train Ticket,socket,batch-03
rcaeval-18,raw,claim-17,Resource exhaustion pattern indicates thread pool/event-loop starvation,Resource exhaustion pattern indicates thread pool/event-loop starvation,causal,0.0,True,0.0,True,True,Train Ticket,socket,batch-03
rcaeval-18,raw,claim-18,Resource exhaustion pattern indicates socket buildup,Resource exhaustion pattern indicates socket buildup,causal,0.0,True,0.0,True,True,Train Ticket,socket,batch-03
rcaeval-18,raw,claim-19,Logs contain only normal INFO TokenServiceImpl JWT TOKEN/USER ID log entry,Logs contain only normal INFO TokenServiceImpl JWT TOKEN/USER ID log entry,state,0.0,True,0.0,True,True,Train Ticket,socket,batch-03
rcaeval-18,raw,claim-20,The INFO log occurred at 03:44:07.751,The INFO log occurred at 03:44:07.751,temporal,0.0,True,0.0,True,True,Train Ticket,socket,batch-03
rcaeval-18,raw,claim-21,Logs contain zero warnings,Logs contain zero warnings,state,0.0,True,0.0,True,True,Train Ticket,socket,batch-03
rcaeval-18,raw,claim-22,Logs contain zero errors,Logs contain zero errors,state,0.0,True,0.0,True,True,Train Ticket,socket,batch-03
rcaeval-18,raw,claim-23,Pod 'ts-auth-service' is isolated on node-worker-01,Pod 'ts-auth-service' is isolated on node-worker-01,entity_relationship,0.708,False,1.0,False,True,Train Ticket,socket,batch-03
rcaeval-18,raw,claim-24,Noisy_neighbors list contains only itself (ts-auth-service),Noisy_neighbors list contains only itself (ts-auth-service),entity_relationship,0.705,False,1.0,False,True,Train Ticket,socket,batch-03
rcaeval-18,raw,claim-25,Dependencies list is empty,Dependencies list is empty,entity_relationship,0.0,True,0.0,True,True,Train Ticket,socket,batch-03
rcaeval-18,raw,claim-26,Topology rules out cross-pod contention,Topology rules out cross-pod contention,causal,0.0,True,0.5,False,False,Train Ticket,socket,batch-03
rcaeval-18,raw,claim-27,No plaintext credential leak occurred,No plaintext credential leak occurred,state,0.0,True,0.0,True,True,Train Ticket,socket,batch-03
rcaeval-18,raw,claim-28,JWT is properly redacted as <JWT_REDACTED>,JWT is properly redacted as <JWT_REDACTED>,state,0.0,True,0.0,True,True,Train Ticket,socket,batch-03
rcaeval-18,raw,claim-29,UUID is properly redacted as <UUID_REDACTED>,UUID is properly redacted as <UUID_REDACTED>,state,0.0,True,0.0,True,True,Train Ticket,socket,batch-03
rcaeval-18,raw,claim-30,Deployment 'ts-auth-service-deploy' is in Degraded state,Deployment 'ts-auth-service-deploy' is in Degraded state,state,0.7,False,0.5,False,True,Train Ticket,socket,batch-03
rcaeval-18,raw,claim-31,Deployment 'ts-auth-service-deploy' has null Git SHA,Deployment 'ts-auth-service-deploy' has null Git SHA,state,0.69,False,0.5,False,True,Train Ticket,socket,batch-03
rcaeval-18,raw,claim-32,Deployment 'ts-auth-service-deploy' has null commit_msg,Deployment 'ts-auth-service-deploy' has null commit_msg,state,0.69,False,0.5,False,True,Train Ticket,socket,batch-03
rcaeval-18,raw,claim-33,Deployment cannot be correlated to a regression due to null Git SHA/commit_msg,Deployment cannot be correlated to a regression due to null Git SHA/commit_msg,causal,0.0,True,0.0,True,True,Train Ticket,socket,batch-03
rcaeval-18,raw,claim-34,Deployment Degraded status is assessed as symptom/observability gap rather than root cause,Deployment Degraded status is assessed as symptom/observability gap rather than root cause,general,0.0,True,0.5,False,False,Train Ticket,socket,batch-03
rcaeval-18,hybrid,claim-1,ts-auth-service pod failed after 2024-01-23 03:45:08 UTC,ts-auth-service pod failed after 2024-01-23 03:45:08 UTC,temporal,0.576,False,1.0,False,True,Train Ticket,socket,batch-03
rcaeval-18,hybrid,claim-2,ts-auth-service experienced severe isolated performance degradation,ts-auth-service experienced severe isolated performance degradation,state,0.586,False,0.5,False,True,Train Ticket,socket,batch-03
rcaeval-18,hybrid,claim-3,ts-auth-service p50 latency increased by 5.3x,ts-auth-service p50 latency increased by 5.3x,state,0.607,False,0.5,False,True,Train Ticket,socket,batch-03
rcaeval-18,hybrid,claim-4,ts-auth-service p90 latency increased by 3.27x,ts-auth-service p90 latency increased by 3.27x,state,0.601,False,0.5,False,True,Train Ticket,socket,batch-03
rcaeval-18,hybrid,claim-5,ts-auth-service CPU usage increased by 2.56x,ts-auth-service CPU usage increased by 2.56x,state,0.613,False,1.0,False,True,Train Ticket,socket,batch-03
rcaeval-18,hybrid,claim-6,ts-auth-service failure caused downstream impact to ts-ui-dashboard,ts-auth-service failure caused downstream impact to ts-ui-dashboard,causal,0.705,False,1.0,False,True,Train Ticket,socket,batch-03
rcaeval-18,hybrid,claim-7,ts-ui-dashboard p90 latency increased from 0.5947 to 1.557,ts-ui-dashboard p90 latency increased from 0.5947 to 1.557,state,0.371,True,1.0,False,False,Train Ticket,socket,batch-03
rcaeval-18,hybrid,claim-8,Failure is internal to the ts-auth-service pod,Failure is internal to the ts-auth-service pod,entity_relationship,0.708,False,1.0,False,True,Train Ticket,socket,batch-03
rcaeval-18,hybrid,claim-9,Failure was not caused by node contention,Failure was not caused by node contention,causal,0.0,True,0.0,True,True,Train Ticket,socket,batch-03
rcaeval-18,hybrid,claim-10,Failure was not caused by confirmed deployment regression,Failure was not caused by confirmed deployment regression,causal,0.0,True,0.0,True,True,Train Ticket,socket,batch-03
rcaeval-18,hybrid,claim-11,Root cause is internal resource exhaustion / CPU pressure within ts-auth-service,Root cause is internal resource exhaustion / CPU pressure within ts-auth-service,causal,0.591,False,1.0,False,True,Train Ticket,socket,batch-03
rcaeval-18,hybrid,claim-12,Root cause started at change point 1705981508 (2024-01-23 03:45:08 UTC),Root cause started at change point 1705981508 (2024-01-23 03:45:08 UTC),temporal,0.0,True,0.0,True,True,Train Ticket,socket,batch-03
rcaeval-18,hybrid,claim-13,LOGS Agent reported with confidence 0.91,LOGS Agent reported with confidence 0.91,state,0.0,True,0.0,True,True,Train Ticket,socket,batch-03
rcaeval-18,hybrid,claim-14,LOGS Agent shows isolated anomaly for ts-auth-service,LOGS Agent shows isolated anomaly for ts-auth-service,state,0.705,False,0.0,True,False,Train Ticket,socket,batch-03
rcaeval-18,hybrid,claim-15,p50 latency increased from 0.2436 to 1.299 (5.3x),p50 latency increased from 0.2436 to 1.299 (5.3x),state,0.0,True,0.5,False,False,Train Ticket,socket,batch-03
rcaeval-18,hybrid,claim-16,p90 latency increased from 0.6941 to 2.273 (3.27x),p90 latency increased from 0.6941 to 2.273 (3.27x),state,0.0,True,0.5,False,False,Train Ticket,socket,batch-03
rcaeval-18,hybrid,claim-17,CPU increased from 14.48 to 37.14 (2.56x),CPU increased from 14.48 to 37.14 (2.56x),state,0.0,True,0.5,False,False,Train Ticket,socket,batch-03
rcaeval-18,hybrid,claim-18,Socket count increased from 12.54 to 28.8 (2.3x),Socket count increased from 12.54 to 28.8 (2.3x),state,0.0,True,0.5,False,False,Train Ticket,socket,batch-03
rcaeval-18,hybrid,claim-19,diskIO dropped from 8.197e+06 to 9.874e+04 (98.8% drop),diskIO dropped from 8.197e+06 to 9.874e+04 (98.8% drop),state,0.0,True,0.5,False,False,Train Ticket,socket,batch-03
rcaeval-18,hybrid,claim-20,"Combination of CPU spike, socket increase, and diskIO collapse indicates CPU-bound stall / thread-pool or connection leak exhaustion rather than I/O wait","Combination of CPU spike, socket increase, and diskIO collapse indicates CPU-bound stall / thread-pool or connection leak exhaustion rather than I/O wait",causal,0.0,True,0.0,True,True,Train Ticket,socket,batch-03
rcaeval-18,hybrid,claim-21,Requests were queuing and latency was spiking,Requests were queuing and latency was spiking,state,0.0,True,0.0,True,True,Train Ticket,socket,batch-03
rcaeval-18,hybrid,claim-22,No error logs were emitted for ts-auth-service,No error logs were emitted for ts-auth-service,state,0.705,False,0.5,False,True,Train Ticket,socket,batch-03
rcaeval-18,hybrid,claim-23,Only 2 INFO logs from TokenServiceImpl were emitted at 03:44:07 immediately before the change point,Only 2 INFO logs from TokenServiceImpl were emitted at 03:44:07 immediately before the change point,temporal,0.0,True,0.0,True,True,Train Ticket,socket,batch-03
rcaeval-18,hybrid,claim-24,Resource saturation is indicated rather than a logged application exception,Resource saturation is indicated rather than a logged application exception,causal,0.0,True,0.0,True,True,Train Ticket,socket,batch-03
rcaeval-18,hybrid,claim-25,TOPOLOGY Agent reported with confidence 0.95,TOPOLOGY Agent reported with confidence 0.95,state,0.0,True,0.0,True,True,Train Ticket,socket,batch-03
rcaeval-18,hybrid,claim-26,TOPOLOGY Agent confirms no external noisy neighbors,TOPOLOGY Agent confirms no external noisy neighbors,state,0.0,True,0.0,True,True,Train Ticket,socket,batch-03
rcaeval-18,hybrid,claim-27,noisy_neighbors list contains only self-reference on node-worker-01,noisy_neighbors list contains only self-reference on node-worker-01,entity_relationship,0.71,False,0.0,True,False,Train Ticket,socket,batch-03
rcaeval-18,hybrid,claim-28,ts-auth-service pod is on node-worker-01,ts-auth-service pod is on node-worker-01,entity_relationship,0.561,False,1.0,False,True,Train Ticket,socket,batch-03
rcaeval-18,hybrid,claim-29,ts-auth-service dependencies list is empty,ts-auth-service dependencies list is empty,entity_relationship,0.705,False,0.5,False,True,Train Ticket,socket,batch-03
rcaeval-18,hybrid,claim-30,Node-level resource contention is ruled out as cause,Node-level resource contention is ruled out as cause,causal,0.0,True,0.0,True,True,Train Ticket,socket,batch-03
rcaeval-18,hybrid,claim-31,Issue is isolated to the ts-auth-service pod itself,Issue is isolated to the ts-auth-service pod itself,entity_relationship,0.568,False,1.0,False,True,Train Ticket,socket,batch-03
rcaeval-18,hybrid,claim-32,Other services showed decreased CPU/workload,Other services showed decreased CPU/workload,state,0.0,True,1.0,False,False,Train Ticket,socket,batch-03
rcaeval-18,hybrid,claim-33,DEPLOYMENTS Agent reported with confidence 0.35,DEPLOYMENTS Agent reported with confidence 0.35,state,0.0,True,0.0,True,True,Train Ticket,socket,batch-03
rcaeval-18,hybrid,claim-34,DEPLOYMENTS Agent reports Degraded status,DEPLOYMENTS Agent reports Degraded status,state,0.0,True,0.0,True,True,Train Ticket,socket,batch-03
rcaeval-18,hybrid,claim-35,DEPLOYMENTS Agent sha and commit_msg are null,DEPLOYMENTS Agent sha and commit_msg are null,state,0.0,True,0.0,True,True,Train Ticket,socket,batch-03
rcaeval-18,hybrid,claim-36,DEPLOYMENTS Agent finding cannot be correlated to a code regression,DEPLOYMENTS Agent finding cannot be correlated to a code regression,causal,0.0,True,0.0,True,True,Train Ticket,socket,batch-03
rcaeval-18,hybrid,claim-37,DEPLOYMENTS Agent finding is discounted as low-confidence,DEPLOYMENTS Agent finding is discounted as low-confidence,general,0.0,True,0.0,True,True,Train Ticket,socket,batch-03
rcaeval-18,hybrid,claim-38,MONITORING Agent reported with confidence 0.45,MONITORING Agent reported with confidence 0.45,state,0.0,True,0.0,True,True,Train Ticket,socket,batch-03
rcaeval-18,hybrid,claim-39,MONITORING Agent is inconclusive due to single cumulative counter value (95.0) without historical rate,MONITORING Agent is inconclusive due to single cumulative counter value (95.0) without historical rate,causal,0.0,True,0.0,True,True,Train Ticket,socket,batch-03
rcaeval-18,hybrid,claim-40,SECURITY Agent reported with confidence 0.85,SECURITY Agent reported with confidence 0.85,state,0.0,True,0.0,True,True,Train Ticket,socket,batch-03
rcaeval-18,hybrid,claim-41,SECURITY Agent identified a concurrent but non-causal secondary risk,SECURITY Agent identified a concurrent but non-causal secondary risk,causal,0.0,True,0.0,True,True,Train Ticket,socket,batch-03
rcaeval-18,hybrid,claim-42,TokenServiceImpl logged JWT TOKEN and USER ID at INFO level at 03:44:07.751,TokenServiceImpl logged JWT TOKEN and USER ID at INFO level at 03:44:07.751,temporal,0.346,True,0.5,False,False,Train Ticket,socket,batch-03
rcaeval-18,hybrid,claim-43,Logging JWT TOKEN and USER ID at INFO level constitutes sensitive data exposure (OWASP A01),Logging JWT TOKEN and USER ID at INFO level constitutes sensitive data exposure (OWASP A01),general,0.0,True,0.0,True,True,Train Ticket,socket,batch-03
rcaeval-18,hybrid,claim-44,Sensitive data exposure requires remediation,Sensitive data exposure requires remediation,general,0.0,True,0.0,True,True,Train Ticket,socket,batch-03
rcaeval-18,hybrid,claim-45,Sensitive data exposure did not cause the CPU saturation,Sensitive data exposure did not cause the CPU saturation,causal,0.0,True,0.0,True,True,Train Ticket,socket,batch-03
rcaeval-19,none,claim-1,Pod 'currencyservice' is marked 'Failed',Pod 'currencyservice' is marked 'Failed',state,0.713,False,1.0,False,True,Online Boutique,cpu,batch-04
rcaeval-19,none,claim-2,"Pod 'currencyservice' failure is due to severe performance degradation, not a crash","Pod 'currencyservice' failure is due to severe performance degradation, not a crash",causal,0.713,False,1.0,False,True,Online Boutique,cpu,batch-04
rcaeval-19,none,claim-3,Service remains logging normal operations,Service remains logging normal operations,state,0.534,False,0.0,True,False,Online Boutique,cpu,batch-04
rcaeval-19,none,claim-4,Service exhibits ~9.6x p50 latency spike,Service exhibits ~9.6x p50 latency spike,state,0.551,False,0.0,True,False,Online Boutique,cpu,batch-04
rcaeval-19,none,claim-5,CPU saturation is correlated with the latency spike,CPU saturation is correlated with the latency spike,general,0.0,True,0.0,True,True,Online Boutique,cpu,batch-04
rcaeval-19,none,claim-6,Disk IO saturation is correlated with the latency spike,Disk IO saturation is correlated with the latency spike,general,0.0,True,0.0,True,True,Online Boutique,cpu,batch-04
rcaeval-19,none,claim-7,Latency pressure propagates downstream to frontend with ~3x increase,Latency pressure propagates downstream to frontend with ~3x increase,causal,0.0,True,0.0,True,True,Online Boutique,cpu,batch-04
rcaeval-19,none,claim-8,Latency pressure propagates downstream to checkoutservice with ~1.9x increase,Latency pressure propagates downstream to checkoutservice with ~1.9x increase,causal,0.0,True,0.5,False,False,Online Boutique,cpu,batch-04
rcaeval-19,none,claim-9,Resource pressure causes health-check/availability failure,Resource pressure causes health-check/availability failure,causal,0.0,True,0.0,True,True,Online Boutique,cpu,batch-04
rcaeval-19,none,claim-10,Root cause is an internal resource bottleneck/saturation within currencyservice itself,Root cause is an internal resource bottleneck/saturation within currencyservice itself,causal,0.708,False,0.0,True,False,Online Boutique,cpu,batch-04
rcaeval-19,none,claim-11,Root cause occurred after timestamp 1705682817,Root cause occurred after timestamp 1705682817,temporal,0.0,True,0.0,True,True,Online Boutique,cpu,batch-04
rcaeval-19,none,claim-12,Logs show no exceptions,Logs show no exceptions,state,0.0,True,0.5,False,False,Online Boutique,cpu,batch-04
rcaeval-19,none,claim-13,Logs show no crashes,Logs show no crashes,state,0.0,True,0.0,True,True,Online Boutique,cpu,batch-04
rcaeval-19,none,claim-14,Logs show no error logs,Logs show no error logs,state,0.0,True,0.5,False,False,Online Boutique,cpu,batch-04
rcaeval-19,none,claim-15,Logs only contain messages 'Getting supported currencies...' and 'conversion request successful',Logs only contain messages 'Getting supported currencies...' and 'conversion request successful',state,0.378,True,0.5,False,False,Online Boutique,cpu,batch-04
rcaeval-19,none,claim-16,Application crash is ruled out based on logs,Application crash is ruled out based on logs,general,0.0,True,0.0,True,True,Online Boutique,cpu,batch-04
rcaeval-19,none,claim-17,Metrics show sharp inflection simultaneously,Metrics show sharp inflection simultaneously,temporal,0.0,True,0.0,True,True,Online Boutique,cpu,batch-04
rcaeval-19,none,claim-18,currencyservice_diskio increased from 0 to 4023,currencyservice_diskio increased from 0 to 4023,state,0.357,True,0.5,False,False,Online Boutique,cpu,batch-04
rcaeval-19,none,claim-19,currencyservice_cpu increased from 32.14 to 47.39,currencyservice_cpu increased from 32.14 to 47.39,state,0.36,True,0.5,False,False,Online Boutique,cpu,batch-04
rcaeval-19,none,claim-20,currencyservice_socket increased from 4 to 5.958,currencyservice_socket increased from 4 to 5.958,state,0.352,True,0.0,True,True,Online Boutique,cpu,batch-04
rcaeval-19,none,claim-21,currencyservice_latency-50 increased from 0.004034 to 0.03867 (~9.6x),currencyservice_latency-50 increased from 0.004034 to 0.03867 (~9.6x),state,0.381,True,0.5,False,False,Online Boutique,cpu,batch-04
rcaeval-19,none,claim-22,currencyservice latency-90 increased from 0.04871 to 0.08884 (~1.8x),currencyservice latency-90 increased from 0.04871 to 0.08884 (~1.8x),state,0.611,False,0.5,False,True,Online Boutique,cpu,batch-04
rcaeval-19,none,claim-23,frontend_latency-50 increased from 0.05086 to 0.1508,frontend_latency-50 increased from 0.05086 to 0.1508,state,0.376,True,0.5,False,False,Online Boutique,cpu,batch-04
rcaeval-19,none,claim-24,frontend_latency-90 increased from 0.2011 to 0.4287,frontend_latency-90 increased from 0.2011 to 0.4287,state,0.377,True,0.0,True,True,Online Boutique,cpu,batch-04
rcaeval-19,none,claim-25,checkoutservice latencies increased,checkoutservice latencies increased,state,0.358,True,0.5,False,False,Online Boutique,cpu,batch-04
rcaeval-19,none,claim-26,Pod 'currencyservice' is isolated on node-worker-01 per Topology (Conf: 0.95),Pod 'currencyservice' is isolated on node-worker-01 per Topology (Conf: 0.95),entity_relationship,0.713,False,1.0,False,True,Online Boutique,cpu,batch-04
rcaeval-19,none,claim-27,Pod is listed as its own noisy neighbor,Pod is listed as its own noisy neighbor,entity_relationship,0.0,True,0.0,True,True,Online Boutique,cpu,batch-04
rcaeval-19,none,claim-28,No other co-located noisy pods exist on node-worker-01,No other co-located noisy pods exist on node-worker-01,state,0.72,False,0.0,True,False,Online Boutique,cpu,batch-04
rcaeval-19,none,claim-29,No dependencies are defined for the pod,No dependencies are defined for the pod,entity_relationship,0.0,True,0.0,True,True,Online Boutique,cpu,batch-04
rcaeval-19,none,claim-30,External noisy-neighbor contention is ruled out,External noisy-neighbor contention is ruled out,general,0.0,True,0.0,True,True,Online Boutique,cpu,batch-04
rcaeval-19,none,claim-31,Pod is the source of noise,Pod is the source of noise,causal,0.0,True,0.0,True,True,Online Boutique,cpu,batch-04
rcaeval-19,none,claim-32,Security (Conf: 0.8) rules out breaches/RBAC issues,Security (Conf: 0.8) rules out breaches/RBAC issues,general,0.0,True,0.0,True,True,Online Boutique,cpu,batch-04
rcaeval-19,none,claim-33,Monitoring (Conf: 0.45) is discounted as inconclusive single-sample cumulative counter (95.0) without rate history,Monitoring (Conf: 0.45) is discounted as inconclusive single-sample cumulative counter (95.0) without rate history,general,0.0,True,0.0,True,True,Online Boutique,cpu,batch-04
rcaeval-19,none,claim-34,Deployments (Conf: 0.25) shows Degraded but with null git metadata,Deployments (Conf: 0.25) shows Degraded but with null git metadata,state,0.0,True,0.0,True,True,Online Boutique,cpu,batch-04
rcaeval-19,none,claim-35,Regression correlation is inconclusive and low-confidence due to null git metadata,Regression correlation is inconclusive and low-confidence due to null git metadata,general,0.0,True,0.0,True,True,Online Boutique,cpu,batch-04
rcaeval-19,none,claim-36,CPU/IO saturation leads to request queuing/latency,CPU/IO saturation leads to request queuing/latency,causal,0.0,True,0.0,True,True,Online Boutique,cpu,batch-04
rcaeval-19,none,claim-37,Request queuing/latency leads to Failed status via probe timeout or degraded health,Request queuing/latency leads to Failed status via probe timeout or degraded health,causal,0.544,False,0.0,True,False,Online Boutique,cpu,batch-04
rcaeval-19,none,claim-38,Code deployment is not the cause of the failure,Code deployment is not the cause of the failure,general,0.0,True,0.0,True,True,Online Boutique,cpu,batch-04
rcaeval-19,none,claim-39,Infrastructure contention is not the cause of the failure,Infrastructure contention is not the cause of the failure,general,0.0,True,0.0,True,True,Online Boutique,cpu,batch-04
rcaeval-19,raw,claim-1,Pod 'currencyservice' is in Failed state,Pod 'currencyservice' is in Failed state,state,0.713,False,1.0,False,True,Online Boutique,cpu,batch-04
rcaeval-19,raw,claim-2,currencyservice experienced significant internal performance degradation with ~9.6x p50 latency increase,currencyservice experienced significant internal performance degradation with ~9.6x p50 latency increase,state,0.713,False,1.0,False,True,Online Boutique,cpu,batch-04
rcaeval-19,raw,claim-3,CPU and disk IO saturation occurred after timestamp 1705682817,CPU and disk IO saturation occurred after timestamp 1705682817,temporal,0.0,True,0.0,True,True,Online Boutique,cpu,batch-04
rcaeval-19,raw,claim-4,The performance degradation in currencyservice caused downstream latency increases in frontend,The performance degradation in currencyservice caused downstream latency increases in frontend,causal,0.713,False,0.5,False,True,Online Boutique,cpu,batch-04
rcaeval-19,raw,claim-5,The performance degradation in currencyservice caused downstream latency increases in checkoutservice,The performance degradation in currencyservice caused downstream latency increases in checkoutservice,causal,0.71,False,0.5,False,True,Online Boutique,cpu,batch-04
rcaeval-19,raw,claim-6,No log-level errors were observed,No log-level errors were observed,state,0.0,True,0.0,True,True,Online Boutique,cpu,batch-04
rcaeval-19,raw,claim-7,No security breaches were observed,No security breaches were observed,state,0.0,True,0.0,True,True,Online Boutique,cpu,batch-04
rcaeval-19,raw,claim-8,No external noisy-neighbor contention was observed,No external noisy-neighbor contention was observed,state,0.0,True,1.0,False,False,Online Boutique,cpu,batch-04
rcaeval-19,raw,claim-9,TOPOLOGY correlation has confidence 0.98,TOPOLOGY correlation has confidence 0.98,general,0.0,True,0.0,True,True,Online Boutique,cpu,batch-04
rcaeval-19,raw,claim-10,Pod currencyservice is isolated on node-worker-01,Pod currencyservice is isolated on node-worker-01,entity_relationship,0.713,False,1.0,False,True,Online Boutique,cpu,batch-04
rcaeval-19,raw,claim-11,Pod currencyservice has 0 dependencies,Pod currencyservice has 0 dependencies,entity_relationship,0.713,False,1.0,False,True,Online Boutique,cpu,batch-04
rcaeval-19,raw,claim-12,Pod currencyservice has a self-only noisy_neighbors entry,Pod currencyservice has a self-only noisy_neighbors entry,entity_relationship,0.708,False,0.0,True,False,Online Boutique,cpu,batch-04
rcaeval-19,raw,claim-13,"currencyservice is the source of the issue, not a victim","currencyservice is the source of the issue, not a victim",causal,0.708,False,0.0,True,False,Online Boutique,cpu,batch-04
rcaeval-19,raw,claim-14,SECURITY correlation has confidence 0.80 and rules out breaches and RBAC issues,SECURITY correlation has confidence 0.80 and rules out breaches and RBAC issues,state,0.0,True,0.0,True,True,Online Boutique,cpu,batch-04
rcaeval-19,raw,claim-15,LOGS correlation has confidence 0.85,LOGS correlation has confidence 0.85,general,0.0,True,0.0,True,True,Online Boutique,cpu,batch-04
rcaeval-19,raw,claim-16,No exceptions were found in logs,No exceptions were found in logs,state,0.0,True,0.0,True,True,Online Boutique,cpu,batch-04
rcaeval-19,raw,claim-17,No timeouts were found in logs,No timeouts were found in logs,state,0.0,True,0.0,True,True,Online Boutique,cpu,batch-04
rcaeval-19,raw,claim-18,No crash logs were found,No crash logs were found,state,0.0,True,0.0,True,True,Online Boutique,cpu,batch-04
rcaeval-19,raw,claim-19,Only 2 successful log entries exist: 'Getting supported currencies...' and 'conversion request successful',Only 2 successful log entries exist: 'Getting supported currencies...' and 'conversion request successful',state,0.376,True,1.0,False,False,Online Boutique,cpu,batch-04
rcaeval-19,raw,claim-20,LOGS metrics reveal a clear inflection after timestamp 1705682817,LOGS metrics reveal a clear inflection after timestamp 1705682817,temporal,0.0,True,0.0,True,True,Online Boutique,cpu,batch-04
rcaeval-19,raw,claim-21,currencyservice p50 latency increased from 0.004034 to 0.03867 (~9.6x),currencyservice p50 latency increased from 0.004034 to 0.03867 (~9.6x),state,0.71,False,0.5,False,True,Online Boutique,cpu,batch-04
rcaeval-19,raw,claim-22,currencyservice p90 latency increased from 0.04871 to 0.08884,currencyservice p90 latency increased from 0.04871 to 0.08884,state,0.71,False,0.0,True,False,Online Boutique,cpu,batch-04
rcaeval-19,raw,claim-23,currencyservice CPU increased from 32.14 to 47.39,currencyservice CPU increased from 32.14 to 47.39,state,0.71,False,0.0,True,False,Online Boutique,cpu,batch-04
rcaeval-19,raw,claim-24,currencyservice diskio increased from 0 to 4023,currencyservice diskio increased from 0 to 4023,state,0.708,False,0.5,False,True,Online Boutique,cpu,batch-04
rcaeval-19,raw,claim-25,currencyservice socket metric increased from 4 to 5.958,currencyservice socket metric increased from 4 to 5.958,state,0.605,False,0.0,True,False,Online Boutique,cpu,batch-04
rcaeval-19,raw,claim-26,Downstream latency in frontend and checkoutservice is correlated with the currencyservice metrics inflection after 1705682817,Downstream latency in frontend and checkoutservice is correlated with the currencyservice metrics inflection after 1705682817,causal,0.595,False,0.5,False,True,Online Boutique,cpu,batch-04
rcaeval-19,raw,claim-27,The correlated metrics indicate an internal application-level bottleneck or resource saturation originating inside currencyservice itself,The correlated metrics indicate an internal application-level bottleneck or resource saturation originating inside currencyservice itself,causal,0.71,False,0.0,True,False,Online Boutique,cpu,batch-04
rcaeval-19,raw,claim-28,"Possible bottleneck types include inefficient computation, disk thrashing, and socket/connection leak","Possible bottleneck types include inefficient computation, disk thrashing, and socket/connection leak",general,0.0,True,0.0,True,True,Online Boutique,cpu,batch-04
rcaeval-19,raw,claim-29,MONITORING correlation has confidence 0.45 and is inconclusive,MONITORING correlation has confidence 0.45 and is inconclusive,general,0.0,True,0.0,True,True,Online Boutique,cpu,batch-04
rcaeval-19,raw,claim-30,The single container_cpu_usage_seconds_total value of 95.0 is a cumulative counter,The single container_cpu_usage_seconds_total value of 95.0 is a cumulative counter,general,0.354,True,0.0,True,True,Online Boutique,cpu,batch-04
rcaeval-19,raw,claim-31,The cumulative counter requires historical rate() calculation to interpret,The cumulative counter requires historical rate() calculation to interpret,general,0.0,True,0.0,True,True,Online Boutique,cpu,batch-04
rcaeval-19,raw,claim-32,The value 95.0 cannot be interpreted as 95% utilization,The value 95.0 cannot be interpreted as 95% utilization,general,0.0,True,0.0,True,True,Online Boutique,cpu,batch-04
rcaeval-19,raw,claim-33,DEPLOYMENTS correlation has confidence 0.35,DEPLOYMENTS correlation has confidence 0.35,general,0.0,True,0.0,True,True,Online Boutique,cpu,batch-04
rcaeval-19,raw,claim-34,Deployment 'currencyservice-deploy' is in Degraded state,Deployment 'currencyservice-deploy' is in Degraded state,state,0.703,False,0.0,True,False,Online Boutique,cpu,batch-04
rcaeval-19,raw,claim-35,sha and commit_msg for currencyservice-deploy are null,sha and commit_msg for currencyservice-deploy are null,state,0.693,False,0.0,True,False,Online Boutique,cpu,batch-04
rcaeval-19,raw,claim-36,A deployment regression cannot be confirmed or ruled out due to null sha/commit_msg,A deployment regression cannot be confirmed or ruled out due to null sha/commit_msg,general,0.0,True,1.0,False,False,Online Boutique,cpu,batch-04
rcaeval-19,raw,claim-37,"No definitive trigger such as code change, OOM, or crash is evidenced in logs or telemetry","No definitive trigger such as code change, OOM, or crash is evidenced in logs or telemetry",general,0.0,True,0.0,True,True,Online Boutique,cpu,batch-04
rcaeval-19,raw,claim-38,Overall root cause is inconclusive,Overall root cause is inconclusive,general,0.0,True,0.0,True,True,Online Boutique,cpu,batch-04
rcaeval-19,hybrid,claim-1,Pod 'currencyservice' has Failed,Pod 'currencyservice' has Failed,state,0.713,False,1.0,False,True,Online Boutique,cpu,batch-04
rcaeval-19,hybrid,claim-2,Pod 'currencyservice' failure is classified as Internal CPU/Disk IO Saturation Failure,Pod 'currencyservice' failure is classified as Internal CPU/Disk IO Saturation Failure,general,0.713,False,0.0,True,False,Online Boutique,cpu,batch-04
rcaeval-19,hybrid,claim-3,Pod 'currencyservice' failure was due to internal resource saturation,Pod 'currencyservice' failure was due to internal resource saturation,causal,0.713,False,1.0,False,True,Online Boutique,cpu,batch-04
rcaeval-19,hybrid,claim-4,Pod 'currencyservice' failure caused significant downstream latency degradation,Pod 'currencyservice' failure caused significant downstream latency degradation,causal,0.713,False,1.0,False,True,Online Boutique,cpu,batch-04
rcaeval-19,hybrid,claim-5,Frontend p50 latency degraded 3x downstream,Frontend p50 latency degraded 3x downstream,state,0.0,True,0.0,True,True,Online Boutique,cpu,batch-04
rcaeval-19,hybrid,claim-6,Checkoutservice p90 latency degraded 1.9x downstream,Checkoutservice p90 latency degraded 1.9x downstream,state,0.0,True,0.0,True,True,Online Boutique,cpu,batch-04
rcaeval-19,hybrid,claim-7,No log errors were present despite the failure,No log errors were present despite the failure,state,0.0,True,1.0,False,False,Online Boutique,cpu,batch-04
rcaeval-19,hybrid,claim-8,No external contention was present,No external contention was present,state,0.0,True,0.0,True,True,Online Boutique,cpu,batch-04
rcaeval-19,hybrid,claim-9,"Post-1705682817, currencyservice exhibited isolated internal performance degradation","Post-1705682817, currencyservice exhibited isolated internal performance degradation",temporal,0.708,False,0.0,True,False,Online Boutique,cpu,batch-04
rcaeval-19,hybrid,claim-10,Currencyservice exhibited no hard failure logs post-1705682817,Currencyservice exhibited no hard failure logs post-1705682817,state,0.556,False,0.0,True,False,Online Boutique,cpu,batch-04
rcaeval-19,hybrid,claim-11,Currencyservice p50 latency increased 9.6x from 0.004034s to 0.03867s,Currencyservice p50 latency increased 9.6x from 0.004034s to 0.03867s,state,0.599,False,0.5,False,True,Online Boutique,cpu,batch-04
rcaeval-19,hybrid,claim-12,Currencyservice p90 latency increased 1.8x from 0.04871s to 0.08884s,Currencyservice p90 latency increased 1.8x from 0.04871s to 0.08884s,state,0.591,False,0.5,False,True,Online Boutique,cpu,batch-04
rcaeval-19,hybrid,claim-13,Currencyservice CPU usage rose 47% from 32.14 to 47.39,Currencyservice CPU usage rose 47% from 32.14 to 47.39,state,0.588,False,0.5,False,True,Online Boutique,cpu,batch-04
rcaeval-19,hybrid,claim-14,Currencyservice disk IO spiked from 0 to 4023,Currencyservice disk IO spiked from 0 to 4023,state,0.572,False,0.5,False,True,Online Boutique,cpu,batch-04
rcaeval-19,hybrid,claim-15,Currencyservice sockets increased from 4 to 5.958,Currencyservice sockets increased from 4 to 5.958,state,0.582,False,0.5,False,True,Online Boutique,cpu,batch-04
rcaeval-19,hybrid,claim-16,Pod 'currencyservice' is isolated on node-worker-01,Pod 'currencyservice' is isolated on node-worker-01,entity_relationship,0.713,False,1.0,False,True,Online Boutique,cpu,batch-04
rcaeval-19,hybrid,claim-17,Pod 'currencyservice' has no dependencies,Pod 'currencyservice' has no dependencies,entity_relationship,0.713,False,1.0,False,True,Online Boutique,cpu,batch-04
rcaeval-19,hybrid,claim-18,Pod 'currencyservice' noisy_neighbors contains only itself,Pod 'currencyservice' noisy_neighbors contains only itself,entity_relationship,0.713,False,1.0,False,True,Online Boutique,cpu,batch-04
rcaeval-19,hybrid,claim-19,Cross-pod contention is ruled out as a cause,Cross-pod contention is ruled out as a cause,causal,0.0,True,0.0,True,True,Online Boutique,cpu,batch-04
rcaeval-19,hybrid,claim-20,Downstream dependency failure is ruled out as a cause,Downstream dependency failure is ruled out as a cause,causal,0.0,True,0.0,True,True,Online Boutique,cpu,batch-04
rcaeval-19,hybrid,claim-21,No security breach was detected,No security breach was detected,state,0.0,True,0.0,True,True,Online Boutique,cpu,batch-04
rcaeval-19,hybrid,claim-22,No RBAC issues were detected,No RBAC issues were detected,state,0.0,True,0.0,True,True,Online Boutique,cpu,batch-04
rcaeval-19,hybrid,claim-23,No secret issues were detected,No secret issues were detected,state,0.0,True,0.0,True,True,Online Boutique,cpu,batch-04
rcaeval-19,hybrid,claim-24,Deployment 'currencyservice-deploy' is Degraded,Deployment 'currencyservice-deploy' is Degraded,state,0.705,False,0.0,True,False,Online Boutique,cpu,batch-04
rcaeval-19,hybrid,claim-25,Deployment 'currencyservice-deploy' has null Git SHA,Deployment 'currencyservice-deploy' has null Git SHA,state,0.693,False,0.0,True,False,Online Boutique,cpu,batch-04
rcaeval-19,hybrid,claim-26,Deployment 'currencyservice-deploy' has null commit_msg,Deployment 'currencyservice-deploy' has null commit_msg,state,0.703,False,0.0,True,False,Online Boutique,cpu,batch-04
rcaeval-19,hybrid,claim-27,Failure cannot be correlated to a code regression due to null Git SHA/commit_msg,Failure cannot be correlated to a code regression due to null Git SHA/commit_msg,causal,0.0,True,0.5,False,False,Online Boutique,cpu,batch-04
rcaeval-19,hybrid,claim-28,Monitoring's single cumulative CPU counter is 95.0s,Monitoring's single cumulative CPU counter is 95.0s,state,0.0,True,0.0,True,True,Online Boutique,cpu,batch-04
rcaeval-19,hybrid,claim-29,Monitoring's single cumulative CPU counter alone is inconclusive,Monitoring's single cumulative CPU counter alone is inconclusive,general,0.0,True,0.0,True,True,Online Boutique,cpu,batch-04
rcaeval-19,hybrid,claim-30,Monitoring's CPU counter is consistent with sustained CPU pressure seen in metrics,Monitoring's CPU counter is consistent with sustained CPU pressure seen in metrics,general,0.0,True,0.0,True,True,Online Boutique,cpu,batch-04
rcaeval-19,hybrid,claim-31,Pattern indicates an internal IO/CPU bottleneck / resource exhaustion within currencyservice itself,Pattern indicates an internal IO/CPU bottleneck / resource exhaustion within currencyservice itself,causal,0.71,False,0.0,True,False,Online Boutique,cpu,batch-04
rcaeval-19,hybrid,claim-32,"Pattern indicates failure is not due to external noisy neighbor, deployment, or security cause","Pattern indicates failure is not due to external noisy neighbor, deployment, or security cause",causal,0.0,True,0.0,True,True,Online Boutique,cpu,batch-04
rcaeval-20,none,claim-1,Pod 'catalogue' is located on node-worker-01,Pod 'catalogue' is located on node-worker-01,entity_relationship,0.723,False,0.5,False,True,Sock Shop,cpu,batch-04
rcaeval-20,none,claim-2,Pod 'catalogue' on node-worker-01 has Failed status,Pod 'catalogue' on node-worker-01 has Failed status,state,0.723,False,0.5,False,True,Sock Shop,cpu,batch-04
rcaeval-20,none,claim-3,Severe internal resource exhaustion caused Pod 'catalogue' to fail,Severe internal resource exhaustion caused Pod 'catalogue' to fail,causal,0.528,False,1.0,False,True,Sock Shop,cpu,batch-04
rcaeval-20,none,claim-4,Severe internal resource exhaustion caused complete service unavailability for the catalogue service,Severe internal resource exhaustion caused complete service unavailability for the catalogue service,causal,0.524,False,0.0,True,False,Sock Shop,cpu,batch-04
rcaeval-20,none,claim-5,Impact is isolated to the catalogue pod,Impact is isolated to the catalogue pod,state,0.0,True,0.0,True,True,Sock Shop,cpu,batch-04
rcaeval-20,none,claim-6,There was no cascade to other services,There was no cascade to other services,state,0.0,True,0.0,True,True,Sock Shop,cpu,batch-04
rcaeval-20,none,claim-7,Internal CPU saturation and resource exhaustion occurred within the 'catalogue' pod itself,Internal CPU saturation and resource exhaustion occurred within the 'catalogue' pod itself,state,0.0,True,1.0,False,False,Sock Shop,cpu,batch-04
rcaeval-20,none,claim-8,Metrics observation period is after timestamp 1705600751,Metrics observation period is after timestamp 1705600751,temporal,0.345,True,0.0,True,True,Sock Shop,cpu,batch-04
rcaeval-20,none,claim-9,catalogue_cpu mean increased ~350x from 0.1325 to 46.38 after 1705600751,catalogue_cpu mean increased ~350x from 0.1325 to 46.38 after 1705600751,state,0.369,True,1.0,False,False,Sock Shop,cpu,batch-04
rcaeval-20,none,claim-10,catalogue_latency-90 increased ~6.4x from 0.004638 to 0.02955 after 1705600751,catalogue_latency-90 increased ~6.4x from 0.004638 to 0.02955 after 1705600751,state,0.377,True,1.0,False,False,Sock Shop,cpu,batch-04
rcaeval-20,none,claim-11,catalogue_mem doubled from 6.038e+06 to 1.216e+07 after 1705600751,catalogue_mem doubled from 6.038e+06 to 1.216e+07 after 1705600751,state,0.359,True,1.0,False,False,Sock Shop,cpu,batch-04
rcaeval-20,none,claim-12,catalogue_socket increased from 6 to 8.007 after 1705600751,catalogue_socket increased from 6 to 8.007 after 1705600751,state,0.353,True,1.0,False,False,Sock Shop,cpu,batch-04
rcaeval-20,none,claim-13,Topology confirms isolation of the catalogue pod on node-worker-01,Topology confirms isolation of the catalogue pod on node-worker-01,entity_relationship,0.723,False,1.0,False,True,Sock Shop,cpu,batch-04
rcaeval-20,none,claim-14,noisy_neighbors list contains only 'catalogue',noisy_neighbors list contains only 'catalogue',state,0.0,True,0.5,False,False,Sock Shop,cpu,batch-04
rcaeval-20,none,claim-15,There are no external noisy neighbors for the catalogue pod,There are no external noisy neighbors for the catalogue pod,state,0.0,True,0.5,False,False,Sock Shop,cpu,batch-04
rcaeval-20,none,claim-16,Cross-pod contention is ruled out as a cause,Cross-pod contention is ruled out as a cause,causal,0.0,True,0.0,True,True,Sock Shop,cpu,batch-04
rcaeval-20,none,claim-17,Log entry occurred at 2024-01-18T17:58:10Z,Log entry occurred at 2024-01-18T17:58:10Z,temporal,0.542,False,0.0,True,False,Sock Shop,cpu,batch-04
rcaeval-20,none,claim-18,"Log entry has method=List, result=9, and err=null","Log entry has method=List, result=9, and err=null",state,0.53,False,0.5,False,True,Sock Shop,cpu,batch-04
rcaeval-20,none,claim-19,Log entry shows no explicit application error,Log entry shows no explicit application error,state,0.0,True,0.0,True,True,Sock Shop,cpu,batch-04
rcaeval-20,none,claim-20,Failure is performance-driven rather than a crash from a logged exception,Failure is performance-driven rather than a crash from a logged exception,causal,0.0,True,0.0,True,True,Sock Shop,cpu,batch-04
rcaeval-20,none,claim-21,Degraded deployment status correlates with pod failure,Degraded deployment status correlates with pod failure,causal,0.0,True,0.0,True,True,Sock Shop,cpu,batch-04
rcaeval-20,none,claim-22,Degraded deployment status lacks git SHA and commit_msg,Degraded deployment status lacks git SHA and commit_msg,state,0.0,True,0.0,True,True,Sock Shop,cpu,batch-04
rcaeval-20,none,claim-23,Lack of git SHA/commit_msg prevents attributing failure to a regression,Lack of git SHA/commit_msg prevents attributing failure to a regression,causal,0.0,True,0.0,True,True,Sock Shop,cpu,batch-04
rcaeval-20,none,claim-24,Security telemetry rules out breach as a cause,Security telemetry rules out breach as a cause,state,0.0,True,0.0,True,True,Sock Shop,cpu,batch-04
rcaeval-20,none,claim-25,Security telemetry rules out secret as a cause,Security telemetry rules out secret as a cause,state,0.0,True,0.0,True,True,Sock Shop,cpu,batch-04
rcaeval-20,none,claim-26,Security telemetry rules out RBAC as a cause,Security telemetry rules out RBAC as a cause,state,0.0,True,0.0,True,True,Sock Shop,cpu,batch-04
rcaeval-20,none,claim-27,Monitoring single-point elevation is consistent with but insufficient alone for this diagnosis,Monitoring single-point elevation is consistent with but insufficient alone for this diagnosis,general,0.0,True,0.0,True,True,Sock Shop,cpu,batch-04
rcaeval-20,raw,claim-1,Pod 'catalogue' is located on node 'node-worker-01',Pod 'catalogue' is located on node 'node-worker-01',entity_relationship,0.723,False,0.5,False,True,Sock Shop,cpu,batch-04
rcaeval-20,raw,claim-2,Pod 'catalogue' has Failed,Pod 'catalogue' has Failed,state,0.0,True,1.0,False,False,Sock Shop,cpu,batch-04
rcaeval-20,raw,claim-3,Severe CPU saturation caused the failure of pod 'catalogue',Severe CPU saturation caused the failure of pod 'catalogue',causal,0.0,True,0.0,True,True,Sock Shop,cpu,batch-04
rcaeval-20,raw,claim-4,Resource exhaustion caused the failure of pod 'catalogue',Resource exhaustion caused the failure of pod 'catalogue',causal,0.0,True,1.0,False,False,Sock Shop,cpu,batch-04
rcaeval-20,raw,claim-5,CPU saturation and resource exhaustion caused node-level contention,CPU saturation and resource exhaustion caused node-level contention,causal,0.0,True,0.0,True,True,Sock Shop,cpu,batch-04
rcaeval-20,raw,claim-6,Node-level contention caused ~6.4x p90 latency degradation,Node-level contention caused ~6.4x p90 latency degradation,causal,0.0,True,0.0,True,True,Sock Shop,cpu,batch-04
rcaeval-20,raw,claim-7,Impact is isolated to pod 'catalogue' and node 'node-worker-01',Impact is isolated to pod 'catalogue' and node 'node-worker-01',state,0.723,False,0.5,False,True,Sock Shop,cpu,batch-04
rcaeval-20,raw,claim-8,The failure risks neighboring workloads on node 'node-worker-01',The failure risks neighboring workloads on node 'node-worker-01',state,0.723,False,0.0,True,False,Sock Shop,cpu,batch-04
rcaeval-20,raw,claim-9,Correlated high-confidence signals show resource exhaustion as the cause,Correlated high-confidence signals show resource exhaustion as the cause,general,0.0,True,0.0,True,True,Sock Shop,cpu,batch-04
rcaeval-20,raw,claim-10,The failure was not caused by code deployment,The failure was not caused by code deployment,causal,0.0,True,0.0,True,True,Sock Shop,cpu,batch-04
rcaeval-20,raw,claim-11,The failure was not caused by a security breach,The failure was not caused by a security breach,causal,0.0,True,0.0,True,True,Sock Shop,cpu,batch-04
rcaeval-20,raw,claim-12,"After epoch 1705600751, resource metrics showed disproportionate growth","After epoch 1705600751, resource metrics showed disproportionate growth",temporal,0.0,True,0.0,True,True,Sock Shop,cpu,batch-04
rcaeval-20,raw,claim-13,Logs Agent recorded observations with confidence 0.94,Logs Agent recorded observations with confidence 0.94,state,0.0,True,0.5,False,False,Sock Shop,cpu,batch-04
rcaeval-20,raw,claim-14,catalogue_cpu mean increased from 0.1325 to 46.38 (~350x),catalogue_cpu mean increased from 0.1325 to 46.38 (~350x),state,0.369,True,1.0,False,False,Sock Shop,cpu,batch-04
rcaeval-20,raw,claim-15,catalogue_latency-90 increased from 0.004638 to 0.02955 (~6.4x),catalogue_latency-90 increased from 0.004638 to 0.02955 (~6.4x),state,0.374,True,1.0,False,False,Sock Shop,cpu,batch-04
rcaeval-20,raw,claim-16,catalogue_mem increased from 6.038e+06 to 1.216e+07 (~2x),catalogue_mem increased from 6.038e+06 to 1.216e+07 (~2x),state,0.359,True,1.0,False,False,Sock Shop,cpu,batch-04
rcaeval-20,raw,claim-17,catalogue_socket increased from 6 to 8.007,catalogue_socket increased from 6 to 8.007,state,0.351,True,1.0,False,False,Sock Shop,cpu,batch-04
rcaeval-20,raw,claim-18,Resource growth was disproportionate versus modest workload,Resource growth was disproportionate versus modest workload,state,0.0,True,0.0,True,True,Sock Shop,cpu,batch-04
rcaeval-20,raw,claim-19,Logs show no explicit error,Logs show no explicit error,state,0.0,True,0.0,True,True,Sock Shop,cpu,batch-04
rcaeval-20,raw,claim-20,Logs contain a single successful List request with err=null,Logs contain a single successful List request with err=null,state,0.0,True,0.0,True,True,Sock Shop,cpu,batch-04
rcaeval-20,raw,claim-21,The log and metric pattern indicates a CPU hot-loop/saturation pattern,The log and metric pattern indicates a CPU hot-loop/saturation pattern,causal,0.548,False,0.0,True,False,Sock Shop,cpu,batch-04
rcaeval-20,raw,claim-22,Topology Agent reported with confidence 0.95,Topology Agent reported with confidence 0.95,state,0.0,True,0.5,False,False,Sock Shop,cpu,batch-04
rcaeval-20,raw,claim-23,Pod 'catalogue' is isolated with no dependencies,Pod 'catalogue' is isolated with no dependencies,entity_relationship,0.0,True,0.0,True,True,Sock Shop,cpu,batch-04
rcaeval-20,raw,claim-24,Pod 'catalogue' is the noisy neighbor source of contention on node 'node-worker-01',Pod 'catalogue' is the noisy neighbor source of contention on node 'node-worker-01',causal,0.723,False,0.5,False,True,Sock Shop,cpu,batch-04
rcaeval-20,raw,claim-25,"Pod 'catalogue' is the cause, not the victim, of contention","Pod 'catalogue' is the cause, not the victim, of contention",causal,0.0,True,0.0,True,True,Sock Shop,cpu,batch-04
rcaeval-20,raw,claim-26,Deployment degraded status is discounted due to low confidence (0.35),Deployment degraded status is discounted due to low confidence (0.35),state,0.0,True,0.0,True,True,Sock Shop,cpu,batch-04
rcaeval-20,raw,claim-27,Git SHA is null,Git SHA is null,state,0.0,True,0.0,True,True,Sock Shop,cpu,batch-04
rcaeval-20,raw,claim-28,commit_msg is null,commit_msg is null,state,0.0,True,0.0,True,True,Sock Shop,cpu,batch-04
rcaeval-20,raw,claim-29,Null Git SHA and commit_msg prevent regression correlation,Null Git SHA and commit_msg prevent regression correlation,causal,0.0,True,0.0,True,True,Sock Shop,cpu,batch-04
rcaeval-20,raw,claim-30,Monitoring signal is discounted as inconclusive with confidence 0.45,Monitoring signal is discounted as inconclusive with confidence 0.45,state,0.0,True,0.0,True,True,Sock Shop,cpu,batch-04
rcaeval-20,raw,claim-31,Monitoring shows a single cumulative counter of 95.0s without baseline or rate,Monitoring shows a single cumulative counter of 95.0s without baseline or rate,state,0.0,True,0.0,True,True,Sock Shop,cpu,batch-04
rcaeval-20,raw,claim-32,"Security Agent with confidence 0.8 rules out breach, RBAC, and secret causes","Security Agent with confidence 0.8 rules out breach, RBAC, and secret causes",causal,0.0,True,1.0,False,False,Sock Shop,cpu,batch-04
rcaeval-20,hybrid,claim-1,Pod 'catalogue' has Failed status,Pod 'catalogue' has Failed status,state,0.51,False,1.0,False,True,Sock Shop,cpu,batch-04
rcaeval-20,hybrid,claim-2,Pod 'catalogue' experienced catastrophic CPU saturation and resource exhaustion,Pod 'catalogue' experienced catastrophic CPU saturation and resource exhaustion,state,0.0,True,1.0,False,False,Sock Shop,cpu,batch-04
rcaeval-20,hybrid,claim-3,Severe internal resource exhaustion caused ~350x CPU spike,Severe internal resource exhaustion caused ~350x CPU spike,causal,0.0,True,0.0,True,True,Sock Shop,cpu,batch-04
rcaeval-20,hybrid,claim-4,Severe internal resource exhaustion caused 2x memory doubling,Severe internal resource exhaustion caused 2x memory doubling,causal,0.0,True,0.0,True,True,Sock Shop,cpu,batch-04
rcaeval-20,hybrid,claim-5,Severe internal resource exhaustion caused 6.4x latency degradation,Severe internal resource exhaustion caused 6.4x latency degradation,causal,0.0,True,0.0,True,True,Sock Shop,cpu,batch-04
rcaeval-20,hybrid,claim-6,Resource exhaustion resulted in service unavailability/performance collapse,Resource exhaustion resulted in service unavailability/performance collapse,causal,0.0,True,0.0,True,True,Sock Shop,cpu,batch-04
rcaeval-20,hybrid,claim-7,Root cause is internal application-level performance degradation / silent CPU saturation,Root cause is internal application-level performance degradation / silent CPU saturation,causal,0.0,True,0.0,True,True,Sock Shop,cpu,batch-04
rcaeval-20,hybrid,claim-8,Silent CPU saturation occurred after epoch 1705600751,Silent CPU saturation occurred after epoch 1705600751,temporal,0.0,True,0.0,True,True,Sock Shop,cpu,batch-04
rcaeval-20,hybrid,claim-9,Root cause is not external contention,Root cause is not external contention,general,0.0,True,0.5,False,False,Sock Shop,cpu,batch-04
rcaeval-20,hybrid,claim-10,Root cause is not security breach,Root cause is not security breach,general,0.0,True,0.5,False,False,Sock Shop,cpu,batch-04
rcaeval-20,hybrid,claim-11,catalogue_cpu mean increased from 0.1325 to 46.38 (~350x),catalogue_cpu mean increased from 0.1325 to 46.38 (~350x),state,0.369,True,1.0,False,False,Sock Shop,cpu,batch-04
rcaeval-20,hybrid,claim-12,catalogue_latency-90 mean increased from 0.004638 to 0.02955 (~6.4x),catalogue_latency-90 mean increased from 0.004638 to 0.02955 (~6.4x),state,0.383,True,1.0,False,False,Sock Shop,cpu,batch-04
rcaeval-20,hybrid,claim-13,catalogue_mem mean increased from 6.038e+06 to 1.216e+07 (~2x),catalogue_mem mean increased from 6.038e+06 to 1.216e+07 (~2x),state,0.376,True,1.0,False,False,Sock Shop,cpu,batch-04
rcaeval-20,hybrid,claim-14,catalogue_socket increased from 6 to 8.007,catalogue_socket increased from 6 to 8.007,state,0.351,True,1.0,False,False,Sock Shop,cpu,batch-04
rcaeval-20,hybrid,claim-15,Application log shows only one successful List request at 2024-01-18T17:58:10Z,Application log shows only one successful List request at 2024-01-18T17:58:10Z,temporal,0.0,True,0.0,True,True,Sock Shop,cpu,batch-04
rcaeval-20,hybrid,claim-16,The List request took 2.30963ms,The List request took 2.30963ms,state,0.0,True,0.0,True,True,Sock Shop,cpu,batch-04
rcaeval-20,hybrid,claim-17,The List request had err=null,The List request had err=null,state,0.0,True,0.0,True,True,Sock Shop,cpu,batch-04
rcaeval-20,hybrid,claim-18,The List request had result=9,The List request had result=9,state,0.0,True,0.0,True,True,Sock Shop,cpu,batch-04
rcaeval-20,hybrid,claim-19,Application log shows no exceptions,Application log shows no exceptions,state,0.0,True,1.0,False,False,Sock Shop,cpu,batch-04
rcaeval-20,hybrid,claim-20,"Absence of exceptions indicates a CPU-bound infinite loop, inefficient code path, or memory pressure causing silent saturation rather than a logged error","Absence of exceptions indicates a CPU-bound infinite loop, inefficient code path, or memory pressure causing silent saturation rather than a logged error",causal,0.0,True,0.0,True,True,Sock Shop,cpu,batch-04
rcaeval-20,hybrid,claim-21,Pod 'catalogue' is isolated on node-worker-01,Pod 'catalogue' is isolated on node-worker-01,entity_relationship,0.723,False,1.0,False,True,Sock Shop,cpu,batch-04
rcaeval-20,hybrid,claim-22,Pod 'catalogue' has no external noisy neighbors (noisy_neighbors=['catalogue'] only),Pod 'catalogue' has no external noisy neighbors (noisy_neighbors=['catalogue'] only),entity_relationship,0.0,True,0.5,False,False,Sock Shop,cpu,batch-04
rcaeval-20,hybrid,claim-23,Pod 'catalogue' has empty dependencies,Pod 'catalogue' has empty dependencies,entity_relationship,0.0,True,0.5,False,False,Sock Shop,cpu,batch-04
rcaeval-20,hybrid,claim-24,TOPOLOGY with confidence 0.99 rules out node-level resource contention,TOPOLOGY with confidence 0.99 rules out node-level resource contention,general,0.0,True,0.0,True,True,Sock Shop,cpu,batch-04
rcaeval-20,hybrid,claim-25,SECURITY with confidence 0.80 rules out breach/RBAC/secret issues,SECURITY with confidence 0.80 rules out breach/RBAC/secret issues,general,0.0,True,1.0,False,False,Sock Shop,cpu,batch-04
rcaeval-20,hybrid,claim-26,DEPLOYMENTS shows Degraded status,DEPLOYMENTS shows Degraded status,state,0.0,True,0.0,True,True,Sock Shop,cpu,batch-04
rcaeval-20,hybrid,claim-27,Git SHA is null,Git SHA is null,state,0.0,True,0.0,True,True,Sock Shop,cpu,batch-04
rcaeval-20,hybrid,claim-28,commit_msg is null,commit_msg is null,state,0.0,True,0.0,True,True,Sock Shop,cpu,batch-04
rcaeval-20,hybrid,claim-29,Rollout regression cannot be verified due to null Git SHA and commit_msg,Rollout regression cannot be verified due to null Git SHA and commit_msg,general,0.0,True,0.0,True,True,Sock Shop,cpu,batch-04
rcaeval-20,hybrid,claim-30,Rollout regression is not the primary driver of the failure,Rollout regression is not the primary driver of the failure,causal,0.0,True,0.0,True,True,Sock Shop,cpu,batch-04
rcaeval-20,hybrid,claim-31,MONITORING is inconclusive,MONITORING is inconclusive,state,0.0,True,0.0,True,True,Sock Shop,cpu,batch-04
rcaeval-20,hybrid,claim-32,MONITORING shows a single cumulative counter of 95.0 without baseline or rate,MONITORING shows a single cumulative counter of 95.0 without baseline or rate,state,0.0,True,0.0,True,True,Sock Shop,cpu,batch-04
rcaeval-21,none,claim-1,Pod 'ts-route-service' has Failed,Pod 'ts-route-service' has Failed,state,0.705,False,1.0,False,True,Train Ticket,cpu,batch-04
rcaeval-21,none,claim-2,Pod 'ts-route-service' experienced severe CPU saturation,Pod 'ts-route-service' experienced severe CPU saturation,state,0.708,False,0.5,False,True,Train Ticket,cpu,batch-04
rcaeval-21,none,claim-3,CPU usage increased by 8.4x,CPU usage increased by 8.4x,state,0.0,True,0.0,True,True,Train Ticket,cpu,batch-04
rcaeval-21,none,claim-4,p90 latency degraded by up to 10x,p90 latency degraded by up to 10x,state,0.0,True,1.0,False,False,Train Ticket,cpu,batch-04
rcaeval-21,none,claim-5,Pod 'ts-route-service' is a noisy neighbor on node-worker-01,Pod 'ts-route-service' is a noisy neighbor on node-worker-01,entity_relationship,0.705,False,1.0,False,True,Train Ticket,cpu,batch-04
rcaeval-21,none,claim-6,Pod 'ts-route-service' caused slight error rate increases in downstream services,Pod 'ts-route-service' caused slight error rate increases in downstream services,causal,0.708,False,0.0,True,False,Train Ticket,cpu,batch-04
rcaeval-21,none,claim-7,Internal CPU saturation/performance degradation within ts-route-service itself is the root cause,Internal CPU saturation/performance degradation within ts-route-service itself is the root cause,causal,0.578,False,0.0,True,False,Train Ticket,cpu,batch-04
rcaeval-21,none,claim-8,The root cause is not an external dependency,The root cause is not an external dependency,general,0.0,True,0.0,True,True,Train Ticket,cpu,batch-04
rcaeval-21,none,claim-9,The root cause is not a security event,The root cause is not a security event,general,0.0,True,0.0,True,True,Train Ticket,cpu,batch-04
rcaeval-21,none,claim-10,The most severe metric anomaly occurred after timestamp 1705938117,The most severe metric anomaly occurred after timestamp 1705938117,temporal,0.0,True,0.0,True,True,Train Ticket,cpu,batch-04
rcaeval-21,none,claim-11,LOGS Agent with confidence 0.94 confirms the metric anomaly after 1705938117,LOGS Agent with confidence 0.94 confirms the metric anomaly after 1705938117,temporal,0.0,True,0.0,True,True,Train Ticket,cpu,batch-04
rcaeval-21,none,claim-12,CPU mean increased from 4.425 to 37.35,CPU mean increased from 4.425 to 37.35,state,0.0,True,0.5,False,False,Train Ticket,cpu,batch-04
rcaeval-21,none,claim-13,p90 latency increased from 0.008175 to 0.08163 (10x),p90 latency increased from 0.008175 to 0.08163 (10x),state,0.0,True,1.0,False,False,Train Ticket,cpu,batch-04
rcaeval-21,none,claim-14,p50 latency increased by 4.85x,p50 latency increased by 4.85x,state,0.0,True,1.0,False,False,Train Ticket,cpu,batch-04
rcaeval-21,none,claim-15,No application error logs were observed,No application error logs were observed,state,0.0,True,0.0,True,True,Train Ticket,cpu,batch-04
rcaeval-21,none,claim-16,Absence of application error logs indicates resource exhaustion rather than code exception,Absence of application error logs indicates resource exhaustion rather than code exception,causal,0.0,True,0.0,True,True,Train Ticket,cpu,batch-04
rcaeval-21,none,claim-17,MONITORING Agent with confidence 0.9 detected a high CPU anomaly,MONITORING Agent with confidence 0.9 detected a high CPU anomaly,state,0.0,True,0.5,False,False,Train Ticket,cpu,batch-04
rcaeval-21,none,claim-18,TOPOLOGY Agent with confidence 0.95 identified the ts-route-service pod itself as the noisy neighbor on node-worker-01,TOPOLOGY Agent with confidence 0.95 identified the ts-route-service pod itself as the noisy neighbor on node-worker-01,entity_relationship,0.705,False,0.5,False,True,Train Ticket,cpu,batch-04
rcaeval-21,none,claim-19,TOPOLOGY Agent found no other contenders for noisy neighbor on node-worker-01,TOPOLOGY Agent found no other contenders for noisy neighbor on node-worker-01,state,0.71,False,0.0,True,False,Train Ticket,cpu,batch-04
rcaeval-21,none,claim-20,"The ts-route-service pod is the source of contention, not the victim","The ts-route-service pod is the source of contention, not the victim",entity_relationship,0.705,False,0.0,True,False,Train Ticket,cpu,batch-04
rcaeval-21,none,claim-21,Downstream error rate increased from 0 to approximately 0.0027,Downstream error rate increased from 0 to approximately 0.0027,state,0.0,True,0.5,False,False,Train Ticket,cpu,batch-04
rcaeval-21,none,claim-22,The downstream error rate increase is a secondary effect of ts-route-service degraded performance,The downstream error rate increase is a secondary effect of ts-route-service degraded performance,causal,0.705,False,0.0,True,False,Train Ticket,cpu,batch-04
rcaeval-21,none,claim-23,DEPLOYMENTS Agent reported Degraded status with low confidence 0.35,DEPLOYMENTS Agent reported Degraded status with low confidence 0.35,state,0.0,True,0.5,False,False,Train Ticket,cpu,batch-04
rcaeval-21,none,claim-24,DEPLOYMENTS Agent Degraded status is discounted due to low confidence,DEPLOYMENTS Agent Degraded status is discounted due to low confidence,causal,0.0,True,0.5,False,False,Train Ticket,cpu,batch-04
rcaeval-21,none,claim-25,Git metadata is missing with sha null,Git metadata is missing with sha null,state,0.0,True,0.0,True,True,Train Ticket,cpu,batch-04
rcaeval-21,none,claim-26,DEPLOYMENTS Agent is unable to prove a deployment regression,DEPLOYMENTS Agent is unable to prove a deployment regression,general,0.0,True,0.5,False,False,Train Ticket,cpu,batch-04
rcaeval-21,none,claim-27,SECURITY Agent with confidence 0.8 rules out security breach and RBAC causes,SECURITY Agent with confidence 0.8 rules out security breach and RBAC causes,general,0.0,True,1.0,False,False,Train Ticket,cpu,batch-04
rcaeval-21,raw,claim-1,Pod 'ts-route-service' has Failed,Pod 'ts-route-service' has Failed,state,0.705,False,1.0,False,True,Train Ticket,cpu,batch-04
rcaeval-21,raw,claim-2,Pod 'ts-route-service' failed due to internal resource saturation,Pod 'ts-route-service' failed due to internal resource saturation,causal,0.705,False,1.0,False,True,Train Ticket,cpu,batch-04
rcaeval-21,raw,claim-3,Failure caused a 10x p90 latency spike,Failure caused a 10x p90 latency spike,causal,0.0,True,0.5,False,False,Train Ticket,cpu,batch-04
rcaeval-21,raw,claim-4,Failure caused an 8.4x CPU surge,Failure caused an 8.4x CPU surge,causal,0.0,True,0.0,True,True,Train Ticket,cpu,batch-04
rcaeval-21,raw,claim-5,Latency spike and CPU surge occurred after timestamp 1705938117,Latency spike and CPU surge occurred after timestamp 1705938117,temporal,0.0,True,0.0,True,True,Train Ticket,cpu,batch-04
rcaeval-21,raw,claim-6,Downstream error propagation occurred to ts-ui-dashboard,Downstream error propagation occurred to ts-ui-dashboard,entity_relationship,0.0,True,0.0,True,True,Train Ticket,cpu,batch-04
rcaeval-21,raw,claim-7,Downstream error propagation occurred to ts-travel-service,Downstream error propagation occurred to ts-travel-service,entity_relationship,0.0,True,0.5,False,False,Train Ticket,cpu,batch-04
rcaeval-21,raw,claim-8,Downstream error propagation occurred to ts-basic-service,Downstream error propagation occurred to ts-basic-service,entity_relationship,0.0,True,0.5,False,False,Train Ticket,cpu,batch-04
rcaeval-21,raw,claim-9,Impact is isolated to ts-route-service,Impact is isolated to ts-route-service,state,0.705,False,0.0,True,False,Train Ticket,cpu,batch-04
rcaeval-21,raw,claim-10,There is no cluster-wide contention,There is no cluster-wide contention,state,0.0,True,0.0,True,True,Train Ticket,cpu,batch-04
rcaeval-21,raw,claim-11,There is no security compromise,There is no security compromise,state,0.0,True,0.0,True,True,Train Ticket,cpu,batch-04
rcaeval-21,raw,claim-12,Root cause is internal performance degradation / resource saturation within ts-route-service itself,Root cause is internal performance degradation / resource saturation within ts-route-service itself,causal,0.563,False,1.0,False,True,Train Ticket,cpu,batch-04
rcaeval-21,raw,claim-13,Root cause is not external contention,Root cause is not external contention,general,0.0,True,0.5,False,False,Train Ticket,cpu,batch-04
rcaeval-21,raw,claim-14,Root cause is not a security breach,Root cause is not a security breach,general,0.0,True,0.5,False,False,Train Ticket,cpu,batch-04
rcaeval-21,raw,claim-15,LOGS Agent provides strong evidence with confidence 0.92,LOGS Agent provides strong evidence with confidence 0.92,state,0.0,True,0.0,True,True,Train Ticket,cpu,batch-04
rcaeval-21,raw,claim-16,p90 latency increased 10x from 0.008175 to 0.08163,p90 latency increased 10x from 0.008175 to 0.08163,state,0.0,True,1.0,False,False,Train Ticket,cpu,batch-04
rcaeval-21,raw,claim-17,p50 latency increased 4.85x from 0.003687 to 0.01789,p50 latency increased 4.85x from 0.003687 to 0.01789,state,0.0,True,1.0,False,False,Train Ticket,cpu,batch-04
rcaeval-21,raw,claim-18,CPU increased 8.4x from 4.425 to 37.35 after timestamp 1705938117,CPU increased 8.4x from 4.425 to 37.35 after timestamp 1705938117,temporal,0.0,True,1.0,False,False,Train Ticket,cpu,batch-04
rcaeval-21,raw,claim-19,Error rates of ~0.0027 onset in downstream dependents correlating with latency and CPU surge after timestamp 1705938117,Error rates of ~0.0027 onset in downstream dependents correlating with latency and CPU surge after timestamp 1705938117,temporal,0.0,True,0.0,True,True,Train Ticket,cpu,batch-04
rcaeval-21,raw,claim-20,Latency and CPU surge correlating with downstream error rates indicates bottleneck/saturation,Latency and CPU surge correlating with downstream error rates indicates bottleneck/saturation,causal,0.0,True,0.0,True,True,Train Ticket,cpu,batch-04
rcaeval-21,raw,claim-21,TOPOLOGY Agent eliminates noisy-neighbor hypothesis with confidence 0.98,TOPOLOGY Agent eliminates noisy-neighbor hypothesis with confidence 0.98,general,0.0,True,0.0,True,True,Train Ticket,cpu,batch-04
rcaeval-21,raw,claim-22,Pod 'ts-route-service' is isolated on node-worker-01,Pod 'ts-route-service' is isolated on node-worker-01,entity_relationship,0.705,False,1.0,False,True,Train Ticket,cpu,batch-04
rcaeval-21,raw,claim-23,Pod 'ts-route-service' has 0 dependencies,Pod 'ts-route-service' has 0 dependencies,entity_relationship,0.705,False,1.0,False,True,Train Ticket,cpu,batch-04
rcaeval-21,raw,claim-24,Pod 'ts-route-service' is only self-referenced,Pod 'ts-route-service' is only self-referenced,entity_relationship,0.705,False,1.0,False,True,Train Ticket,cpu,batch-04
rcaeval-21,raw,claim-25,SECURITY Agent eliminates breach/RBAC causes with confidence 0.8,SECURITY Agent eliminates breach/RBAC causes with confidence 0.8,general,0.0,True,0.0,True,True,Train Ticket,cpu,batch-04
rcaeval-21,raw,claim-26,MONITORING Agent is inconclusive with confidence 0.55,MONITORING Agent is inconclusive with confidence 0.55,state,0.0,True,0.0,True,True,Train Ticket,cpu,batch-04
rcaeval-21,raw,claim-27,MONITORING Agent is inconclusive due to single-sample cumulative counter (95.0) lacking historical rate data,MONITORING Agent is inconclusive due to single-sample cumulative counter (95.0) lacking historical rate data,causal,0.0,True,0.0,True,True,Train Ticket,cpu,batch-04
rcaeval-21,raw,claim-28,MONITORING Agent does not contradict LOGS metrics,MONITORING Agent does not contradict LOGS metrics,state,0.0,True,0.0,True,True,Train Ticket,cpu,batch-04
rcaeval-21,raw,claim-29,DEPLOYMENTS Agent shows Degraded status for ts-route-service-deploy with confidence 0.85,DEPLOYMENTS Agent shows Degraded status for ts-route-service-deploy with confidence 0.85,state,0.7,False,0.0,True,False,Train Ticket,cpu,batch-04
rcaeval-21,raw,claim-30,ts-route-service-deploy has null Git SHA and null commit_msg,ts-route-service-deploy has null Git SHA and null commit_msg,state,0.69,False,0.0,True,False,Train Ticket,cpu,batch-04
rcaeval-21,raw,claim-31,Regression cannot be verified due to null Git SHA/commit_msg,Regression cannot be verified due to null Git SHA/commit_msg,causal,0.0,True,0.0,True,True,Train Ticket,cpu,batch-04
rcaeval-21,raw,claim-32,Bad deployment is not the primary driver of failure,Bad deployment is not the primary driver of failure,causal,0.0,True,0.0,True,True,Train Ticket,cpu,batch-04
rcaeval-21,raw,claim-33,Failure pattern points to runtime saturation rather than a verifiable bad deployment,Failure pattern points to runtime saturation rather than a verifiable bad deployment,causal,0.0,True,0.0,True,True,Train Ticket,cpu,batch-04
rcaeval-21,hybrid,claim-1,Pod 'ts-route-service' is hosted on node 'node-worker-01',Pod 'ts-route-service' is hosted on node 'node-worker-01',entity_relationship,0.705,False,0.5,False,True,Train Ticket,cpu,batch-04
rcaeval-21,hybrid,claim-2,Pod 'ts-route-service' is in 'Failed' state,Pod 'ts-route-service' is in 'Failed' state,state,0.705,False,1.0,False,True,Train Ticket,cpu,batch-04
rcaeval-21,hybrid,claim-3,Pod 'ts-route-service' entered 'Failed' state after timestamp 1705938117,Pod 'ts-route-service' entered 'Failed' state after timestamp 1705938117,temporal,0.705,False,1.0,False,True,Train Ticket,cpu,batch-04
rcaeval-21,hybrid,claim-4,ts-route-service experienced CPU saturation / resource exhaustion,ts-route-service experienced CPU saturation / resource exhaustion,state,0.588,False,0.5,False,True,Train Ticket,cpu,batch-04
rcaeval-21,hybrid,claim-5,ts-route-service exhibited severe isolated performance degradation with ~8.4x CPU increase,ts-route-service exhibited severe isolated performance degradation with ~8.4x CPU increase,state,0.708,False,0.5,False,True,Train Ticket,cpu,batch-04
rcaeval-21,hybrid,claim-6,ts-route-service exhibited ~10x p90 latency increase,ts-route-service exhibited ~10x p90 latency increase,state,0.705,False,0.5,False,True,Train Ticket,cpu,batch-04
rcaeval-21,hybrid,claim-7,CPU saturation/resource exhaustion caused service outage for ts-route-service,CPU saturation/resource exhaustion caused service outage for ts-route-service,causal,0.579,False,0.5,False,True,Train Ticket,cpu,batch-04
rcaeval-21,hybrid,claim-8,Impact is isolated to pod 'ts-route-service' with no cascade to other services or nodes,Impact is isolated to pod 'ts-route-service' with no cascade to other services or nodes,state,0.705,False,0.0,True,False,Train Ticket,cpu,batch-04
rcaeval-21,hybrid,claim-9,"After timestamp 1705938117, ts-route-service CPU mean increased from 4.425 to 37.35 (~8.4x)","After timestamp 1705938117, ts-route-service CPU mean increased from 4.425 to 37.35 (~8.4x)",temporal,0.63,False,0.5,False,True,Train Ticket,cpu,batch-04
rcaeval-21,hybrid,claim-10,"After timestamp 1705938117, ts-route-service p90 latency increased from 0.008175 to 0.08163 (~10x)","After timestamp 1705938117, ts-route-service p90 latency increased from 0.008175 to 0.08163 (~10x)",temporal,0.61,False,0.5,False,True,Train Ticket,cpu,batch-04
rcaeval-21,hybrid,claim-11,"After timestamp 1705938117, ts-route-service p50 latency increased from 0.003687 to 0.01789 (~4.9x)","After timestamp 1705938117, ts-route-service p50 latency increased from 0.003687 to 0.01789 (~4.9x)",temporal,0.616,False,0.5,False,True,Train Ticket,cpu,batch-04
rcaeval-21,hybrid,claim-12,CPU saturation/resource exhaustion and performance degradation led to failure of ts-route-service,CPU saturation/resource exhaustion and performance degradation led to failure of ts-route-service,causal,0.578,False,0.0,True,False,Train Ticket,cpu,batch-04
rcaeval-21,hybrid,claim-13,Topology with confidence 0.99 confirms pod 'ts-route-service' is the sole workload on node-worker-01,Topology with confidence 0.99 confirms pod 'ts-route-service' is the sole workload on node-worker-01,entity_relationship,0.708,False,0.5,False,True,Train Ticket,cpu,batch-04
rcaeval-21,hybrid,claim-14,There are no noisy neighbors on node-worker-01,There are no noisy neighbors on node-worker-01,state,0.71,False,0.5,False,True,Train Ticket,cpu,batch-04
rcaeval-21,hybrid,claim-15,Pod 'ts-route-service' has no dependencies,Pod 'ts-route-service' has no dependencies,entity_relationship,0.705,False,1.0,False,True,Train Ticket,cpu,batch-04
rcaeval-21,hybrid,claim-16,Resource contention from co-located pods is ruled out as a cause,Resource contention from co-located pods is ruled out as a cause,causal,0.0,True,0.0,True,True,Train Ticket,cpu,batch-04
rcaeval-21,hybrid,claim-17,Security analysis with confidence 0.8 rules out breach/RBAC/secret issues,Security analysis with confidence 0.8 rules out breach/RBAC/secret issues,general,0.0,True,0.5,False,False,Train Ticket,cpu,batch-04
rcaeval-21,hybrid,claim-18,Deployment 'ts-route-service-deploy' is in 'Degraded' state,Deployment 'ts-route-service-deploy' is in 'Degraded' state,state,0.7,False,0.5,False,True,Train Ticket,cpu,batch-04
rcaeval-21,hybrid,claim-19,Deployment 'ts-route-service-deploy' has null SHA and null commit_msg with confidence 0.65,Deployment 'ts-route-service-deploy' has null SHA and null commit_msg with confidence 0.65,state,0.69,False,0.0,True,False,Train Ticket,cpu,batch-04
rcaeval-21,hybrid,claim-20,No Git correlation is possible to confirm or reject code regression due to null SHA and commit_msg,No Git correlation is possible to confirm or reject code regression due to null SHA and commit_msg,general,0.0,True,0.0,True,True,Train Ticket,cpu,batch-04
rcaeval-21,hybrid,claim-21,Degraded status of the deployment may be an effect of the failure rather than its cause,Degraded status of the deployment may be an effect of the failure rather than its cause,causal,0.0,True,0.0,True,True,Train Ticket,cpu,batch-04
rcaeval-21,hybrid,claim-22,No direct ts-route-service log lines were present,No direct ts-route-service log lines were present,state,0.705,False,0.0,True,False,Train Ticket,cpu,batch-04
rcaeval-21,hybrid,claim-23,No stack traces were available for ts-route-service,No stack traces were available for ts-route-service,state,0.705,False,0.0,True,False,Train Ticket,cpu,batch-04
rcaeval-21,hybrid,claim-24,Metric anomaly for ts-route-service is clear and is the largest degradation among all services,Metric anomaly for ts-route-service is clear and is the largest degradation among all services,general,0.573,False,0.0,True,False,Train Ticket,cpu,batch-04
rcaeval-21,hybrid,claim-25,Monitoring agent is inconclusive with confidence 0.3 due to insufficient data and is discounted,Monitoring agent is inconclusive with confidence 0.3 due to insufficient data and is discounted,general,0.0,True,1.0,False,False,Train Ticket,cpu,batch-04
rcaeval-21,hybrid,claim-26,Correlated root cause is internal CPU saturation/resource exhaustion,Correlated root cause is internal CPU saturation/resource exhaustion,causal,0.0,True,0.0,True,True,Train Ticket,cpu,batch-04
rcaeval-21,hybrid,claim-27,"Root cause is not external contention, security issues, or verifiable deployment regression","Root cause is not external contention, security issues, or verifiable deployment regression",causal,0.0,True,0.0,True,True,Train Ticket,cpu,batch-04
rcaeval-22,none,claim-1,Pod 'currencyservice' is marked Failed,Pod 'currencyservice' is marked Failed,state,0.713,False,1.0,False,True,Online Boutique,delay,batch-04
rcaeval-22,none,claim-2,Pod 'currencyservice' shows no functional errors,Pod 'currencyservice' shows no functional errors,state,0.713,False,1.0,False,True,Online Boutique,delay,batch-04
rcaeval-22,none,claim-3,Pod 'currencyservice' exhibits severe internal performance degradation,Pod 'currencyservice' exhibits severe internal performance degradation,state,0.713,False,0.0,True,False,Online Boutique,delay,batch-04
rcaeval-22,none,claim-4,Pod 'currencyservice' exhibits high CPU saturation,Pod 'currencyservice' exhibits high CPU saturation,state,0.715,False,0.0,True,False,Online Boutique,delay,batch-04
rcaeval-22,none,claim-5,currencyservice p50 latency increased by ~21.4x,currencyservice p50 latency increased by ~21.4x,state,0.708,False,0.0,True,False,Online Boutique,delay,batch-04
rcaeval-22,none,claim-6,currencyservice p90 latency increased by ~4.2x,currencyservice p90 latency increased by ~4.2x,state,0.708,False,0.0,True,False,Online Boutique,delay,batch-04
rcaeval-22,none,claim-7,Latency from currencyservice propagates to frontend,Latency from currencyservice propagates to frontend,causal,0.708,False,0.5,False,True,Online Boutique,delay,batch-04
rcaeval-22,none,claim-8,Latency from currencyservice propagates to checkoutservice,Latency from currencyservice propagates to checkoutservice,causal,0.708,False,0.5,False,True,Online Boutique,delay,batch-04
rcaeval-22,none,claim-9,External error rates did not increase,External error rates did not increase,state,0.0,True,0.0,True,True,Online Boutique,delay,batch-04
rcaeval-22,none,claim-10,Root cause is self-induced CPU saturation within the 'currencyservice' pod itself,Root cause is self-induced CPU saturation within the 'currencyservice' pod itself,causal,0.715,False,0.0,True,False,Online Boutique,delay,batch-04
rcaeval-22,none,claim-11,Pod 'currencyservice' is on node 'node-worker-01',Pod 'currencyservice' is on node 'node-worker-01',entity_relationship,0.713,False,1.0,False,True,Online Boutique,delay,batch-04
rcaeval-22,none,claim-12,MONITORING confirms high CPU usage with confidence 0.92,MONITORING confirms high CPU usage with confidence 0.92,general,0.0,True,0.0,True,True,Online Boutique,delay,batch-04
rcaeval-22,none,claim-13,TOPOLOGY proves isolation with confidence 0.99,TOPOLOGY proves isolation with confidence 0.99,general,0.0,True,0.0,True,True,Online Boutique,delay,batch-04
rcaeval-22,none,claim-14,currencyservice has no dependencies,currencyservice has no dependencies,entity_relationship,0.708,False,0.5,False,True,Online Boutique,delay,batch-04
rcaeval-22,none,claim-15,noisy_neighbors contains only 'currencyservice' itself,noisy_neighbors contains only 'currencyservice' itself,entity_relationship,0.713,False,0.5,False,True,Online Boutique,delay,batch-04
rcaeval-22,none,claim-16,Resource contention from noisy neighbors is ruled out,Resource contention from noisy neighbors is ruled out,general,0.0,True,0.0,True,True,Online Boutique,delay,batch-04
rcaeval-22,none,claim-17,Downstream dependency failure is ruled out,Downstream dependency failure is ruled out,general,0.0,True,0.0,True,True,Online Boutique,delay,batch-04
rcaeval-22,none,claim-18,LOGS corroborates with confidence 0.85,LOGS corroborates with confidence 0.85,general,0.0,True,0.0,True,True,Online Boutique,delay,batch-04
rcaeval-22,none,claim-19,Logs show only successful operations including 'Getting supported currencies...' and 'conversion request successful',Logs show only successful operations including 'Getting supported currencies...' and 'conversion request successful',state,0.374,True,0.5,False,False,Online Boutique,delay,batch-04
rcaeval-22,none,claim-20,Logs show zero errors,Logs show zero errors,state,0.0,True,0.5,False,False,Online Boutique,delay,batch-04
rcaeval-22,none,claim-21,Logs show zero exceptions,Logs show zero exceptions,state,0.0,True,0.5,False,False,Online Boutique,delay,batch-04
rcaeval-22,none,claim-22,Logs show zero timeouts,Logs show zero timeouts,state,0.0,True,0.5,False,False,Online Boutique,delay,batch-04
rcaeval-22,none,claim-23,Metrics show currencyservice_latency-50 increased from 0.004122 to 0.08831 (21.4x),Metrics show currencyservice_latency-50 increased from 0.004122 to 0.08831 (21.4x),state,0.387,True,0.0,True,True,Online Boutique,delay,batch-04
rcaeval-22,none,claim-24,Metrics show currencyservice latency-90 increased from 0.05164 to 0.2164 (4.2x),Metrics show currencyservice latency-90 increased from 0.05164 to 0.2164 (4.2x),state,0.623,False,0.0,True,False,Online Boutique,delay,batch-04
rcaeval-22,none,claim-25,currencyservice latency increase correlates with frontend and checkoutservice latency increases,currencyservice latency increase correlates with frontend and checkoutservice latency increases,causal,0.71,False,0.5,False,True,Online Boutique,delay,batch-04
rcaeval-22,none,claim-26,"Pattern indicates application-level inefficiency such as hot loop, CPU throttling due to undersized limits/requests, GC pressure, or inefficient computation","Pattern indicates application-level inefficiency such as hot loop, CPU throttling due to undersized limits/requests, GC pressure, or inefficient computation",causal,0.0,True,0.0,True,True,Online Boutique,delay,batch-04
rcaeval-22,none,claim-27,Application-level inefficiency causes request queuing,Application-level inefficiency causes request queuing,causal,0.0,True,0.0,True,True,Online Boutique,delay,batch-04
rcaeval-22,none,claim-28,Request queuing and probe failures cause Failed status,Request queuing and probe failures cause Failed status,causal,0.529,False,0.0,True,False,Online Boutique,delay,batch-04
rcaeval-22,none,claim-29,Failed status is not caused by a crash,Failed status is not caused by a crash,general,0.0,True,0.0,True,True,Online Boutique,delay,batch-04
rcaeval-22,none,claim-30,Failed status is not caused by a functional bug,Failed status is not caused by a functional bug,general,0.0,True,0.0,True,True,Online Boutique,delay,batch-04
rcaeval-22,none,claim-31,SECURITY rules out breach/RBAC causes with confidence 0.8,SECURITY rules out breach/RBAC causes with confidence 0.8,general,0.0,True,0.5,False,False,Online Boutique,delay,batch-04
rcaeval-22,none,claim-32,DEPLOYMENTS reports Degraded status,DEPLOYMENTS reports Degraded status,state,0.0,True,0.0,True,True,Online Boutique,delay,batch-04
rcaeval-22,none,claim-33,DEPLOYMENTS has null sha,DEPLOYMENTS has null sha,state,0.0,True,0.0,True,True,Online Boutique,delay,batch-04
rcaeval-22,none,claim-34,DEPLOYMENTS has null commit_msg,DEPLOYMENTS has null commit_msg,state,0.0,True,0.0,True,True,Online Boutique,delay,batch-04
rcaeval-22,none,claim-35,DEPLOYMENTS confidence is 0.25,DEPLOYMENTS confidence is 0.25,general,0.0,True,0.5,False,False,Online Boutique,delay,batch-04
rcaeval-22,none,claim-36,Deployment regression cannot be confirmed or ruled out,Deployment regression cannot be confirmed or ruled out,general,0.0,True,0.0,True,True,Online Boutique,delay,batch-04
rcaeval-22,none,claim-37,Deployment regression is discounted as low-confidence noise,Deployment regression is discounted as low-confidence noise,general,0.0,True,0.0,True,True,Online Boutique,delay,batch-04
rcaeval-22,raw,claim-1,Pod 'currencyservice' is in 'Failed' status,Pod 'currencyservice' is in 'Failed' status,state,0.713,False,1.0,False,True,Online Boutique,delay,batch-04
rcaeval-22,raw,claim-2,p50 latency degraded from 0.004122 to 0.08831 (~21.4x increase),p50 latency degraded from 0.004122 to 0.08831 (~21.4x increase),state,0.0,True,1.0,False,False,Online Boutique,delay,batch-04
rcaeval-22,raw,claim-3,p90 latency degraded from 0.05164 to 0.2164 (~4.2x increase),p90 latency degraded from 0.05164 to 0.2164 (~4.2x increase),state,0.0,True,1.0,False,False,Online Boutique,delay,batch-04
rcaeval-22,raw,claim-4,No functional errors were found in logs for currencyservice,No functional errors were found in logs for currencyservice,state,0.71,False,0.0,True,False,Online Boutique,delay,batch-04
rcaeval-22,raw,claim-5,"No downstream propagation occurred, with frontend-external_error dropped to 0","No downstream propagation occurred, with frontend-external_error dropped to 0",state,0.0,True,0.0,True,True,Online Boutique,delay,batch-04
rcaeval-22,raw,claim-6,Impact is isolated to the currencyservice pod with no cascading failures observed,Impact is isolated to the currencyservice pod with no cascading failures observed,state,0.713,False,0.0,True,False,Online Boutique,delay,batch-04
rcaeval-22,raw,claim-7,Root cause is internal CPU saturation/resource pressure within the currencyservice pod itself,Root cause is internal CPU saturation/resource pressure within the currencyservice pod itself,causal,0.71,False,0.0,True,False,Online Boutique,delay,batch-04
rcaeval-22,raw,claim-8,Root cause is not external contention,Root cause is not external contention,causal,0.0,True,0.0,True,True,Online Boutique,delay,batch-04
rcaeval-22,raw,claim-9,Root cause is not a code regression,Root cause is not a code regression,causal,0.0,True,0.5,False,False,Online Boutique,delay,batch-04
rcaeval-22,raw,claim-10,MONITORING (0.75) detected a high CPU anomaly,MONITORING (0.75) detected a high CPU anomaly,state,0.0,True,0.0,True,True,Online Boutique,delay,batch-04
rcaeval-22,raw,claim-11,High CPU anomaly directly correlates with the latency degradation observed in LOGS metrics,High CPU anomaly directly correlates with the latency degradation observed in LOGS metrics,causal,0.0,True,0.0,True,True,Online Boutique,delay,batch-04
rcaeval-22,raw,claim-12,"LOGS (0.85) shows no functional failures, exceptions, or crash messages","LOGS (0.85) shows no functional failures, exceptions, or crash messages",state,0.0,True,0.0,True,True,Online Boutique,delay,batch-04
rcaeval-22,raw,claim-13,LOGS contains only messages 'Getting supported currencies...' and 'conversion request successful',LOGS contains only messages 'Getting supported currencies...' and 'conversion request successful',state,0.378,True,1.0,False,False,Online Boutique,delay,batch-04
rcaeval-22,raw,claim-14,TOPOLOGY (0.95) confirms currencyservice pod is isolated on node-worker-01,TOPOLOGY (0.95) confirms currencyservice pod is isolated on node-worker-01,entity_relationship,0.713,False,0.5,False,True,Online Boutique,delay,batch-04
rcaeval-22,raw,claim-15,"noisy_neighbors list contains only itself, indicating no external noisy neighbors","noisy_neighbors list contains only itself, indicating no external noisy neighbors",entity_relationship,0.0,True,0.0,True,True,Online Boutique,delay,batch-04
rcaeval-22,raw,claim-16,Resource contention from other pods is ruled out as a cause,Resource contention from other pods is ruled out as a cause,causal,0.0,True,0.0,True,True,Online Boutique,delay,batch-04
rcaeval-22,raw,claim-17,DEPLOYMENTS (0.35) shows 'Degraded' status,DEPLOYMENTS (0.35) shows 'Degraded' status,state,0.0,True,0.5,False,False,Online Boutique,delay,batch-04
rcaeval-22,raw,claim-18,DEPLOYMENTS has null sha and null commit_msg,DEPLOYMENTS has null sha and null commit_msg,state,0.0,True,0.0,True,True,Online Boutique,delay,batch-04
rcaeval-22,raw,claim-19,Degradation cannot be attributed to a recent code deployment,Degradation cannot be attributed to a recent code deployment,causal,0.0,True,0.0,True,True,Online Boutique,delay,batch-04
rcaeval-22,raw,claim-20,Degraded status is assessed as a symptom of the pod failure rather than its cause,Degraded status is assessed as a symptom of the pod failure rather than its cause,causal,0.0,True,0.0,True,True,Online Boutique,delay,batch-04
rcaeval-22,raw,claim-21,"SECURITY (0.80) rules out breach, RBAC, and secret issues","SECURITY (0.80) rules out breach, RBAC, and secret issues",state,0.0,True,0.0,True,True,Online Boutique,delay,batch-04
rcaeval-22,raw,claim-22,"Internal hot-loop, inefficient computation, or insufficient CPU limits/requests leads to throttling and eventual pod failure","Internal hot-loop, inefficient computation, or insufficient CPU limits/requests leads to throttling and eventual pod failure",causal,0.0,True,0.0,True,True,Online Boutique,delay,batch-04
rcaeval-22,hybrid,claim-1,Pod 'currencyservice' is located on node 'node-worker-01',Pod 'currencyservice' is located on node 'node-worker-01',entity_relationship,0.713,False,1.0,False,True,Online Boutique,delay,batch-04
rcaeval-22,hybrid,claim-2,Pod 'currencyservice' is the source of resource contention,Pod 'currencyservice' is the source of resource contention,causal,0.715,False,1.0,False,True,Online Boutique,delay,batch-04
rcaeval-22,hybrid,claim-3,Noisy Neighbor Resource Contention occurred on node-worker-01,Noisy Neighbor Resource Contention occurred on node-worker-01,state,0.72,False,0.0,True,False,Online Boutique,delay,batch-04
rcaeval-22,hybrid,claim-4,Pod 'currencyservice' has status Failed,Pod 'currencyservice' has status Failed,state,0.713,False,1.0,False,True,Online Boutique,delay,batch-04
rcaeval-22,hybrid,claim-5,Pod 'currencyservice' experienced severe performance degradation,Pod 'currencyservice' experienced severe performance degradation,state,0.713,False,1.0,False,True,Online Boutique,delay,batch-04
rcaeval-22,hybrid,claim-6,p50 latency increased by 21.4x after timestamp 1705702012,p50 latency increased by 21.4x after timestamp 1705702012,temporal,0.343,True,1.0,False,False,Online Boutique,delay,batch-04
rcaeval-22,hybrid,claim-7,p90 latency increased by 4.2x after timestamp 1705702012,p90 latency increased by 4.2x after timestamp 1705702012,temporal,0.336,True,1.0,False,False,Online Boutique,delay,batch-04
rcaeval-22,hybrid,claim-8,currencyservice_latency-50 increased from 0.004122 to 0.08831 after 1705702012,currencyservice_latency-50 increased from 0.004122 to 0.08831 after 1705702012,temporal,0.388,True,0.5,False,False,Online Boutique,delay,batch-04
rcaeval-22,hybrid,claim-9,currencyservice_latency-90 increased from 0.05164 to 0.2164 after 1705702012,currencyservice_latency-90 increased from 0.05164 to 0.2164 after 1705702012,temporal,0.39,True,0.5,False,False,Online Boutique,delay,batch-04
rcaeval-22,hybrid,claim-10,The noisy-neighbor condition caused sustained latency degradation after 1705702012,The noisy-neighbor condition caused sustained latency degradation after 1705702012,causal,0.0,True,0.0,True,True,Online Boutique,delay,batch-04
rcaeval-22,hybrid,claim-11,Sustained latency degradation led to Failed status,Sustained latency degradation led to Failed status,causal,0.541,False,0.0,True,False,Online Boutique,delay,batch-04
rcaeval-22,hybrid,claim-12,Performance degradation propagated to frontend,Performance degradation propagated to frontend,causal,0.0,True,0.0,True,True,Online Boutique,delay,batch-04
rcaeval-22,hybrid,claim-13,Performance degradation propagated to checkoutservice,Performance degradation propagated to checkoutservice,causal,0.0,True,0.5,False,False,Online Boutique,delay,batch-04
rcaeval-22,hybrid,claim-14,Frontend latency increase correlated with currencyservice latency degradation,Frontend latency increase correlated with currencyservice latency degradation,causal,0.708,False,1.0,False,True,Online Boutique,delay,batch-04
rcaeval-22,hybrid,claim-15,Checkoutservice latency increase correlated with currencyservice latency degradation,Checkoutservice latency increase correlated with currencyservice latency degradation,causal,0.71,False,1.0,False,True,Online Boutique,delay,batch-04
rcaeval-22,hybrid,claim-16,No application errors were detected,No application errors were detected,state,0.0,True,0.0,True,True,Online Boutique,delay,batch-04
rcaeval-22,hybrid,claim-17,No functional application failure was found in logs,No functional application failure was found in logs,state,0.0,True,0.0,True,True,Online Boutique,delay,batch-04
rcaeval-22,hybrid,claim-18,Failure is infrastructure-driven,Failure is infrastructure-driven,causal,0.0,True,0.0,True,True,Online Boutique,delay,batch-04
rcaeval-22,hybrid,claim-19,Failure risks co-located workloads on node-worker-01,Failure risks co-located workloads on node-worker-01,general,0.72,False,0.0,True,False,Online Boutique,delay,batch-04
rcaeval-22,hybrid,claim-20,No dependencies were detected for currencyservice,No dependencies were detected for currencyservice,state,0.708,False,0.0,True,False,Online Boutique,delay,batch-04
rcaeval-22,hybrid,claim-21,Topology analysis confidence is 0.85,Topology analysis confidence is 0.85,general,0.0,True,0.0,True,True,Online Boutique,delay,batch-04
rcaeval-22,hybrid,claim-22,Logs show only successful operations,Logs show only successful operations,state,0.0,True,0.0,True,True,Online Boutique,delay,batch-04
rcaeval-22,hybrid,claim-23,Logs contain message 'Getting supported currencies...',Logs contain message 'Getting supported currencies...',state,0.386,True,1.0,False,False,Online Boutique,delay,batch-04
rcaeval-22,hybrid,claim-24,Logs contain message 'conversion request successful',Logs contain message 'conversion request successful',state,0.347,True,0.5,False,False,Online Boutique,delay,batch-04
rcaeval-22,hybrid,claim-25,"Logs contain no errors, exceptions, timeouts or crashes","Logs contain no errors, exceptions, timeouts or crashes",state,0.0,True,0.5,False,False,Online Boutique,delay,batch-04
rcaeval-22,hybrid,claim-26,Logs analysis confidence is 0.93,Logs analysis confidence is 0.93,general,0.0,True,0.5,False,False,Online Boutique,delay,batch-04
rcaeval-22,hybrid,claim-27,Security is clean with no breach detected,Security is clean with no breach detected,state,0.0,True,0.0,True,True,Online Boutique,delay,batch-04
rcaeval-22,hybrid,claim-28,Security analysis confidence is 0.8,Security analysis confidence is 0.8,general,0.0,True,0.0,True,True,Online Boutique,delay,batch-04
rcaeval-22,hybrid,claim-29,Single container_cpu_usage_seconds_total value of 95.0 is inconclusive,Single container_cpu_usage_seconds_total value of 95.0 is inconclusive,state,0.377,True,0.5,False,False,Online Boutique,delay,batch-04
rcaeval-22,hybrid,claim-30,container_cpu_usage_seconds_total is a cumulative counter that requires rate calculation,container_cpu_usage_seconds_total is a cumulative counter that requires rate calculation,general,0.355,True,0.5,False,False,Online Boutique,delay,batch-04
rcaeval-22,hybrid,claim-31,Monitoring confidence 0.45 is discounted,Monitoring confidence 0.45 is discounted,general,0.0,True,0.0,True,True,Online Boutique,delay,batch-04
rcaeval-22,hybrid,claim-32,Degraded deployment flag lacks SHA/commit_msg correlation,Degraded deployment flag lacks SHA/commit_msg correlation,state,0.0,True,0.0,True,True,Online Boutique,delay,batch-04
rcaeval-22,hybrid,claim-33,Deployments confidence 0.25 is discounted,Deployments confidence 0.25 is discounted,general,0.0,True,0.0,True,True,Online Boutique,delay,batch-04
rcaeval-22,hybrid,claim-34,No code regression is confirmed,No code regression is confirmed,state,0.0,True,0.0,True,True,Online Boutique,delay,batch-04
rcaeval-22,hybrid,claim-35,No CPU threshold breach is confirmed,No CPU threshold breach is confirmed,state,0.0,True,0.0,True,True,Online Boutique,delay,batch-04
rcaeval-23,none,claim-1,Pod 'catalogue' is in Failed state,Pod 'catalogue' is in Failed state,state,0.0,True,1.0,False,False,Sock Shop,delay,batch-04
rcaeval-23,none,claim-2,Severe performance degradation of catalogue started at 1705640134,Severe performance degradation of catalogue started at 1705640134,temporal,0.551,False,0.5,False,True,Sock Shop,delay,batch-04
rcaeval-23,none,claim-3,Catalogue p90 latency increased 256x,Catalogue p90 latency increased 256x,state,0.562,False,0.5,False,True,Sock Shop,delay,batch-04
rcaeval-23,none,claim-4,Catalogue p90 latency increased from 0.00467 to 1.198,Catalogue p90 latency increased from 0.00467 to 1.198,state,0.583,False,0.5,False,True,Sock Shop,delay,batch-04
rcaeval-23,none,claim-5,Catalogue p50 latency increased 177x,Catalogue p50 latency increased 177x,state,0.573,False,1.0,False,True,Sock Shop,delay,batch-04
rcaeval-23,none,claim-6,Catalogue caused self-induced resource contention on node-worker-01,Catalogue caused self-induced resource contention on node-worker-01,causal,0.534,False,0.0,True,False,Sock Shop,delay,batch-04
rcaeval-23,none,claim-7,Catalogue degradation propagated latency to front-end,Catalogue degradation propagated latency to front-end,causal,0.542,False,0.5,False,True,Sock Shop,delay,batch-04
rcaeval-23,none,claim-8,Front-end p90 latency increased from 0.8515 to 1.13,Front-end p90 latency increased from 0.8515 to 1.13,state,0.34,True,1.0,False,False,Sock Shop,delay,batch-04
rcaeval-23,none,claim-9,Impact is isolated to catalogue,Impact is isolated to catalogue,state,0.0,True,0.0,True,True,Sock Shop,delay,batch-04
rcaeval-23,none,claim-10,Downstream carts latency decreased,Downstream carts latency decreased,state,0.339,True,0.0,True,True,Sock Shop,delay,batch-04
rcaeval-23,none,claim-11,Downstream orders latency decreased,Downstream orders latency decreased,state,0.0,True,0.0,True,True,Sock Shop,delay,batch-04
rcaeval-23,none,claim-12,Root cause is self-induced service saturation/resource exhaustion of the catalogue pod itself,Root cause is self-induced service saturation/resource exhaustion of the catalogue pod itself,causal,0.541,False,0.5,False,True,Sock Shop,delay,batch-04
rcaeval-23,none,claim-13,Root cause is not an external dependency,Root cause is not an external dependency,causal,0.0,True,0.0,True,True,Sock Shop,delay,batch-04
rcaeval-23,none,claim-14,Root cause is not a deployment regression,Root cause is not a deployment regression,causal,0.0,True,0.5,False,False,Sock Shop,delay,batch-04
rcaeval-23,none,claim-15,Root cause is not a security event,Root cause is not a security event,causal,0.0,True,0.0,True,True,Sock Shop,delay,batch-04
rcaeval-23,none,claim-16,Socket usage rose from 6 to 9.7 according to LOGS (0.94),Socket usage rose from 6 to 9.7 according to LOGS (0.94),state,0.0,True,0.0,True,True,Sock Shop,delay,batch-04
rcaeval-23,none,claim-17,catalogue_cpu rose from 0.1652 to 0.2092,catalogue_cpu rose from 0.1652 to 0.2092,state,0.36,True,1.0,False,False,Sock Shop,delay,batch-04
rcaeval-23,none,claim-18,catalogue-db_cpu increased modestly from 0.2019 to 0.2416,catalogue-db_cpu increased modestly from 0.2019 to 0.2416,state,0.363,True,1.0,False,False,Sock Shop,delay,batch-04
rcaeval-23,none,claim-19,No catalogue error logs were observed,No catalogue error logs were observed,state,0.528,False,0.5,False,True,Sock Shop,delay,batch-04
rcaeval-23,none,claim-20,Evidence indicates thread-pool/socket saturation or internal bottleneck rather than DB slowdown,Evidence indicates thread-pool/socket saturation or internal bottleneck rather than DB slowdown,causal,0.0,True,0.0,True,True,Sock Shop,delay,batch-04
rcaeval-23,none,claim-21,TOPOLOGY (0.95) confirms catalogue has no dependencies,TOPOLOGY (0.95) confirms catalogue has no dependencies,entity_relationship,0.0,True,0.0,True,True,Sock Shop,delay,batch-04
rcaeval-23,none,claim-22,Catalogue is flagged as a noisy neighbor on node-worker-01,Catalogue is flagged as a noisy neighbor on node-worker-01,entity_relationship,0.521,False,0.0,True,False,Sock Shop,delay,batch-04
rcaeval-23,none,claim-23,"Catalogue is the source of contention on node-worker-01, not the victim","Catalogue is the source of contention on node-worker-01, not the victim",entity_relationship,0.52,False,0.0,True,False,Sock Shop,delay,batch-04
rcaeval-23,none,claim-24,MONITORING (0.92) anomaly is corroborated by the isolated latency spike,MONITORING (0.92) anomaly is corroborated by the isolated latency spike,general,0.0,True,0.0,True,True,Sock Shop,delay,batch-04
rcaeval-23,none,claim-25,DEPLOYMENTS (0.25) status is Degraded,DEPLOYMENTS (0.25) status is Degraded,state,0.0,True,0.5,False,False,Sock Shop,delay,batch-04
rcaeval-23,none,claim-26,DEPLOYMENTS has null sha and null commit_msg,DEPLOYMENTS has null sha and null commit_msg,state,0.0,True,1.0,False,False,Sock Shop,delay,batch-04
rcaeval-23,none,claim-27,DEPLOYMENTS is inconclusive and cannot be correlated to the incident,DEPLOYMENTS is inconclusive and cannot be correlated to the incident,general,0.0,True,0.0,True,True,Sock Shop,delay,batch-04
rcaeval-23,none,claim-28,SECURITY (0.8) rules out breach issues,SECURITY (0.8) rules out breach issues,general,0.0,True,0.0,True,True,Sock Shop,delay,batch-04
rcaeval-23,none,claim-29,SECURITY (0.8) rules out RBAC issues,SECURITY (0.8) rules out RBAC issues,general,0.0,True,0.5,False,False,Sock Shop,delay,batch-04
rcaeval-23,none,claim-30,SECURITY (0.8) rules out secret issues,SECURITY (0.8) rules out secret issues,general,0.0,True,0.0,True,True,Sock Shop,delay,batch-04
rcaeval-23,raw,claim-1,Pod 'catalogue' is hosted on node 'node-worker-01',Pod 'catalogue' is hosted on node 'node-worker-01',entity_relationship,0.723,False,1.0,False,True,Sock Shop,delay,batch-04
rcaeval-23,raw,claim-2,Pod 'catalogue' has Failed status,Pod 'catalogue' has Failed status,state,0.507,False,1.0,False,True,Sock Shop,delay,batch-04
rcaeval-23,raw,claim-3,Pod 'catalogue' experienced severe latency overload with resource saturation,Pod 'catalogue' experienced severe latency overload with resource saturation,state,0.0,True,0.5,False,False,Sock Shop,delay,batch-04
rcaeval-23,raw,claim-4,Severe latency overload with resource saturation caused downstream front-end_latency-90 degradation,Severe latency overload with resource saturation caused downstream front-end_latency-90 degradation,causal,0.0,True,0.5,False,False,Sock Shop,delay,batch-04
rcaeval-23,raw,claim-5,front-end_latency-90 degraded from 0.85 to 1.13,front-end_latency-90 degraded from 0.85 to 1.13,state,0.353,True,0.5,False,False,Sock Shop,delay,batch-04
rcaeval-23,raw,claim-6,Impact is isolated to catalogue service and its downstream consumers,Impact is isolated to catalogue service and its downstream consumers,state,0.0,True,0.0,True,True,Sock Shop,delay,batch-04
rcaeval-23,raw,claim-7,No cluster-wide security regression is indicated,No cluster-wide security regression is indicated,state,0.0,True,0.0,True,True,Sock Shop,delay,batch-04
rcaeval-23,raw,claim-8,No cluster-wide deployment regression is indicated,No cluster-wide deployment regression is indicated,state,0.0,True,0.0,True,True,Sock Shop,delay,batch-04
rcaeval-23,raw,claim-9,Correlated root cause is self-contention / noisy-neighbor resource saturation on node-worker-01,Correlated root cause is self-contention / noisy-neighbor resource saturation on node-worker-01,causal,0.723,False,0.0,True,False,Sock Shop,delay,batch-04
rcaeval-23,raw,claim-10,Root cause is not a code deployment regression,Root cause is not a code deployment regression,causal,0.0,True,0.5,False,False,Sock Shop,delay,batch-04
rcaeval-23,raw,claim-11,Root cause is not a security breach,Root cause is not a security breach,causal,0.0,True,0.0,True,True,Sock Shop,delay,batch-04
rcaeval-23,raw,claim-12,"At timestamp 1705640134, catalogue_latency-90 spiked from 0.00467 to 1.198 (256x)","At timestamp 1705640134, catalogue_latency-90 spiked from 0.00467 to 1.198 (256x)",temporal,0.382,True,1.0,False,False,Sock Shop,delay,batch-04
rcaeval-23,raw,claim-13,"At timestamp 1705640134, catalogue_latency-50 spiked from 0.003039 to 0.5393 (177x)","At timestamp 1705640134, catalogue_latency-50 spiked from 0.003039 to 0.5393 (177x)",temporal,0.382,True,1.0,False,False,Sock Shop,delay,batch-04
rcaeval-23,raw,claim-14,"At timestamp 1705640134, catalogue_socket increased from 6 to 9.7","At timestamp 1705640134, catalogue_socket increased from 6 to 9.7",temporal,0.367,True,1.0,False,False,Sock Shop,delay,batch-04
rcaeval-23,raw,claim-15,"At timestamp 1705640134, catalogue_cpu increased from 0.1652 to 0.2092","At timestamp 1705640134, catalogue_cpu increased from 0.1652 to 0.2092",temporal,0.376,True,1.0,False,False,Sock Shop,delay,batch-04
rcaeval-23,raw,claim-16,"At timestamp 1705640134, catalogue-db_cpu increased from 0.2019 to 0.2416","At timestamp 1705640134, catalogue-db_cpu increased from 0.2019 to 0.2416",temporal,0.376,True,1.0,False,False,Sock Shop,delay,batch-04
rcaeval-23,raw,claim-17,TOPOLOGY with confidence 0.95 confirms catalogue is the sole noisy_neighbor on node-worker-01,TOPOLOGY with confidence 0.95 confirms catalogue is the sole noisy_neighbor on node-worker-01,entity_relationship,0.71,False,0.5,False,True,Sock Shop,delay,batch-04
rcaeval-23,raw,claim-18,Catalogue has no dependencies according to TOPOLOGY,Catalogue has no dependencies according to TOPOLOGY,entity_relationship,0.0,True,0.0,True,True,Sock Shop,delay,batch-04
rcaeval-23,raw,claim-19,Catalogue is saturating node resources or self-contending,Catalogue is saturating node resources or self-contending,causal,0.506,False,0.0,True,False,Sock Shop,delay,batch-04
rcaeval-23,raw,claim-20,MONITORING with confidence 0.75 corroborates potential_anomaly,MONITORING with confidence 0.75 corroborates potential_anomaly,state,0.0,True,0.0,True,True,Sock Shop,delay,batch-04
rcaeval-23,raw,claim-21,DEPLOYMENTS reports Degraded status,DEPLOYMENTS reports Degraded status,state,0.0,True,0.0,True,True,Sock Shop,delay,batch-04
rcaeval-23,raw,claim-22,DEPLOYMENTS has null Git SHA and null commit_msg,DEPLOYMENTS has null Git SHA and null commit_msg,state,0.0,True,0.5,False,False,Sock Shop,delay,batch-04
rcaeval-23,raw,claim-23,DEPLOYMENTS has low confidence 0.45,DEPLOYMENTS has low confidence 0.45,state,0.0,True,0.0,True,True,Sock Shop,delay,batch-04
rcaeval-23,raw,claim-24,No causal link between DEPLOYMENTS and a code regression can be established,No causal link between DEPLOYMENTS and a code regression can be established,causal,0.0,True,0.0,True,True,Sock Shop,delay,batch-04
rcaeval-23,raw,claim-25,SECURITY with confidence 0.8 rules out breaches,SECURITY with confidence 0.8 rules out breaches,state,0.0,True,0.5,False,False,Sock Shop,delay,batch-04
rcaeval-23,raw,claim-26,SECURITY rules out secret issues,SECURITY rules out secret issues,state,0.0,True,0.0,True,True,Sock Shop,delay,batch-04
rcaeval-23,raw,claim-27,SECURITY rules out RBAC issues,SECURITY rules out RBAC issues,state,0.0,True,0.0,True,True,Sock Shop,delay,batch-04
rcaeval-23,raw,claim-28,No direct catalogue error logs were present,No direct catalogue error logs were present,state,0.522,False,0.0,True,False,Sock Shop,delay,batch-04
rcaeval-23,raw,claim-29,Failure is consistent with a performance/overload failure rather than an application crash,Failure is consistent with a performance/overload failure rather than an application crash,general,0.0,True,0.0,True,True,Sock Shop,delay,batch-04
rcaeval-23,raw,claim-30,Failure is consistent with a performance/overload failure rather than a security event,Failure is consistent with a performance/overload failure rather than a security event,general,0.0,True,0.0,True,True,Sock Shop,delay,batch-04
rcaeval-23,hybrid,claim-1,Pod 'catalogue' is located on node 'node-worker-01',Pod 'catalogue' is located on node 'node-worker-01',entity_relationship,0.723,False,1.0,False,True,Sock Shop,delay,batch-04
rcaeval-23,hybrid,claim-2,Pod 'catalogue' has Failed,Pod 'catalogue' has Failed,state,0.0,True,1.0,False,False,Sock Shop,delay,batch-04
rcaeval-23,hybrid,claim-3,Pod 'catalogue' experienced catastrophic performance degradation,Pod 'catalogue' experienced catastrophic performance degradation,state,0.0,True,1.0,False,False,Sock Shop,delay,batch-04
rcaeval-23,hybrid,claim-4,"catalogue_latency-90 mean increased from 0.00467 to 1.198, a 256x increase","catalogue_latency-90 mean increased from 0.00467 to 1.198, a 256x increase",state,0.376,True,1.0,False,False,Sock Shop,delay,batch-04
rcaeval-23,hybrid,claim-5,"catalogue_latency-50 increased from 0.003039 to 0.5393, a 177x increase","catalogue_latency-50 increased from 0.003039 to 0.5393, a 177x increase",state,0.368,True,1.0,False,False,Sock Shop,delay,batch-04
rcaeval-23,hybrid,claim-6,catalogue_socket metric increased from 6 to 9.7,catalogue_socket metric increased from 6 to 9.7,state,0.367,True,1.0,False,False,Sock Shop,delay,batch-04
rcaeval-23,hybrid,claim-7,catalogue_cpu metric increased from 0.1652 to 0.2092,catalogue_cpu metric increased from 0.1652 to 0.2092,state,0.385,True,1.0,False,False,Sock Shop,delay,batch-04
rcaeval-23,hybrid,claim-8,front-end_latency-90 increased from 0.8515 to 1.13,front-end_latency-90 increased from 0.8515 to 1.13,state,0.372,True,1.0,False,False,Sock Shop,delay,batch-04
rcaeval-23,hybrid,claim-9,Catalogue's performance degradation caused the 256x p90 latency spike,Catalogue's performance degradation caused the 256x p90 latency spike,causal,0.0,True,0.5,False,False,Sock Shop,delay,batch-04
rcaeval-23,hybrid,claim-10,Catalogue's failure caused latency propagation to the front-end service,Catalogue's failure caused latency propagation to the front-end service,causal,0.0,True,1.0,False,False,Sock Shop,delay,batch-04
rcaeval-23,hybrid,claim-11,Catalogue is the source of resource contention on node-worker-01,Catalogue is the source of resource contention on node-worker-01,causal,0.539,False,0.5,False,True,Sock Shop,delay,batch-04
rcaeval-23,hybrid,claim-12,Catalogue is identified as a noisy neighbor on its node,Catalogue is identified as a noisy neighbor on its node,state,0.519,False,0.0,True,False,Sock Shop,delay,batch-04
rcaeval-23,hybrid,claim-13,TOPOLOGY lists catalogue as a self-listed noisy neighbor,TOPOLOGY lists catalogue as a self-listed noisy neighbor,entity_relationship,0.0,True,0.0,True,True,Sock Shop,delay,batch-04
rcaeval-23,hybrid,claim-14,Catalogue has no dependencies according to TOPOLOGY,Catalogue has no dependencies according to TOPOLOGY,entity_relationship,0.0,True,0.0,True,True,Sock Shop,delay,batch-04
rcaeval-23,hybrid,claim-15,"Catalogue is the source, not the victim, of contention on node-worker-01","Catalogue is the source, not the victim, of contention on node-worker-01",causal,0.523,False,0.0,True,False,Sock Shop,delay,batch-04
rcaeval-23,hybrid,claim-16,Root cause is an internal performance failure of the catalogue service,Root cause is an internal performance failure of the catalogue service,causal,0.524,False,1.0,False,True,Sock Shop,delay,batch-04
rcaeval-23,hybrid,claim-17,The internal performance failure started at timestamp 1705640134,The internal performance failure started at timestamp 1705640134,temporal,0.0,True,0.0,True,True,Sock Shop,delay,batch-04
rcaeval-23,hybrid,claim-18,The root cause is not a deployment regression,The root cause is not a deployment regression,general,0.0,True,0.5,False,False,Sock Shop,delay,batch-04
rcaeval-23,hybrid,claim-19,The root cause is not a security incident,The root cause is not a security incident,general,0.0,True,0.5,False,False,Sock Shop,delay,batch-04
rcaeval-23,hybrid,claim-20,No catalogue container logs were present,No catalogue container logs were present,state,0.517,False,0.0,True,False,Sock Shop,delay,batch-04
rcaeval-23,hybrid,claim-21,The metric signature is definitive for service-level failure,The metric signature is definitive for service-level failure,general,0.0,True,0.0,True,True,Sock Shop,delay,batch-04
rcaeval-23,hybrid,claim-22,Thread-pool saturation is a likely underlying cause of the service-level failure,Thread-pool saturation is a likely underlying cause of the service-level failure,general,0.0,True,0.0,True,True,Sock Shop,delay,batch-04
rcaeval-23,hybrid,claim-23,Socket exhaustion is a likely underlying cause of the service-level failure,Socket exhaustion is a likely underlying cause of the service-level failure,general,0.0,True,0.0,True,True,Sock Shop,delay,batch-04
rcaeval-23,hybrid,claim-24,Downstream DB/cache bottleneck is a likely underlying cause of the service-level failure,Downstream DB/cache bottleneck is a likely underlying cause of the service-level failure,general,0.0,True,0.0,True,True,Sock Shop,delay,batch-04
rcaeval-24,none,claim-1,ts-order-service pod has Failed,ts-order-service pod has Failed,state,0.705,False,1.0,False,True,Train Ticket,delay,batch-04
rcaeval-24,none,claim-2,System-wide performance degradation started at 1705952245,System-wide performance degradation started at 1705952245,temporal,0.0,True,1.0,False,False,Train Ticket,delay,batch-04
rcaeval-24,none,claim-3,p50 latency increased ~43x from 0.008761s to 0.3773s at 1705952245,p50 latency increased ~43x from 0.008761s to 0.3773s at 1705952245,state,0.0,True,1.0,False,False,Train Ticket,delay,batch-04
rcaeval-24,none,claim-4,p90 latency increased ~25x from 0.07715s to 1.929s at 1705952245,p90 latency increased ~25x from 0.07715s to 1.929s at 1705952245,state,0.0,True,1.0,False,False,Train Ticket,delay,batch-04
rcaeval-24,none,claim-5,Latency spikes were correlated across 6+ services,Latency spikes were correlated across 6+ services,state,0.0,True,0.5,False,False,Train Ticket,delay,batch-04
rcaeval-24,none,claim-6,ts-security-service experienced correlated latency degradation,ts-security-service experienced correlated latency degradation,entity_relationship,0.358,True,0.5,False,False,Train Ticket,delay,batch-04
rcaeval-24,none,claim-7,ts-preserve-service experienced correlated latency degradation,ts-preserve-service experienced correlated latency degradation,entity_relationship,0.344,True,0.0,True,True,Train Ticket,delay,batch-04
rcaeval-24,none,claim-8,ts-inside-payment-service experienced correlated latency degradation,ts-inside-payment-service experienced correlated latency degradation,entity_relationship,0.361,True,0.5,False,False,Train Ticket,delay,batch-04
rcaeval-24,none,claim-9,ts-seat-service experienced correlated latency degradation,ts-seat-service experienced correlated latency degradation,entity_relationship,0.35,True,0.0,True,True,Train Ticket,delay,batch-04
rcaeval-24,none,claim-10,ts-travel-service experienced correlated latency degradation,ts-travel-service experienced correlated latency degradation,entity_relationship,0.349,True,0.0,True,True,Train Ticket,delay,batch-04
rcaeval-24,none,claim-11,ts-ui-dashboard experienced correlated latency degradation,ts-ui-dashboard experienced correlated latency degradation,entity_relationship,0.373,True,0.0,True,True,Train Ticket,delay,batch-04
rcaeval-24,none,claim-12,Error rates increased in ts-consign-service,Error rates increased in ts-consign-service,state,0.345,True,0.0,True,True,Train Ticket,delay,batch-04
rcaeval-24,none,claim-13,Error rates increased in ts-ui-dashboard,Error rates increased in ts-ui-dashboard,state,0.358,True,0.0,True,True,Train Ticket,delay,batch-04
rcaeval-24,none,claim-14,CPU usage increased in ts-contacts-service,CPU usage increased in ts-contacts-service,state,0.379,True,0.0,True,True,Train Ticket,delay,batch-04
rcaeval-24,none,claim-15,High CPU anomaly was detected on ts-order-service with monitoring confidence 0.88,High CPU anomaly was detected on ts-order-service with monitoring confidence 0.88,state,0.708,False,0.0,True,False,Train Ticket,delay,batch-04
rcaeval-24,none,claim-16,"High CPU anomaly on ts-order-service is a symptom of saturation under system-wide load/backpressure, not the primary cause","High CPU anomaly on ts-order-service is a symptom of saturation under system-wide load/backpressure, not the primary cause",causal,0.708,False,0.0,True,False,Train Ticket,delay,batch-04
rcaeval-24,none,claim-17,Systemic latency degradation caused CPU saturation,Systemic latency degradation caused CPU saturation,causal,0.0,True,0.0,True,True,Train Ticket,delay,batch-04
rcaeval-24,none,claim-18,CPU saturation caused failure of ts-order-service pod,CPU saturation caused failure of ts-order-service pod,causal,0.547,False,0.0,True,False,Train Ticket,delay,batch-04
rcaeval-24,none,claim-19,Topology with confidence 0.99 confirms ts-order-service is the sole pod on node-worker-01,Topology with confidence 0.99 confirms ts-order-service is the sole pod on node-worker-01,entity_relationship,0.705,False,0.0,True,False,Train Ticket,delay,batch-04
rcaeval-24,none,claim-20,There are no co-located noisy neighbors on node-worker-01,There are no co-located noisy neighbors on node-worker-01,state,0.71,False,0.0,True,False,Train Ticket,delay,batch-04
rcaeval-24,none,claim-21,Node-level resource contention is ruled out as a cause,Node-level resource contention is ruled out as a cause,causal,0.0,True,0.0,True,True,Train Ticket,delay,batch-04
rcaeval-24,none,claim-22,Deployments agent reports ts-order-service-deploy as Degraded,Deployments agent reports ts-order-service-deploy as Degraded,state,0.7,False,1.0,False,True,Train Ticket,delay,batch-04
rcaeval-24,none,claim-23,ts-order-service-deploy has null sha/commit_msg with confidence 0.0,ts-order-service-deploy has null sha/commit_msg with confidence 0.0,state,0.69,False,0.5,False,True,Train Ticket,delay,batch-04
rcaeval-24,none,claim-24,No deployment regression can be correlated to the incident,No deployment regression can be correlated to the incident,general,0.0,True,0.0,True,True,Train Ticket,delay,batch-04
rcaeval-24,none,claim-25,Security agent with confidence 0.8 rules out breach/RBAC/secret issues,Security agent with confidence 0.8 rules out breach/RBAC/secret issues,general,0.0,True,0.5,False,False,Train Ticket,delay,batch-04
rcaeval-24,none,claim-26,Logs agent found no direct ts-order-service error logs in the window,Logs agent found no direct ts-order-service error logs in the window,state,0.705,False,0.5,False,True,Train Ticket,delay,batch-04
rcaeval-24,none,claim-27,Root cause is not an isolated ts-order-service code defect,Root cause is not an isolated ts-order-service code defect,general,0.705,False,0.0,True,False,Train Ticket,delay,batch-04
rcaeval-24,none,claim-28,Root cause is not a noisy neighbor,Root cause is not a noisy neighbor,general,0.0,True,0.0,True,True,Train Ticket,delay,batch-04
rcaeval-24,none,claim-29,Root cause is not a security breach,Root cause is not a security breach,general,0.0,True,0.5,False,False,Train Ticket,delay,batch-04
rcaeval-24,none,claim-30,Root cause is systemic performance degradation / latency storm,Root cause is systemic performance degradation / latency storm,causal,0.0,True,0.0,True,True,Train Ticket,delay,batch-04
rcaeval-24,none,claim-31,Incident is a cascading systemic incident rather than an isolated pod failure,Incident is a cascading systemic incident rather than an isolated pod failure,general,0.0,True,0.0,True,True,Train Ticket,delay,batch-04
rcaeval-24,none,claim-32,Pod failure is a victim of downstream/upstream shared dependency exhaustion or infrastructure bottleneck,Pod failure is a victim of downstream/upstream shared dependency exhaustion or infrastructure bottleneck,causal,0.0,True,0.0,True,True,Train Ticket,delay,batch-04
rcaeval-24,none,claim-33,Shared dependency exhaustion or infrastructure bottleneck caused cascading latency and CPU saturation,Shared dependency exhaustion or infrastructure bottleneck caused cascading latency and CPU saturation,causal,0.0,True,0.0,True,True,Train Ticket,delay,batch-04
rcaeval-24,raw,claim-1,Pod 'ts-order-service' is in 'Failed' status,Pod 'ts-order-service' is in 'Failed' status,state,0.705,False,1.0,False,True,Train Ticket,delay,batch-04
rcaeval-24,raw,claim-2,Sharp system-wide latency degradation occurred after timestamp 1705952245,Sharp system-wide latency degradation occurred after timestamp 1705952245,temporal,0.0,True,0.0,True,True,Train Ticket,delay,batch-04
rcaeval-24,raw,claim-3,p50 latency increased by ~43x,p50 latency increased by ~43x,state,0.0,True,1.0,False,False,Train Ticket,delay,batch-04
rcaeval-24,raw,claim-4,p90 latency increased by ~25x,p90 latency increased by ~25x,state,0.0,True,1.0,False,False,Train Ticket,delay,batch-04
rcaeval-24,raw,claim-5,Latency degradation affects multiple services,Latency degradation affects multiple services,state,0.0,True,0.5,False,False,Train Ticket,delay,batch-04
rcaeval-24,raw,claim-6,No pod-specific error logs were detected for ts-order-service,No pod-specific error logs were detected for ts-order-service,state,0.705,False,1.0,False,True,Train Ticket,delay,batch-04
rcaeval-24,raw,claim-7,No node contention was detected,No node contention was detected,state,0.0,True,0.0,True,True,Train Ticket,delay,batch-04
rcaeval-24,raw,claim-8,No security breach was detected,No security breach was detected,state,0.0,True,0.0,True,True,Train Ticket,delay,batch-04
rcaeval-24,raw,claim-9,No confirmed deployment regression was detected,No confirmed deployment regression was detected,state,0.0,True,0.5,False,False,Train Ticket,delay,batch-04
rcaeval-24,raw,claim-10,Correlation shows no high-confidence isolated root cause for ts-order-service,Correlation shows no high-confidence isolated root cause for ts-order-service,state,0.705,False,0.0,True,False,Train Ticket,delay,batch-04
rcaeval-24,raw,claim-11,Pod failure is likely a symptom of a broader performance issue rather than an isolated pod fault,Pod failure is likely a symptom of a broader performance issue rather than an isolated pod fault,causal,0.0,True,0.5,False,False,Train Ticket,delay,batch-04
rcaeval-24,raw,claim-12,TOPOLOGY with confidence 0.95 rules out noisy-neighbor contention,TOPOLOGY with confidence 0.95 rules out noisy-neighbor contention,state,0.0,True,0.5,False,False,Train Ticket,delay,batch-04
rcaeval-24,raw,claim-13,Pod 'ts-order-service' is isolated on node 'node-worker-01',Pod 'ts-order-service' is isolated on node 'node-worker-01',entity_relationship,0.705,False,1.0,False,True,Train Ticket,delay,batch-04
rcaeval-24,raw,claim-14,Node 'node-worker-01' has no other pods besides 'ts-order-service',Node 'node-worker-01' has no other pods besides 'ts-order-service',entity_relationship,0.71,False,1.0,False,True,Train Ticket,delay,batch-04
rcaeval-24,raw,claim-15,Pod 'ts-order-service' has empty dependencies,Pod 'ts-order-service' has empty dependencies,entity_relationship,0.705,False,1.0,False,True,Train Ticket,delay,batch-04
rcaeval-24,raw,claim-16,"SECURITY with confidence 0.80 rules out breaches, RBAC and secret issues","SECURITY with confidence 0.80 rules out breaches, RBAC and secret issues",state,0.0,True,0.5,False,False,Train Ticket,delay,batch-04
rcaeval-24,raw,claim-17,LOGS with confidence 0.88 found zero log entries for 'ts-order-service' in the analyzed window,LOGS with confidence 0.88 found zero log entries for 'ts-order-service' in the analyzed window,state,0.705,False,0.0,True,False,Train Ticket,delay,batch-04
rcaeval-24,raw,claim-18,No explicit exception or failure pattern was found in logs for ts-order-service,No explicit exception or failure pattern was found in logs for ts-order-service,state,0.705,False,0.5,False,True,Train Ticket,delay,batch-04
rcaeval-24,raw,claim-19,p50 latency increased from 0.008761 to 0.3773 after 1705952245,p50 latency increased from 0.008761 to 0.3773 after 1705952245,temporal,0.0,True,1.0,False,False,Train Ticket,delay,batch-04
rcaeval-24,raw,claim-20,p90 latency increased from 0.07715 to 1.929 after 1705952245,p90 latency increased from 0.07715 to 1.929 after 1705952245,temporal,0.0,True,1.0,False,False,Train Ticket,delay,batch-04
rcaeval-24,raw,claim-21,"Latency jump is consistent across multiple services, indicating systemic performance degradation","Latency jump is consistent across multiple services, indicating systemic performance degradation",state,0.0,True,0.5,False,False,Train Ticket,delay,batch-04
rcaeval-24,raw,claim-22,MONITORING with confidence 0.65 observed a single CPU counter sample of 95.0s which is elevated,MONITORING with confidence 0.65 observed a single CPU counter sample of 95.0s which is elevated,state,0.0,True,0.0,True,True,Train Ticket,delay,batch-04
rcaeval-24,raw,claim-23,A single CPU counter sample is insufficient alone to confirm saturation,A single CPU counter sample is insufficient alone to confirm saturation,general,0.0,True,0.0,True,True,Train Ticket,delay,batch-04
rcaeval-24,raw,claim-24,CPU saturation requires rate() calculation to confirm,CPU saturation requires rate() calculation to confirm,general,0.0,True,0.0,True,True,Train Ticket,delay,batch-04
rcaeval-24,raw,claim-25,Single CPU counter sample cannot be used as root cause,Single CPU counter sample cannot be used as root cause,causal,0.0,True,0.0,True,True,Train Ticket,delay,batch-04
rcaeval-24,raw,claim-26,DEPLOYMENTS with confidence 0.35 shows 'Degraded' status,DEPLOYMENTS with confidence 0.35 shows 'Degraded' status,state,0.0,True,0.5,False,False,Train Ticket,delay,batch-04
rcaeval-24,raw,claim-27,DEPLOYMENTS has null Git SHA,DEPLOYMENTS has null Git SHA,state,0.0,True,0.0,True,True,Train Ticket,delay,batch-04
rcaeval-24,raw,claim-28,DEPLOYMENTS has null commit_msg,DEPLOYMENTS has null commit_msg,state,0.0,True,0.0,True,True,Train Ticket,delay,batch-04
rcaeval-24,raw,claim-29,Deployment regression cannot be confirmed or ruled out due to missing commit data,Deployment regression cannot be confirmed or ruled out due to missing commit data,general,0.0,True,0.5,False,False,Train Ticket,delay,batch-04
rcaeval-24,raw,claim-30,The failure lacks pod-local evidence,The failure lacks pod-local evidence,state,0.0,True,0.0,True,True,Train Ticket,delay,batch-04
rcaeval-24,raw,claim-31,System-wide latency increase likely causes timeouts and health-check failures leading to pod failure,System-wide latency increase likely causes timeouts and health-check failures leading to pod failure,causal,0.0,True,0.5,False,False,Train Ticket,delay,batch-04
rcaeval-24,hybrid,claim-1,ts-order-service pod is in Failed status,ts-order-service pod is in Failed status,state,0.705,False,1.0,False,True,Train Ticket,delay,batch-04
rcaeval-24,hybrid,claim-2,ts-order-service experienced severe internal performance degradation after 1705952245,ts-order-service experienced severe internal performance degradation after 1705952245,temporal,0.705,False,0.0,True,False,Train Ticket,delay,batch-04
rcaeval-24,hybrid,claim-3,p50 latency increased ~43x from 0.008s to 0.377s,p50 latency increased ~43x from 0.008s to 0.377s,state,0.0,True,1.0,False,False,Train Ticket,delay,batch-04
rcaeval-24,hybrid,claim-4,p90 latency increased ~25x from 0.077s to 1.929s,p90 latency increased ~25x from 0.077s to 1.929s,state,0.0,True,1.0,False,False,Train Ticket,delay,batch-04
rcaeval-24,hybrid,claim-5,Severe internal performance degradation caused service failure of ts-order-service,Severe internal performance degradation caused service failure of ts-order-service,causal,0.705,False,0.0,True,False,Train Ticket,delay,batch-04
rcaeval-24,hybrid,claim-6,Impact is isolated to ts-order-service,Impact is isolated to ts-order-service,state,0.705,False,0.5,False,True,Train Ticket,delay,batch-04
rcaeval-24,hybrid,claim-7,There is no evidence of cluster-wide contention,There is no evidence of cluster-wide contention,state,0.0,True,0.0,True,True,Train Ticket,delay,batch-04
rcaeval-24,hybrid,claim-8,There is no evidence of security compromise,There is no evidence of security compromise,state,0.0,True,0.0,True,True,Train Ticket,delay,batch-04
rcaeval-24,hybrid,claim-9,Internal CPU saturation anomaly is the primary driver of the latency failure,Internal CPU saturation anomaly is the primary driver of the latency failure,causal,0.0,True,0.5,False,False,Train Ticket,delay,batch-04
rcaeval-24,hybrid,claim-10,MONITORING telemetry indicates CPU saturation anomaly with confidence 0.92,MONITORING telemetry indicates CPU saturation anomaly with confidence 0.92,general,0.0,True,0.5,False,False,Train Ticket,delay,batch-04
rcaeval-24,hybrid,claim-11,LOGS with confidence 0.85 confirms severe performance degradation after 1705952245,LOGS with confidence 0.85 confirms severe performance degradation after 1705952245,temporal,0.0,True,0.5,False,False,Train Ticket,delay,batch-04
rcaeval-24,hybrid,claim-12,No explicit error logs were observed after 1705952245,No explicit error logs were observed after 1705952245,state,0.0,True,0.0,True,True,Train Ticket,delay,batch-04
rcaeval-24,hybrid,claim-13,No explicit error metrics were observed,No explicit error metrics were observed,state,0.0,True,0.0,True,True,Train Ticket,delay,batch-04
rcaeval-24,hybrid,claim-14,Performance degradation is consistent with CPU-bound throttling/hang rather than crash-loop error,Performance degradation is consistent with CPU-bound throttling/hang rather than crash-loop error,general,0.0,True,0.0,True,True,Train Ticket,delay,batch-04
rcaeval-24,hybrid,claim-15,TOPOLOGY with confidence 0.95 rules out noisy-neighbor contention,TOPOLOGY with confidence 0.95 rules out noisy-neighbor contention,general,0.0,True,0.0,True,True,Train Ticket,delay,batch-04
rcaeval-24,hybrid,claim-16,TOPOLOGY rules out dependency failure,TOPOLOGY rules out dependency failure,general,0.0,True,0.0,True,True,Train Ticket,delay,batch-04
rcaeval-24,hybrid,claim-17,ts-order-service pod is isolated on node-worker-01,ts-order-service pod is isolated on node-worker-01,entity_relationship,0.705,False,1.0,False,True,Train Ticket,delay,batch-04
rcaeval-24,hybrid,claim-18,noisy_neighbors list for the pod contains only itself,noisy_neighbors list for the pod contains only itself,entity_relationship,0.0,True,0.0,True,True,Train Ticket,delay,batch-04
rcaeval-24,hybrid,claim-19,SECURITY with confidence 0.80 rules out breaches,SECURITY with confidence 0.80 rules out breaches,general,0.0,True,0.0,True,True,Train Ticket,delay,batch-04
rcaeval-24,hybrid,claim-20,SECURITY rules out secret or RBAC issues,SECURITY rules out secret or RBAC issues,general,0.0,True,0.5,False,False,Train Ticket,delay,batch-04
rcaeval-24,hybrid,claim-21,DEPLOYMENTS reports Degraded deployment status with confidence 0.20,DEPLOYMENTS reports Degraded deployment status with confidence 0.20,state,0.0,True,1.0,False,False,Train Ticket,delay,batch-04
rcaeval-24,hybrid,claim-22,DEPLOYMENTS finding is discounted due to very low confidence,DEPLOYMENTS finding is discounted due to very low confidence,general,0.0,True,0.0,True,True,Train Ticket,delay,batch-04
rcaeval-24,hybrid,claim-23,Git correlation is missing with sha null and commit_msg null,Git correlation is missing with sha null and commit_msg null,state,0.0,True,0.0,True,True,Train Ticket,delay,batch-04
rcaeval-24,hybrid,claim-24,No deployment regression can be confirmed,No deployment regression can be confirmed,general,0.0,True,1.0,False,False,Train Ticket,delay,batch-04
rcaeval-24,hybrid,claim-25,"Systemic latency spikes were noted in ts-security-service, ts-preserve-service, etc","Systemic latency spikes were noted in ts-security-service, ts-preserve-service, etc",state,0.356,True,1.0,False,False,Train Ticket,delay,batch-04
rcaeval-24,hybrid,claim-26,Systemic latency spikes do not explain the isolated CPU anomaly on ts-order-service pod,Systemic latency spikes do not explain the isolated CPU anomaly on ts-order-service pod,causal,0.556,False,0.0,True,False,Train Ticket,delay,batch-04
rcaeval-25,none,claim-1,Pod 'currencyservice' is in 'Failed' status,Pod 'currencyservice' is in 'Failed' status,state,0.713,False,1.0,False,True,Online Boutique,disk,batch-05
rcaeval-25,none,claim-2,Deployment 'currencyservice-deploy' is in 'Degraded' status,Deployment 'currencyservice-deploy' is in 'Degraded' status,state,0.705,False,1.0,False,True,Online Boutique,disk,batch-05
rcaeval-25,none,claim-3,Pod 'currencyservice' is associated with deployment 'currencyservice-deploy',Pod 'currencyservice' is associated with deployment 'currencyservice-deploy',entity_relationship,0.713,False,0.0,True,False,Online Boutique,disk,batch-05
rcaeval-25,none,claim-4,Failure of pod 'currencyservice' causes potential service impact for currency conversion,Failure of pod 'currencyservice' causes potential service impact for currency conversion,causal,0.71,False,1.0,False,True,Online Boutique,disk,batch-05
rcaeval-25,none,claim-5,No definitive application error was evidenced,No definitive application error was evidenced,state,0.0,True,0.0,True,True,Online Boutique,disk,batch-05
rcaeval-25,none,claim-6,No definitive resource contention was evidenced,No definitive resource contention was evidenced,state,0.0,True,0.0,True,True,Online Boutique,disk,batch-05
rcaeval-25,none,claim-7,No definitive security breach was evidenced,No definitive security breach was evidenced,state,0.0,True,0.0,True,True,Online Boutique,disk,batch-05
rcaeval-25,none,claim-8,Root cause is indeterminate due to insufficient historical metrics,Root cause is indeterminate due to insufficient historical metrics,causal,0.0,True,0.0,True,True,Online Boutique,disk,batch-05
rcaeval-25,none,claim-9,Root cause is indeterminate due to missing deployment metadata,Root cause is indeterminate due to missing deployment metadata,causal,0.0,True,0.0,True,True,Online Boutique,disk,batch-05
rcaeval-25,none,claim-10,LOGS Agent with confidence 0.95 confirms application logs show only normal operations,LOGS Agent with confidence 0.95 confirms application logs show only normal operations,state,0.0,True,0.0,True,True,Online Boutique,disk,batch-05
rcaeval-25,none,claim-11,Application logs contain message 'Getting supported currencies...',Application logs contain message 'Getting supported currencies...',state,0.388,True,1.0,False,False,Online Boutique,disk,batch-05
rcaeval-25,none,claim-12,Application logs contain message 'conversion request successful',Application logs contain message 'conversion request successful',state,0.347,True,0.0,True,True,Online Boutique,disk,batch-05
rcaeval-25,none,claim-13,Application logs show no errors or exceptions,Application logs show no errors or exceptions,state,0.0,True,0.0,True,True,Online Boutique,disk,batch-05
rcaeval-25,none,claim-14,Absence of errors in logs rules out in-app crash as cause of failure,Absence of errors in logs rules out in-app crash as cause of failure,causal,0.0,True,0.0,True,True,Online Boutique,disk,batch-05
rcaeval-25,none,claim-15,Pod 'currencyservice' is isolated on node 'node-worker-01',Pod 'currencyservice' is isolated on node 'node-worker-01',entity_relationship,0.713,False,1.0,False,True,Online Boutique,disk,batch-05
rcaeval-25,none,claim-16,TOPOLOGY Agent with confidence 0.95 confirms isolation on node-worker-01,TOPOLOGY Agent with confidence 0.95 confirms isolation on node-worker-01,state,0.72,False,0.0,True,False,Online Boutique,disk,batch-05
rcaeval-25,none,claim-17,Topology list for node-worker-01 contains only pod 'currencyservice' itself with no external noisy neighbors,Topology list for node-worker-01 contains only pod 'currencyservice' itself with no external noisy neighbors,state,0.72,False,0.0,True,False,Online Boutique,disk,batch-05
rcaeval-25,none,claim-18,Isolated topology rules out resource contention from dependencies as cause,Isolated topology rules out resource contention from dependencies as cause,causal,0.0,True,0.0,True,True,Online Boutique,disk,batch-05
rcaeval-25,none,claim-19,"SECURITY Agent with confidence 0.8 rules out breach, RBAC, and secret issues","SECURITY Agent with confidence 0.8 rules out breach, RBAC, and secret issues",state,0.0,True,1.0,False,False,Online Boutique,disk,batch-05
rcaeval-25,none,claim-20,MONITORING Agent with confidence 0.5 is inconclusive,MONITORING Agent with confidence 0.5 is inconclusive,state,0.0,True,0.5,False,False,Online Boutique,disk,batch-05
rcaeval-25,none,claim-21,Metric container_cpu_usage_seconds_total has a single cumulative value of 95.0,Metric container_cpu_usage_seconds_total has a single cumulative value of 95.0,state,0.356,True,0.0,True,True,Online Boutique,disk,batch-05
rcaeval-25,none,claim-22,Single cumulative value of 95.0 cannot be converted to a rate without historical baseline,Single cumulative value of 95.0 cannot be converted to a rate without historical baseline,causal,0.0,True,0.0,True,True,Online Boutique,disk,batch-05
rcaeval-25,none,claim-23,CPU throttling or OOM cannot be confirmed or excluded,CPU throttling or OOM cannot be confirmed or excluded,state,0.0,True,0.0,True,True,Online Boutique,disk,batch-05
rcaeval-25,none,claim-24,DEPLOYMENTS Agent with confidence 0.65 notes deployment has null SHA,DEPLOYMENTS Agent with confidence 0.65 notes deployment has null SHA,state,0.0,True,0.0,True,True,Online Boutique,disk,batch-05
rcaeval-25,none,claim-25,Deployment 'currencyservice-deploy' has null commit_msg,Deployment 'currencyservice-deploy' has null commit_msg,state,0.703,False,1.0,False,True,Online Boutique,disk,batch-05
rcaeval-25,none,claim-26,Failure cannot be correlated to a recent code regression due to null SHA and null commit_msg,Failure cannot be correlated to a recent code regression due to null SHA and null commit_msg,causal,0.0,True,0.5,False,False,Online Boutique,disk,batch-05
rcaeval-25,none,claim-27,Manual rollout investigation is required for the deployment,Manual rollout investigation is required for the deployment,general,0.0,True,0.0,True,True,Online Boutique,disk,batch-05
rcaeval-25,none,claim-28,Healthy application logs occurred immediately before Failed status,Healthy application logs occurred immediately before Failed status,temporal,0.539,False,0.0,True,False,Online Boutique,disk,batch-05
rcaeval-25,none,claim-29,"Pattern of healthy logs and isolated topology suggests infrastructure-level termination including eviction, OOMKilled, liveness/readiness probe failure, or node kubelet issue","Pattern of healthy logs and isolated topology suggests infrastructure-level termination including eviction, OOMKilled, liveness/readiness probe failure, or node kubelet issue",causal,0.0,True,0.0,True,True,Online Boutique,disk,batch-05
rcaeval-25,none,claim-30,Pattern suggests incomplete or failed rollout rather than application logic or noisy-neighbor contention,Pattern suggests incomplete or failed rollout rather than application logic or noisy-neighbor contention,causal,0.0,True,0.0,True,True,Online Boutique,disk,batch-05
rcaeval-25,none,claim-31,Evidence is insufficient to confirm infrastructure-level termination or failed rollout hypothesis,Evidence is insufficient to confirm infrastructure-level termination or failed rollout hypothesis,state,0.0,True,0.0,True,True,Online Boutique,disk,batch-05
rcaeval-25,raw,claim-1,currencyservice pod is in Failed state,currencyservice pod is in Failed state,state,0.713,False,1.0,False,True,Online Boutique,disk,batch-05
rcaeval-25,raw,claim-2,currencyservice experienced internal performance degradation,currencyservice experienced internal performance degradation,state,0.71,False,0.5,False,True,Online Boutique,disk,batch-05
rcaeval-25,raw,claim-3,currencyservice experienced resource exhaustion,currencyservice experienced resource exhaustion,state,0.71,False,1.0,False,True,Online Boutique,disk,batch-05
rcaeval-25,raw,claim-4,Metrics show severe degradation after timestamp 1705386669,Metrics show severe degradation after timestamp 1705386669,temporal,0.0,True,0.0,True,True,Online Boutique,disk,batch-05
rcaeval-25,raw,claim-5,p50 latency increased from 0.0572 to 0.2841 (~5x) after 1705386669,p50 latency increased from 0.0572 to 0.2841 (~5x) after 1705386669,state,0.337,True,0.5,False,False,Online Boutique,disk,batch-05
rcaeval-25,raw,claim-6,p90 latency increased from 0.09449 to 0.754 (~8x) after 1705386669,p90 latency increased from 0.09449 to 0.754 (~8x) after 1705386669,state,0.0,True,1.0,False,False,Online Boutique,disk,batch-05
rcaeval-25,raw,claim-7,Memory usage increased from 4.12e+07 to 1.305e+08 (~3.2x) after 1705386669,Memory usage increased from 4.12e+07 to 1.305e+08 (~3.2x) after 1705386669,state,0.0,True,0.5,False,False,Online Boutique,disk,batch-05
rcaeval-25,raw,claim-8,Socket count increased from 3 to 6.112 (~2x) after 1705386669,Socket count increased from 3 to 6.112 (~2x) after 1705386669,state,0.0,True,0.5,False,False,Online Boutique,disk,batch-05
rcaeval-25,raw,claim-9,Degradation in currencyservice caused downstream latency increase in checkoutservice,Degradation in currencyservice caused downstream latency increase in checkoutservice,causal,0.565,False,0.0,True,False,Online Boutique,disk,batch-05
rcaeval-25,raw,claim-10,Degradation in currencyservice caused downstream latency increase in frontend,Degradation in currencyservice caused downstream latency increase in frontend,causal,0.708,False,0.5,False,True,Online Boutique,disk,batch-05
rcaeval-25,raw,claim-11,Failure is isolated to the currencyservice pod itself,Failure is isolated to the currencyservice pod itself,state,0.713,False,1.0,False,True,Online Boutique,disk,batch-05
rcaeval-25,raw,claim-12,Failure was not caused by noisy neighbors,Failure was not caused by noisy neighbors,causal,0.0,True,0.0,True,True,Online Boutique,disk,batch-05
rcaeval-25,raw,claim-13,Failure was not caused by security breach,Failure was not caused by security breach,causal,0.0,True,0.0,True,True,Online Boutique,disk,batch-05
rcaeval-25,raw,claim-14,Failure was not caused by verifiable deployment regression,Failure was not caused by verifiable deployment regression,causal,0.0,True,0.0,True,True,Online Boutique,disk,batch-05
rcaeval-25,raw,claim-15,LOGS Agent with confidence 0.96 found no errors in currencyservice logs,LOGS Agent with confidence 0.96 found no errors in currencyservice logs,state,0.71,False,0.0,True,False,Online Boutique,disk,batch-05
rcaeval-25,raw,claim-16,LOGS Agent found no exceptions in currencyservice logs,LOGS Agent found no exceptions in currencyservice logs,state,0.708,False,0.0,True,False,Online Boutique,disk,batch-05
rcaeval-25,raw,claim-17,LOGS Agent found no timeouts in currencyservice logs,LOGS Agent found no timeouts in currencyservice logs,state,0.592,False,0.0,True,False,Online Boutique,disk,batch-05
rcaeval-25,raw,claim-18,LOGS Agent found no crash indicators in currencyservice logs,LOGS Agent found no crash indicators in currencyservice logs,state,0.708,False,0.0,True,False,Online Boutique,disk,batch-05
rcaeval-25,raw,claim-19,LOGS Agent observed clear metric inflection after 1705386669,LOGS Agent observed clear metric inflection after 1705386669,temporal,0.0,True,0.5,False,False,Online Boutique,disk,batch-05
rcaeval-25,raw,claim-20,TOPOLOGY Agent with confidence 0.99 confirms isolation on node-worker-01,TOPOLOGY Agent with confidence 0.99 confirms isolation on node-worker-01,entity_relationship,0.72,False,0.0,True,False,Online Boutique,disk,batch-05
rcaeval-25,raw,claim-21,Neighbors list contains only currencyservice itself,Neighbors list contains only currencyservice itself,entity_relationship,0.713,False,0.0,True,False,Online Boutique,disk,batch-05
rcaeval-25,raw,claim-22,Dependencies list is empty,Dependencies list is empty,entity_relationship,0.0,True,0.0,True,True,Online Boutique,disk,batch-05
rcaeval-25,raw,claim-23,No external noisy neighbors exist on node-worker-01,No external noisy neighbors exist on node-worker-01,state,0.72,False,0.5,False,True,Online Boutique,disk,batch-05
rcaeval-25,raw,claim-24,Node contention is ruled out as cause of failure,Node contention is ruled out as cause of failure,causal,0.0,True,0.0,True,True,Online Boutique,disk,batch-05
rcaeval-25,raw,claim-25,SECURITY Agent with confidence 0.8 rules out breaches,SECURITY Agent with confidence 0.8 rules out breaches,state,0.0,True,0.5,False,False,Online Boutique,disk,batch-05
rcaeval-25,raw,claim-26,SECURITY Agent rules out secret issues,SECURITY Agent rules out secret issues,state,0.0,True,0.0,True,True,Online Boutique,disk,batch-05
rcaeval-25,raw,claim-27,SECURITY Agent rules out RBAC issues,SECURITY Agent rules out RBAC issues,state,0.0,True,0.5,False,False,Online Boutique,disk,batch-05
rcaeval-25,raw,claim-28,MONITORING Agent is inconclusive with confidence 0.35,MONITORING Agent is inconclusive with confidence 0.35,state,0.0,True,0.5,False,False,Online Boutique,disk,batch-05
rcaeval-25,raw,claim-29,MONITORING Agent has only a single cumulative counter value for container_cpu_usage_seconds_total,MONITORING Agent has only a single cumulative counter value for container_cpu_usage_seconds_total,state,0.0,True,0.0,True,True,Online Boutique,disk,batch-05
rcaeval-25,raw,claim-30,container_cpu_usage_seconds_total requires rate() over time window to assess CPU anomaly,container_cpu_usage_seconds_total requires rate() over time window to assess CPU anomaly,general,0.359,True,0.5,False,False,Online Boutique,disk,batch-05
rcaeval-25,raw,claim-31,CPU anomaly cannot be confirmed or denied due to insufficient data,CPU anomaly cannot be confirmed or denied due to insufficient data,state,0.0,True,0.0,True,True,Online Boutique,disk,batch-05
rcaeval-25,raw,claim-32,DEPLOYMENTS Agent with confidence 0.35 reports Degraded status,DEPLOYMENTS Agent with confidence 0.35 reports Degraded status,state,0.0,True,1.0,False,False,Online Boutique,disk,batch-05
rcaeval-25,raw,claim-33,sha is null,sha is null,state,0.0,True,0.0,True,True,Online Boutique,disk,batch-05
rcaeval-25,raw,claim-34,commit_msg is null,commit_msg is null,state,0.0,True,0.0,True,True,Online Boutique,disk,batch-05
rcaeval-25,raw,claim-35,No git correlation can confirm or rule out a bad deployment due to null sha and commit_msg,No git correlation can confirm or rule out a bad deployment due to null sha and commit_msg,causal,0.0,True,1.0,False,False,Online Boutique,disk,batch-05
rcaeval-25,raw,claim-36,"Pattern of rising memory, socket count, and latency without log errors is consistent with an internal resource leak","Pattern of rising memory, socket count, and latency without log errors is consistent with an internal resource leak",general,0.0,True,0.0,True,True,Online Boutique,disk,batch-05
rcaeval-25,raw,claim-37,Internal resource leak may be a memory leak,Internal resource leak may be a memory leak,general,0.0,True,0.0,True,True,Online Boutique,disk,batch-05
rcaeval-25,raw,claim-38,Internal resource leak may be a connection or socket leak,Internal resource leak may be a connection or socket leak,general,0.0,True,0.0,True,True,Online Boutique,disk,batch-05
rcaeval-25,raw,claim-39,Internal resource leak may be thread blocking,Internal resource leak may be thread blocking,general,0.0,True,0.0,True,True,Online Boutique,disk,batch-05
rcaeval-25,raw,claim-40,Internal resource leak led to pod failure,Internal resource leak led to pod failure,causal,0.0,True,0.0,True,True,Online Boutique,disk,batch-05
rcaeval-25,hybrid,claim-1,currencyservice pod status is 'Failed',currencyservice pod status is 'Failed',state,0.708,False,1.0,False,True,Online Boutique,disk,batch-05
rcaeval-25,hybrid,claim-2,currencyservice deployment status is Degraded,currencyservice deployment status is Degraded,state,0.708,False,0.5,False,True,Online Boutique,disk,batch-05
rcaeval-25,hybrid,claim-3,currencyservice experienced 5-8x latency degradation,currencyservice experienced 5-8x latency degradation,state,0.708,False,0.5,False,True,Online Boutique,disk,batch-05
rcaeval-25,hybrid,claim-4,currencyservice p50 latency increased from 0.057s to 0.284s,currencyservice p50 latency increased from 0.057s to 0.284s,state,0.604,False,0.0,True,False,Online Boutique,disk,batch-05
rcaeval-25,hybrid,claim-5,currencyservice p90 latency increased from 0.094s to 0.754s,currencyservice p90 latency increased from 0.094s to 0.754s,state,0.71,False,0.0,True,False,Online Boutique,disk,batch-05
rcaeval-25,hybrid,claim-6,currencyservice latency degradation caused downstream latency impact on checkoutservice,currencyservice latency degradation caused downstream latency impact on checkoutservice,causal,0.566,False,0.5,False,True,Online Boutique,disk,batch-05
rcaeval-25,hybrid,claim-7,currencyservice latency degradation caused downstream latency impact on frontend,currencyservice latency degradation caused downstream latency impact on frontend,causal,0.708,False,0.5,False,True,Online Boutique,disk,batch-05
rcaeval-25,hybrid,claim-8,Logs show no errors,Logs show no errors,state,0.0,True,0.0,True,True,Online Boutique,disk,batch-05
rcaeval-25,hybrid,claim-9,Logs show no crashes,Logs show no crashes,state,0.0,True,0.0,True,True,Online Boutique,disk,batch-05
rcaeval-25,hybrid,claim-10,The failure is a silent performance failure rather than a logged exception,The failure is a silent performance failure rather than a logged exception,general,0.0,True,0.0,True,True,Online Boutique,disk,batch-05
rcaeval-25,hybrid,claim-11,Correlation indicates an application-level resource leak/exhaustion,Correlation indicates an application-level resource leak/exhaustion,causal,0.0,True,0.0,True,True,Online Boutique,disk,batch-05
rcaeval-25,hybrid,claim-12,Resource leak/exhaustion occurred after timestamp 1705386669,Resource leak/exhaustion occurred after timestamp 1705386669,temporal,0.0,True,0.0,True,True,Online Boutique,disk,batch-05
rcaeval-25,hybrid,claim-13,Failure is not caused by infrastructure issues,Failure is not caused by infrastructure issues,causal,0.0,True,0.5,False,False,Online Boutique,disk,batch-05
rcaeval-25,hybrid,claim-14,Failure is not caused by security issues,Failure is not caused by security issues,causal,0.0,True,0.5,False,False,Online Boutique,disk,batch-05
rcaeval-25,hybrid,claim-15,Failure is not a confirmed deployment regression,Failure is not a confirmed deployment regression,general,0.0,True,0.5,False,False,Online Boutique,disk,batch-05
rcaeval-25,hybrid,claim-16,Memory usage tripled from 4.121e+07 to 1.305e+08,Memory usage tripled from 4.121e+07 to 1.305e+08,state,0.0,True,0.5,False,False,Online Boutique,disk,batch-05
rcaeval-25,hybrid,claim-17,Number of sockets doubled from 3 to 6.112,Number of sockets doubled from 3 to 6.112,state,0.0,True,0.5,False,False,Online Boutique,disk,batch-05
rcaeval-25,hybrid,claim-18,Latency spiked while logs remained healthy,Latency spiked while logs remained healthy,state,0.0,True,0.0,True,True,Online Boutique,disk,batch-05
rcaeval-25,hybrid,claim-19,Logs contained only 'Getting supported currencies...' messages,Logs contained only 'Getting supported currencies...' messages,state,0.382,True,0.5,False,False,Online Boutique,disk,batch-05
rcaeval-25,hybrid,claim-20,Logs contained only 'conversion request successful' messages,Logs contained only 'conversion request successful' messages,state,0.341,True,0.5,False,False,Online Boutique,disk,batch-05
rcaeval-25,hybrid,claim-21,Logs health confidence is 0.94,Logs health confidence is 0.94,general,0.0,True,0.0,True,True,Online Boutique,disk,batch-05
rcaeval-25,hybrid,claim-22,currencyservice is isolated on node-worker-01,currencyservice is isolated on node-worker-01,entity_relationship,0.713,False,0.5,False,True,Online Boutique,disk,batch-05
rcaeval-25,hybrid,claim-23,noisy_neighbors list only contains itself,noisy_neighbors list only contains itself,state,0.0,True,0.0,True,True,Online Boutique,disk,batch-05
rcaeval-25,hybrid,claim-24,Topology confidence is 0.85,Topology confidence is 0.85,general,0.0,True,0.0,True,True,Online Boutique,disk,batch-05
rcaeval-25,hybrid,claim-25,Noisy neighbor contention is ruled out,Noisy neighbor contention is ruled out,causal,0.0,True,0.0,True,True,Online Boutique,disk,batch-05
rcaeval-25,hybrid,claim-26,Security shows no breaches,Security shows no breaches,state,0.0,True,0.0,True,True,Online Boutique,disk,batch-05
rcaeval-25,hybrid,claim-27,Security shows no RBAC issues,Security shows no RBAC issues,state,0.0,True,0.0,True,True,Online Boutique,disk,batch-05
rcaeval-25,hybrid,claim-28,Security shows no secret issues,Security shows no secret issues,state,0.0,True,0.0,True,True,Online Boutique,disk,batch-05
rcaeval-25,hybrid,claim-29,Security confidence is 0.8,Security confidence is 0.8,general,0.0,True,0.0,True,True,Online Boutique,disk,batch-05
rcaeval-25,hybrid,claim-30,Monitoring is inconclusive due to single cumulative CPU counter without rate() baseline,Monitoring is inconclusive due to single cumulative CPU counter without rate() baseline,causal,0.0,True,0.0,True,True,Online Boutique,disk,batch-05
rcaeval-25,hybrid,claim-31,Monitoring confidence is 0.35,Monitoring confidence is 0.35,general,0.0,True,0.0,True,True,Online Boutique,disk,batch-05
rcaeval-25,hybrid,claim-32,Deployment sha is null,Deployment sha is null,state,0.0,True,0.0,True,True,Online Boutique,disk,batch-05
rcaeval-25,hybrid,claim-33,Deployment commit_msg is null,Deployment commit_msg is null,state,0.0,True,0.0,True,True,Online Boutique,disk,batch-05
rcaeval-25,hybrid,claim-34,Code regression cannot be confirmed or ruled out,Code regression cannot be confirmed or ruled out,general,0.0,True,0.0,True,True,Online Boutique,disk,batch-05
rcaeval-25,hybrid,claim-35,Deployment confidence is 0.3,Deployment confidence is 0.3,general,0.0,True,0.0,True,True,Online Boutique,disk,batch-05
rcaeval-25,hybrid,claim-36,Failed status without log errors suggests pod became unresponsive under memory/socket pressure,Failed status without log errors suggests pod became unresponsive under memory/socket pressure,causal,0.0,True,0.0,True,True,Online Boutique,disk,batch-05
rcaeval-25,hybrid,claim-37,Pod unresponsiveness under memory/socket pressure led to probe failure/crash,Pod unresponsiveness under memory/socket pressure led to probe failure/crash,causal,0.0,True,0.0,True,True,Online Boutique,disk,batch-05
rcaeval-25,hybrid,claim-38,Probe failure/crash led to downstream propagation,Probe failure/crash led to downstream propagation,causal,0.0,True,0.0,True,True,Online Boutique,disk,batch-05
rcaeval-26,none,claim-1,Pod 'catalogue' is located on node 'node-worker-01',Pod 'catalogue' is located on node 'node-worker-01',entity_relationship,0.723,False,1.0,False,True,Sock Shop,disk,batch-05
rcaeval-26,none,claim-2,Pod 'catalogue' has status Failed,Pod 'catalogue' has status Failed,state,0.51,False,1.0,False,True,Sock Shop,disk,batch-05
rcaeval-26,none,claim-3,Pod 'catalogue' experienced severe internal resource exhaustion,Pod 'catalogue' experienced severe internal resource exhaustion,state,0.0,True,1.0,False,False,Sock Shop,disk,batch-05
rcaeval-26,none,claim-4,Severe internal resource exhaustion caused Pod 'catalogue' to Fail,Severe internal resource exhaustion caused Pod 'catalogue' to Fail,causal,0.528,False,1.0,False,True,Sock Shop,disk,batch-05
rcaeval-26,none,claim-5,Failure of Pod 'catalogue' resulted in service unavailability for the catalogue service,Failure of Pod 'catalogue' resulted in service unavailability for the catalogue service,causal,0.524,False,1.0,False,True,Sock Shop,disk,batch-05
rcaeval-26,none,claim-6,Failure is isolated,Failure is isolated,state,0.0,True,0.5,False,False,Sock Shop,disk,batch-05
rcaeval-26,none,claim-7,Failure has no impact from co-located workloads,Failure has no impact from co-located workloads,state,0.0,True,0.0,True,True,Sock Shop,disk,batch-05
rcaeval-26,none,claim-8,Failure has no impact from external dependencies,Failure has no impact from external dependencies,state,0.0,True,0.0,True,True,Sock Shop,disk,batch-05
rcaeval-26,none,claim-9,Internal application-level resource exhaustion occurred after timestamp 1705636944,Internal application-level resource exhaustion occurred after timestamp 1705636944,temporal,0.0,True,0.0,True,True,Sock Shop,disk,batch-05
rcaeval-26,none,claim-10,LOGS Agent observed a 138x increase in catalogue_cpu with confidence 0.92,LOGS Agent observed a 138x increase in catalogue_cpu with confidence 0.92,state,0.0,True,0.0,True,True,Sock Shop,disk,batch-05
rcaeval-26,none,claim-11,catalogue_cpu mean increased from 0.1378 to 19.07,catalogue_cpu mean increased from 0.1378 to 19.07,state,0.366,True,1.0,False,False,Sock Shop,disk,batch-05
rcaeval-26,none,claim-12,LOGS Agent observed a 44x increase in catalogue_mem,LOGS Agent observed a 44x increase in catalogue_mem,state,0.0,True,0.0,True,True,Sock Shop,disk,batch-05
rcaeval-26,none,claim-13,catalogue_mem mean increased from 6.775e+06 to 3.002e+08,catalogue_mem mean increased from 6.775e+06 to 3.002e+08,state,0.371,True,1.0,False,False,Sock Shop,disk,batch-05
rcaeval-26,none,claim-14,catalogue_socket increased from 7.213 to 8.929,catalogue_socket increased from 7.213 to 8.929,state,0.34,True,1.0,False,False,Sock Shop,disk,batch-05
rcaeval-26,none,claim-15,There was only a single successful log entry with method=Get id=zzz4f044 err=null took=3.01ms,There was only a single successful log entry with method=Get id=zzz4f044 err=null took=3.01ms,state,0.335,True,0.5,False,False,Sock Shop,disk,batch-05
rcaeval-26,none,claim-16,No error pattern was observed in logs,No error pattern was observed in logs,state,0.0,True,1.0,False,False,Sock Shop,disk,batch-05
rcaeval-26,none,claim-17,MONITORING Agent was inconclusive with confidence 0.45,MONITORING Agent was inconclusive with confidence 0.45,state,0.0,True,1.0,False,False,Sock Shop,disk,batch-05
rcaeval-26,none,claim-18,container_cpu_usage_seconds_total was 95.0 at timestamp 1705636944,container_cpu_usage_seconds_total was 95.0 at timestamp 1705636944,temporal,0.393,True,0.0,True,True,Sock Shop,disk,batch-05
rcaeval-26,none,claim-19,container_cpu_usage_seconds_total is a cumulative counter requiring historical data for rate calculation,container_cpu_usage_seconds_total is a cumulative counter requiring historical data for rate calculation,general,0.363,True,0.0,True,True,Sock Shop,disk,batch-05
rcaeval-26,none,claim-20,container_cpu_usage_seconds_total does not contradict the derived anomaly,container_cpu_usage_seconds_total does not contradict the derived anomaly,general,0.379,True,0.0,True,True,Sock Shop,disk,batch-05
rcaeval-26,none,claim-21,TOPOLOGY Agent confirms isolation with confidence 0.99,TOPOLOGY Agent confirms isolation with confidence 0.99,state,0.0,True,0.0,True,True,Sock Shop,disk,batch-05
rcaeval-26,none,claim-22,Pod 'catalogue' is the sole occupant of node 'node-worker-01',Pod 'catalogue' is the sole occupant of node 'node-worker-01',entity_relationship,0.723,False,1.0,False,True,Sock Shop,disk,batch-05
rcaeval-26,none,claim-23,Pod 'catalogue' has no dependencies,Pod 'catalogue' has no dependencies,entity_relationship,0.0,True,0.5,False,False,Sock Shop,disk,batch-05
rcaeval-26,none,claim-24,There are no noisy neighbors on node-worker-01,There are no noisy neighbors on node-worker-01,state,0.723,False,0.0,True,False,Sock Shop,disk,batch-05
rcaeval-26,none,claim-25,External resource contention is ruled out as a cause of failure,External resource contention is ruled out as a cause of failure,causal,0.0,True,0.0,True,True,Sock Shop,disk,batch-05
rcaeval-26,none,claim-26,SECURITY Agent rules out breach and RBAC compromise with confidence 0.8,SECURITY Agent rules out breach and RBAC compromise with confidence 0.8,state,0.0,True,0.5,False,False,Sock Shop,disk,batch-05
rcaeval-26,none,claim-27,Deployment 'catalogue-deploy' has status Degraded,Deployment 'catalogue-deploy' has status Degraded,state,0.0,True,0.5,False,False,Sock Shop,disk,batch-05
rcaeval-26,none,claim-28,Deployment 'catalogue-deploy' has null SHA and null commit_msg,Deployment 'catalogue-deploy' has null SHA and null commit_msg,state,0.0,True,0.0,True,True,Sock Shop,disk,batch-05
rcaeval-26,none,claim-29,Deployment 'catalogue-deploy' provides no evidence for a code regression,Deployment 'catalogue-deploy' provides no evidence for a code regression,general,0.0,True,0.0,True,True,Sock Shop,disk,batch-05
rcaeval-26,none,claim-30,"Failure is consistent with an internal memory leak, unbounded allocation, or CPU spin/infinite loop","Failure is consistent with an internal memory leak, unbounded allocation, or CPU spin/infinite loop",causal,0.0,True,0.0,True,True,Sock Shop,disk,batch-05
rcaeval-26,none,claim-31,"Internal memory leak, unbounded allocation, or CPU spin/infinite loop leads to OOMKilled/CPU throttling and pod failure","Internal memory leak, unbounded allocation, or CPU spin/infinite loop leads to OOMKilled/CPU throttling and pod failure",causal,0.0,True,0.0,True,True,Sock Shop,disk,batch-05
rcaeval-26,none,claim-32,"Failure was not caused by external contention, security breach, or verifiable deployment change","Failure was not caused by external contention, security breach, or verifiable deployment change",causal,0.0,True,0.0,True,True,Sock Shop,disk,batch-05
rcaeval-26,raw,claim-1,Pod 'catalogue' is on node-worker-01,Pod 'catalogue' is on node-worker-01,entity_relationship,0.723,False,1.0,False,True,Sock Shop,disk,batch-05
rcaeval-26,raw,claim-2,Pod 'catalogue' has Failed status,Pod 'catalogue' has Failed status,state,0.516,False,1.0,False,True,Sock Shop,disk,batch-05
rcaeval-26,raw,claim-3,Deployment 'catalogue-deploy' has Degraded status,Deployment 'catalogue-deploy' has Degraded status,state,0.0,True,1.0,False,False,Sock Shop,disk,batch-05
rcaeval-26,raw,claim-4,Pod 'catalogue' failure is due to self-induced resource exhaustion,Pod 'catalogue' failure is due to self-induced resource exhaustion,causal,0.0,True,0.5,False,False,Sock Shop,disk,batch-05
rcaeval-26,raw,claim-5,Deployment 'catalogue-deploy' Degraded status is due to self-induced resource exhaustion,Deployment 'catalogue-deploy' Degraded status is due to self-induced resource exhaustion,causal,0.0,True,0.0,True,True,Sock Shop,disk,batch-05
rcaeval-26,raw,claim-6,Self-induced resource exhaustion caused service unavailability for the catalogue service,Self-induced resource exhaustion caused service unavailability for the catalogue service,causal,0.525,False,0.0,True,False,Sock Shop,disk,batch-05
rcaeval-26,raw,claim-7,Failure is isolated to pod 'catalogue',Failure is isolated to pod 'catalogue',state,0.0,True,1.0,False,False,Sock Shop,disk,batch-05
rcaeval-26,raw,claim-8,There is no downstream dependency impact,There is no downstream dependency impact,state,0.0,True,0.0,True,True,Sock Shop,disk,batch-05
rcaeval-26,raw,claim-9,Correlated telemetry indicates self-induced resource exhaustion as root cause,Correlated telemetry indicates self-induced resource exhaustion as root cause,general,0.0,True,0.0,True,True,Sock Shop,disk,batch-05
rcaeval-26,raw,claim-10,Root cause is not external contention,Root cause is not external contention,general,0.0,True,0.5,False,False,Sock Shop,disk,batch-05
rcaeval-26,raw,claim-11,Root cause is not security breach,Root cause is not security breach,general,0.0,True,0.5,False,False,Sock Shop,disk,batch-05
rcaeval-26,raw,claim-12,Root cause is not confirmed deployment regression,Root cause is not confirmed deployment regression,general,0.0,True,0.5,False,False,Sock Shop,disk,batch-05
rcaeval-26,raw,claim-13,"After timestamp 1705636944, catalogue metrics increased","After timestamp 1705636944, catalogue metrics increased",temporal,0.574,False,0.0,True,False,Sock Shop,disk,batch-05
rcaeval-26,raw,claim-14,catalogue_cpu mean increased ~138x from 0.1378 to 19.07,catalogue_cpu mean increased ~138x from 0.1378 to 19.07,state,0.36,True,1.0,False,False,Sock Shop,disk,batch-05
rcaeval-26,raw,claim-15,catalogue_mem mean increased ~44x from 6.775e+06 to 3.002e+08,catalogue_mem mean increased ~44x from 6.775e+06 to 3.002e+08,state,0.367,True,1.0,False,False,Sock Shop,disk,batch-05
rcaeval-26,raw,claim-16,Socket load increased from 7.21 to 8.93,Socket load increased from 7.21 to 8.93,state,0.0,True,0.0,True,True,Sock Shop,disk,batch-05
rcaeval-26,raw,claim-17,Metric increases indicate CPU saturation,Metric increases indicate CPU saturation,causal,0.0,True,0.0,True,True,Sock Shop,disk,batch-05
rcaeval-26,raw,claim-18,Metric increases indicate likely memory leak/CPU hot-loop,Metric increases indicate likely memory leak/CPU hot-loop,causal,0.0,True,0.0,True,True,Sock Shop,disk,batch-05
rcaeval-26,raw,claim-19,MONITORING (0.85) flagged high CPU anomaly,MONITORING (0.85) flagged high CPU anomaly,state,0.0,True,0.0,True,True,Sock Shop,disk,batch-05
rcaeval-26,raw,claim-20,LOGS (0.93) confirms severe metric anomaly,LOGS (0.93) confirms severe metric anomaly,state,0.0,True,0.0,True,True,Sock Shop,disk,batch-05
rcaeval-26,raw,claim-21,Sampled log shows no explicit application error,Sampled log shows no explicit application error,state,0.52,False,0.5,False,True,Sock Shop,disk,batch-05
rcaeval-26,raw,claim-22,Sampled log contains a single GET request at 2024-01-19T04:01:23Z,Sampled log contains a single GET request at 2024-01-19T04:01:23Z,temporal,0.0,True,0.0,True,True,Sock Shop,disk,batch-05
rcaeval-26,raw,claim-23,Sampled GET request succeeded with err=null,Sampled GET request succeeded with err=null,state,0.0,True,0.0,True,True,Sock Shop,disk,batch-05
rcaeval-26,raw,claim-24,Sampled GET request duration was 3.01ms,Sampled GET request duration was 3.01ms,state,0.0,True,0.0,True,True,Sock Shop,disk,batch-05
rcaeval-26,raw,claim-25,Failure is at resource/infrastructure layer precursor to log-visible errors,Failure is at resource/infrastructure layer precursor to log-visible errors,causal,0.0,True,0.0,True,True,Sock Shop,disk,batch-05
rcaeval-26,raw,claim-26,TOPOLOGY (0.95) rules out noisy-neighbor contention,TOPOLOGY (0.95) rules out noisy-neighbor contention,general,0.0,True,1.0,False,False,Sock Shop,disk,batch-05
rcaeval-26,raw,claim-27,Pod 'catalogue' has no dependencies,Pod 'catalogue' has no dependencies,entity_relationship,0.0,True,0.5,False,False,Sock Shop,disk,batch-05
rcaeval-26,raw,claim-28,noisy_neighbors only contains 'catalogue' itself,noisy_neighbors only contains 'catalogue' itself,entity_relationship,0.0,True,1.0,False,False,Sock Shop,disk,batch-05
rcaeval-26,raw,claim-29,SECURITY (0.80) rules out breaches/RBAC issues,SECURITY (0.80) rules out breaches/RBAC issues,general,0.0,True,0.0,True,True,Sock Shop,disk,batch-05
rcaeval-26,raw,claim-30,DEPLOYMENTS (0.25) shows Degraded status,DEPLOYMENTS (0.25) shows Degraded status,state,0.0,True,0.0,True,True,Sock Shop,disk,batch-05
rcaeval-26,raw,claim-31,DEPLOYMENTS provides no sha/commit_msg,DEPLOYMENTS provides no sha/commit_msg,state,0.0,True,0.5,False,False,Sock Shop,disk,batch-05
rcaeval-26,raw,claim-32,Deployment regression cannot be confirmed or ruled out due to missing sha/commit_msg,Deployment regression cannot be confirmed or ruled out due to missing sha/commit_msg,general,0.0,True,0.5,False,False,Sock Shop,disk,batch-05
rcaeval-26,raw,claim-33,Deployment regression is discounted due to low confidence (0.25),Deployment regression is discounted due to low confidence (0.25),causal,0.0,True,0.0,True,True,Sock Shop,disk,batch-05
rcaeval-26,hybrid,claim-1,Pod 'catalogue' has Failed,Pod 'catalogue' has Failed,state,0.0,True,1.0,False,False,Sock Shop,disk,batch-05
rcaeval-26,hybrid,claim-2,Pod 'catalogue' experienced severe internal resource pressure,Pod 'catalogue' experienced severe internal resource pressure,state,0.0,True,1.0,False,False,Sock Shop,disk,batch-05
rcaeval-26,hybrid,claim-3,CPU usage surged by ~138x,CPU usage surged by ~138x,state,0.0,True,0.0,True,True,Sock Shop,disk,batch-05
rcaeval-26,hybrid,claim-4,Memory usage surged by ~44x,Memory usage surged by ~44x,state,0.0,True,0.0,True,True,Sock Shop,disk,batch-05
rcaeval-26,hybrid,claim-5,Pod 'catalogue' was serving requests successfully despite the failure,Pod 'catalogue' was serving requests successfully despite the failure,state,0.0,True,1.0,False,False,Sock Shop,disk,batch-05
rcaeval-26,hybrid,claim-6,Failure is isolated to catalogue,Failure is isolated to catalogue,entity_relationship,0.0,True,0.0,True,True,Sock Shop,disk,batch-05
rcaeval-26,hybrid,claim-7,Pod 'catalogue' is located on node-worker-01,Pod 'catalogue' is located on node-worker-01,entity_relationship,0.723,False,1.0,False,True,Sock Shop,disk,batch-05
rcaeval-26,hybrid,claim-8,There are no cascading dependencies from the failure,There are no cascading dependencies from the failure,entity_relationship,0.0,True,0.0,True,True,Sock Shop,disk,batch-05
rcaeval-26,hybrid,claim-9,There is no external contention affecting the pod,There is no external contention affecting the pod,state,0.0,True,0.5,False,False,Sock Shop,disk,batch-05
rcaeval-26,hybrid,claim-10,Failure was not caused by deployment regression,Failure was not caused by deployment regression,causal,0.0,True,0.5,False,False,Sock Shop,disk,batch-05
rcaeval-26,hybrid,claim-11,Failure was not caused by security breach,Failure was not caused by security breach,causal,0.0,True,0.0,True,True,Sock Shop,disk,batch-05
rcaeval-26,hybrid,claim-12,Failure was not caused by noisy-neighbor contention,Failure was not caused by noisy-neighbor contention,causal,0.0,True,0.0,True,True,Sock Shop,disk,batch-05
rcaeval-26,hybrid,claim-13,Failure was caused by an internal application-level resource anomaly within catalogue itself,Failure was caused by an internal application-level resource anomaly within catalogue itself,causal,0.513,False,0.0,True,False,Sock Shop,disk,batch-05
rcaeval-26,hybrid,claim-14,"LOGS agent found no errors, exceptions, or timeouts","LOGS agent found no errors, exceptions, or timeouts",state,0.0,True,0.0,True,True,Sock Shop,disk,batch-05
rcaeval-26,hybrid,claim-15,LOGS agent confidence is 0.94,LOGS agent confidence is 0.94,general,0.0,True,0.5,False,False,Sock Shop,disk,batch-05
rcaeval-26,hybrid,claim-16,A log entry exists at 2024-01-19T04:01:23Z,A log entry exists at 2024-01-19T04:01:23Z,temporal,0.0,True,0.0,True,True,Sock Shop,disk,batch-05
rcaeval-26,hybrid,claim-17,Log entry Get id=zzz4f044-b040-410d-8ead-4de0446aec7e took=3.01ms err=null indicates successful request handling,Log entry Get id=zzz4f044-b040-410d-8ead-4de0446aec7e took=3.01ms err=null indicates successful request handling,state,0.343,True,0.5,False,False,Sock Shop,disk,batch-05
rcaeval-26,hybrid,claim-18,Metrics show a severe surge after timestamp 1705636944,Metrics show a severe surge after timestamp 1705636944,temporal,0.0,True,0.0,True,True,Sock Shop,disk,batch-05
rcaeval-26,hybrid,claim-19,catalogue_cpu increased from 0.1378 to 19.07,catalogue_cpu increased from 0.1378 to 19.07,state,0.346,True,1.0,False,False,Sock Shop,disk,batch-05
rcaeval-26,hybrid,claim-20,catalogue_cpu increase is approximately 138x,catalogue_cpu increase is approximately 138x,state,0.35,True,1.0,False,False,Sock Shop,disk,batch-05
rcaeval-26,hybrid,claim-21,catalogue_mem increased from 6.775e+06 to 3.002e+08,catalogue_mem increased from 6.775e+06 to 3.002e+08,state,0.353,True,1.0,False,False,Sock Shop,disk,batch-05
rcaeval-26,hybrid,claim-22,catalogue_mem increase is approximately 44x,catalogue_mem increase is approximately 44x,state,0.0,True,1.0,False,False,Sock Shop,disk,batch-05
rcaeval-26,hybrid,claim-23,catalogue_socket increased from 7.21 to 8.93,catalogue_socket increased from 7.21 to 8.93,state,0.336,True,0.5,False,False,Sock Shop,disk,batch-05
rcaeval-26,hybrid,claim-24,TOPOLOGY agent confidence is 0.99,TOPOLOGY agent confidence is 0.99,general,0.0,True,0.5,False,False,Sock Shop,disk,batch-05
rcaeval-26,hybrid,claim-25,TOPOLOGY agent confirms pod is isolated on node-worker-01 with no dependencies,TOPOLOGY agent confirms pod is isolated on node-worker-01 with no dependencies,entity_relationship,0.723,False,0.0,True,False,Sock Shop,disk,batch-05
rcaeval-26,hybrid,claim-26,noisy_neighbors is ['catalogue'] only,noisy_neighbors is ['catalogue'] only,entity_relationship,0.0,True,0.5,False,False,Sock Shop,disk,batch-05
rcaeval-26,hybrid,claim-27,External resource contention is ruled out,External resource contention is ruled out,causal,0.0,True,0.0,True,True,Sock Shop,disk,batch-05
rcaeval-26,hybrid,claim-28,Co-located pod interference is ruled out,Co-located pod interference is ruled out,causal,0.0,True,0.0,True,True,Sock Shop,disk,batch-05
rcaeval-26,hybrid,claim-29,SECURITY agent confidence is 0.8,SECURITY agent confidence is 0.8,general,0.0,True,0.5,False,False,Sock Shop,disk,batch-05
rcaeval-26,hybrid,claim-30,"SECURITY agent rules out breaches, RBAC, and secret issues","SECURITY agent rules out breaches, RBAC, and secret issues",state,0.0,True,0.5,False,False,Sock Shop,disk,batch-05
rcaeval-26,hybrid,claim-31,DEPLOYMENTS agent confidence is 0.35,DEPLOYMENTS agent confidence is 0.35,general,0.0,True,0.5,False,False,Sock Shop,disk,batch-05
rcaeval-26,hybrid,claim-32,DEPLOYMENTS agent reports Degraded status,DEPLOYMENTS agent reports Degraded status,state,0.0,True,0.0,True,True,Sock Shop,disk,batch-05
rcaeval-26,hybrid,claim-33,sha is null,sha is null,state,0.0,True,0.5,False,False,Sock Shop,disk,batch-05
rcaeval-26,hybrid,claim-34,commit_msg is null,commit_msg is null,state,0.0,True,0.5,False,False,Sock Shop,disk,batch-05
rcaeval-26,hybrid,claim-35,No Git regression can be correlated due to null sha and commit_msg,No Git regression can be correlated due to null sha and commit_msg,causal,0.0,True,0.5,False,False,Sock Shop,disk,batch-05
rcaeval-26,hybrid,claim-36,MONITORING agent confidence is 0.5,MONITORING agent confidence is 0.5,general,0.0,True,0.5,False,False,Sock Shop,disk,batch-05
rcaeval-26,hybrid,claim-37,MONITORING agent is inconclusive,MONITORING agent is inconclusive,state,0.0,True,0.5,False,False,Sock Shop,disk,batch-05
rcaeval-26,hybrid,claim-38,A single sample of container_cpu_usage_seconds_total cannot calculate rate,A single sample of container_cpu_usage_seconds_total cannot calculate rate,causal,0.375,True,0.0,True,True,Sock Shop,disk,batch-05
rcaeval-26,hybrid,claim-39,Self-inflicted resource pressure led to exhaustion and pod failure,Self-inflicted resource pressure led to exhaustion and pod failure,causal,0.0,True,0.0,True,True,Sock Shop,disk,batch-05
rcaeval-26,hybrid,claim-40,"Likely cause is memory leak, unbounded allocation, or CPU hot-loop","Likely cause is memory leak, unbounded allocation, or CPU hot-loop",causal,0.0,True,0.0,True,True,Sock Shop,disk,batch-05
rcaeval-26,hybrid,claim-41,"Probable failure mode is OOMKill, CPU throttling, or crash","Probable failure mode is OOMKill, CPU throttling, or crash",state,0.0,True,0.0,True,True,Sock Shop,disk,batch-05
rcaeval-26,hybrid,claim-42,Pod failure occurred without application-logged errors,Pod failure occurred without application-logged errors,state,0.0,True,0.0,True,True,Sock Shop,disk,batch-05
rcaeval-27,none,claim-1,Pod ts-order-service is located on node-worker-01,Pod ts-order-service is located on node-worker-01,entity_relationship,0.705,False,1.0,False,True,Train Ticket,disk,batch-05
rcaeval-27,none,claim-2,Pod ts-order-service has FAILED,Pod ts-order-service has FAILED,state,0.705,False,1.0,False,True,Train Ticket,disk,batch-05
rcaeval-27,none,claim-3,"The failure of ts-order-service was due to isolated, extreme resource exhaustion","The failure of ts-order-service was due to isolated, extreme resource exhaustion",causal,0.705,False,0.0,True,False,Train Ticket,disk,batch-05
rcaeval-27,none,claim-4,Pod ts-order-service is identified as a noisy neighbor,Pod ts-order-service is identified as a noisy neighbor,state,0.705,False,0.0,True,False,Train Ticket,disk,batch-05
rcaeval-27,none,claim-5,The noisy neighbor condition caused disk thrashing,The noisy neighbor condition caused disk thrashing,causal,0.0,True,0.0,True,True,Train Ticket,disk,batch-05
rcaeval-27,none,claim-6,The noisy neighbor condition caused CPU saturation,The noisy neighbor condition caused CPU saturation,causal,0.0,True,0.0,True,True,Train Ticket,disk,batch-05
rcaeval-27,none,claim-7,Disk thrashing and CPU saturation resulted in complete service failure,Disk thrashing and CPU saturation resulted in complete service failure,causal,0.522,False,0.0,True,False,Train Ticket,disk,batch-05
rcaeval-27,none,claim-8,The failure risks node-level resource contention for co-located workloads,The failure risks node-level resource contention for co-located workloads,causal,0.0,True,0.0,True,True,Train Ticket,disk,batch-05
rcaeval-27,none,claim-9,"At timestamp 1705985281, ts-order-service exhibited a critical metric anomaly","At timestamp 1705985281, ts-order-service exhibited a critical metric anomaly",temporal,0.578,False,0.0,True,False,Train Ticket,disk,batch-05
rcaeval-27,none,claim-10,The metric anomaly occurred within a 12-minute window,The metric anomaly occurred within a 12-minute window,temporal,0.0,True,0.0,True,True,Train Ticket,disk,batch-05
rcaeval-27,none,claim-11,Disk IO mean for ts-order-service spiked from 1.506e+06 to 1.376e+10,Disk IO mean for ts-order-service spiked from 1.506e+06 to 1.376e+10,state,0.603,False,0.5,False,True,Train Ticket,disk,batch-05
rcaeval-27,none,claim-12,The disk IO increase for ts-order-service was approximately 9136x,The disk IO increase for ts-order-service was approximately 9136x,state,0.579,False,0.5,False,True,Train Ticket,disk,batch-05
rcaeval-27,none,claim-13,CPU mean for ts-order-service increased from 11.27 to 32.03,CPU mean for ts-order-service increased from 11.27 to 32.03,state,0.616,False,0.5,False,True,Train Ticket,disk,batch-05
rcaeval-27,none,claim-14,The CPU increase for ts-order-service was approximately 2.84x,The CPU increase for ts-order-service was approximately 2.84x,state,0.601,False,0.5,False,True,Train Ticket,disk,batch-05
rcaeval-27,none,claim-15,All other 11 peer services showed only a ~2.4-2.7x disk IO increase in the same window,All other 11 peer services showed only a ~2.4-2.7x disk IO increase in the same window,state,0.0,True,0.5,False,False,Train Ticket,disk,batch-05
rcaeval-27,none,claim-16,The ~2.4-2.7x disk IO increase in peer services is considered normal,The ~2.4-2.7x disk IO increase in peer services is considered normal,state,0.0,True,0.0,True,True,Train Ticket,disk,batch-05
rcaeval-27,none,claim-17,The critical metric anomaly is isolated to ts-order-service and not a cluster-wide event,The critical metric anomaly is isolated to ts-order-service and not a cluster-wide event,state,0.546,False,0.0,True,False,Train Ticket,disk,batch-05
rcaeval-27,none,claim-18,TOPOLOGY with confidence 0.95 confirms ts-order-service is the sole noisy neighbor on node-worker-01,TOPOLOGY with confidence 0.95 confirms ts-order-service is the sole noisy neighbor on node-worker-01,entity_relationship,0.705,False,0.5,False,True,Train Ticket,disk,batch-05
rcaeval-27,none,claim-19,Pod ts-order-service has no dependencies,Pod ts-order-service has no dependencies,entity_relationship,0.705,False,0.5,False,True,Train Ticket,disk,batch-05
rcaeval-27,none,claim-20,There are no other co-located noisy neighbors on node-worker-01,There are no other co-located noisy neighbors on node-worker-01,entity_relationship,0.71,False,0.0,True,False,Train Ticket,disk,batch-05
rcaeval-27,none,claim-21,Pod ts-order-service itself is the source of contention,Pod ts-order-service itself is the source of contention,causal,0.705,False,0.0,True,False,Train Ticket,disk,batch-05
rcaeval-27,none,claim-22,Application-level resource exhaustion / disk thrashing led to the failure,Application-level resource exhaustion / disk thrashing led to the failure,causal,0.503,False,0.0,True,False,Train Ticket,disk,batch-05
rcaeval-27,none,claim-23,"Potential causes for the disk thrashing include infinite write loop, uncontrolled logging, temp file spam, or data dumping","Potential causes for the disk thrashing include infinite write loop, uncontrolled logging, temp file spam, or data dumping",general,0.0,True,0.0,True,True,Train Ticket,disk,batch-05
rcaeval-27,none,claim-24,No direct error logs for ts-order-service were available,No direct error logs for ts-order-service were available,state,0.705,False,1.0,False,True,Train Ticket,disk,batch-05
rcaeval-27,none,claim-25,The metric signal for ts-order-service is highly significant,The metric signal for ts-order-service is highly significant,state,0.571,False,0.0,True,False,Train Ticket,disk,batch-05
rcaeval-27,raw,claim-1,Pod 'ts-order-service' has Failed,Pod 'ts-order-service' has Failed,state,0.705,False,1.0,False,True,Train Ticket,disk,batch-05
rcaeval-27,raw,claim-2,"Pod 'ts-order-service' failed due to an isolated, extreme resource exhaustion event","Pod 'ts-order-service' failed due to an isolated, extreme resource exhaustion event",causal,0.705,False,0.5,False,True,Train Ticket,disk,batch-05
rcaeval-27,raw,claim-3,Impact is isolated to this single pod/service,Impact is isolated to this single pod/service,state,0.0,True,0.0,True,True,Train Ticket,disk,batch-05
rcaeval-27,raw,claim-4,ts-order-service is unavailable,ts-order-service is unavailable,state,0.705,False,0.5,False,True,Train Ticket,disk,batch-05
rcaeval-27,raw,claim-5,There is no cluster-wide failure,There is no cluster-wide failure,state,0.0,True,0.0,True,True,Train Ticket,disk,batch-05
rcaeval-27,raw,claim-6,There is no dependency cascade,There is no dependency cascade,state,0.0,True,0.0,True,True,Train Ticket,disk,batch-05
rcaeval-27,raw,claim-7,"After epoch 1705985281, ts-order-service exhibited an isolated catastrophic disk I/O surge","After epoch 1705985281, ts-order-service exhibited an isolated catastrophic disk I/O surge",temporal,0.535,False,0.5,False,True,Train Ticket,disk,batch-05
rcaeval-27,raw,claim-8,ts-order-service disk I/O mean increased from 1.506e+06 to 1.376e+10,ts-order-service disk I/O mean increased from 1.506e+06 to 1.376e+10,state,0.598,False,0.5,False,True,Train Ticket,disk,batch-05
rcaeval-27,raw,claim-9,ts-order-service disk I/O increase was approximately 9136x,ts-order-service disk I/O increase was approximately 9136x,state,0.582,False,0.5,False,True,Train Ticket,disk,batch-05
rcaeval-27,raw,claim-10,ts-order-service CPU increased from 11.27 to 32.03,ts-order-service CPU increased from 11.27 to 32.03,state,0.708,False,0.5,False,True,Train Ticket,disk,batch-05
rcaeval-27,raw,claim-11,ts-order-service CPU increase was approximately 2.84x,ts-order-service CPU increase was approximately 2.84x,state,0.599,False,0.5,False,True,Train Ticket,disk,batch-05
rcaeval-27,raw,claim-12,All 11 other services showed a normal disk I/O increase of ~2.4-2.7x in the same window,All 11 other services showed a normal disk I/O increase of ~2.4-2.7x in the same window,state,0.0,True,1.0,False,False,Train Ticket,disk,batch-05
rcaeval-27,raw,claim-13,An example normal disk I/O increase in other services was from 5.0e+04 to 1.3e+05,An example normal disk I/O increase in other services was from 5.0e+04 to 1.3e+05,state,0.0,True,1.0,False,False,Train Ticket,disk,batch-05
rcaeval-27,raw,claim-14,ts-order-service disk I/O surge is 3 orders of magnitude beyond the normal increase seen in other services,ts-order-service disk I/O surge is 3 orders of magnitude beyond the normal increase seen in other services,general,0.562,False,0.5,False,True,Train Ticket,disk,batch-05
rcaeval-27,raw,claim-15,The anomaly is not cluster-wide but isolated to ts-order-service,The anomaly is not cluster-wide but isolated to ts-order-service,state,0.705,False,0.5,False,True,Train Ticket,disk,batch-05
rcaeval-27,raw,claim-16,Topology confirms ts-order-service is isolated on node 'node-worker-01',Topology confirms ts-order-service is isolated on node 'node-worker-01',entity_relationship,0.705,False,0.0,True,False,Train Ticket,disk,batch-05
rcaeval-27,raw,claim-17,ts-order-service's noisy_neighbors contains only itself,ts-order-service's noisy_neighbors contains only itself,entity_relationship,0.705,False,0.5,False,True,Train Ticket,disk,batch-05
rcaeval-27,raw,claim-18,ts-order-service has no dependencies,ts-order-service has no dependencies,entity_relationship,0.705,False,1.0,False,True,Train Ticket,disk,batch-05
rcaeval-27,raw,claim-19,Noisy-neighbor contention is ruled out as a cause,Noisy-neighbor contention is ruled out as a cause,causal,0.0,True,0.0,True,True,Train Ticket,disk,batch-05
rcaeval-27,raw,claim-20,The pattern is consistent with disk thrashing,The pattern is consistent with disk thrashing,general,0.0,True,0.0,True,True,Train Ticket,disk,batch-05
rcaeval-27,raw,claim-21,The pattern is consistent with runaway write loop,The pattern is consistent with runaway write loop,general,0.0,True,0.0,True,True,Train Ticket,disk,batch-05
rcaeval-27,raw,claim-22,The pattern is consistent with log flooding,The pattern is consistent with log flooding,general,0.0,True,0.0,True,True,Train Ticket,disk,batch-05
rcaeval-27,raw,claim-23,The pattern is consistent with underlying storage/PV failure,The pattern is consistent with underlying storage/PV failure,general,0.0,True,0.0,True,True,Train Ticket,disk,batch-05
rcaeval-27,raw,claim-24,No ts-order-service logs were present to provide application-level cause,No ts-order-service logs were present to provide application-level cause,state,0.705,False,1.0,False,True,Train Ticket,disk,batch-05
rcaeval-27,raw,claim-25,Other services show only normal INFO operations,Other services show only normal INFO operations,state,0.0,True,0.0,True,True,Train Ticket,disk,batch-05
rcaeval-27,hybrid,claim-1,Pod 'ts-order-service' has Failed,Pod 'ts-order-service' has Failed,state,0.705,False,1.0,False,True,Train Ticket,disk,batch-05
rcaeval-27,hybrid,claim-2,Pod 'ts-order-service' failure was due to an isolated resource exhaustion event,Pod 'ts-order-service' failure was due to an isolated resource exhaustion event,causal,0.705,False,1.0,False,True,Train Ticket,disk,batch-05
rcaeval-27,hybrid,claim-3,Pod 'ts-order-service' is the source of severe disk IO contention on node-worker-01,Pod 'ts-order-service' is the source of severe disk IO contention on node-worker-01,entity_relationship,0.705,False,0.0,True,False,Train Ticket,disk,batch-05
rcaeval-27,hybrid,claim-4,Pod 'ts-order-service' is the source of severe CPU contention on node-worker-01,Pod 'ts-order-service' is the source of severe CPU contention on node-worker-01,entity_relationship,0.708,False,0.0,True,False,Train Ticket,disk,batch-05
rcaeval-27,hybrid,claim-5,Pod 'ts-order-service' is not a victim of cluster-wide pressure,Pod 'ts-order-service' is not a victim of cluster-wide pressure,state,0.705,False,0.0,True,False,Train Ticket,disk,batch-05
rcaeval-27,hybrid,claim-6,Pod 'ts-order-service' failure is not due to a confirmed deployment regression,Pod 'ts-order-service' failure is not due to a confirmed deployment regression,causal,0.705,False,1.0,False,True,Train Ticket,disk,batch-05
rcaeval-27,hybrid,claim-7,Isolated resource exhaustion resulted in service failure of ts-order-service,Isolated resource exhaustion resulted in service failure of ts-order-service,causal,0.705,False,0.5,False,True,Train Ticket,disk,batch-05
rcaeval-27,hybrid,claim-8,"At timestamp 1705985281, ts-order-service diskio mean jumped from 1.506e+06 to 1.376e+10","At timestamp 1705985281, ts-order-service diskio mean jumped from 1.506e+06 to 1.376e+10",temporal,0.63,False,1.0,False,True,Train Ticket,disk,batch-05
rcaeval-27,hybrid,claim-9,The ts-order-service diskio increase is approximately 9136x,The ts-order-service diskio increase is approximately 9136x,state,0.584,False,1.0,False,True,Train Ticket,disk,batch-05
rcaeval-27,hybrid,claim-10,"At timestamp 1705985281, ts-order-service cpu mean increased from 11.27 to 32.03","At timestamp 1705985281, ts-order-service cpu mean increased from 11.27 to 32.03",temporal,0.624,False,1.0,False,True,Train Ticket,disk,batch-05
rcaeval-27,hybrid,claim-11,The ts-order-service cpu increase is approximately 2.84x,The ts-order-service cpu increase is approximately 2.84x,state,0.593,False,1.0,False,True,Train Ticket,disk,batch-05
rcaeval-27,hybrid,claim-12,All other services observed a normal cluster-wide diskio increase of approximately 2.5-2.6x,All other services observed a normal cluster-wide diskio increase of approximately 2.5-2.6x,state,0.0,True,1.0,False,False,Train Ticket,disk,batch-05
rcaeval-27,hybrid,claim-13,ts-food-map-service diskio mean increased from 5.028e+04 to 1.334e+05,ts-food-map-service diskio mean increased from 5.028e+04 to 1.334e+05,state,0.382,True,0.0,True,True,Train Ticket,disk,batch-05
rcaeval-27,hybrid,claim-14,ts-cancel-service diskio mean increased from 4.986e+04 to 1.321e+05,ts-cancel-service diskio mean increased from 4.986e+04 to 1.321e+05,state,0.375,True,0.5,False,False,Train Ticket,disk,batch-05
rcaeval-27,hybrid,claim-15,ts-order-service diskio increase far exceeds the normal cluster-wide diskio increase,ts-order-service diskio increase far exceeds the normal cluster-wide diskio increase,general,0.573,False,1.0,False,True,Train Ticket,disk,batch-05
rcaeval-27,hybrid,claim-16,The resource exhaustion issue is isolated to ts-order-service,The resource exhaustion issue is isolated to ts-order-service,state,0.705,False,0.5,False,True,Train Ticket,disk,batch-05
rcaeval-27,hybrid,claim-17,Metrics are consistent with disk thrashing / IO saturation / resource exhaustion,Metrics are consistent with disk thrashing / IO saturation / resource exhaustion,general,0.0,True,0.0,True,True,Train Ticket,disk,batch-05
rcaeval-27,hybrid,claim-18,Topology flags ts-order-service as the noisy neighbor on node-worker-01,Topology flags ts-order-service as the noisy neighbor on node-worker-01,entity_relationship,0.705,False,0.0,True,False,Train Ticket,disk,batch-05
rcaeval-27,hybrid,claim-19,There are no co-located noisy neighbors on node-worker-01,There are no co-located noisy neighbors on node-worker-01,entity_relationship,0.71,False,0.5,False,True,Train Ticket,disk,batch-05
rcaeval-27,hybrid,claim-20,ts-order-service has no co-located dependencies on node-worker-01,ts-order-service has no co-located dependencies on node-worker-01,entity_relationship,0.705,False,0.5,False,True,Train Ticket,disk,batch-05
rcaeval-27,hybrid,claim-21,Monitoring independently corroborates high CPU anomaly for ts-order-service,Monitoring independently corroborates high CPU anomaly for ts-order-service,state,0.708,False,0.0,True,False,Train Ticket,disk,batch-05
rcaeval-27,hybrid,claim-22,Deployment 'ts-order-service-deploy' is in Degraded state,Deployment 'ts-order-service-deploy' is in Degraded state,state,0.7,False,0.0,True,False,Train Ticket,disk,batch-05
rcaeval-27,hybrid,claim-23,Deployment 'ts-order-service-deploy' Degraded status has low confidence of 0.35,Deployment 'ts-order-service-deploy' Degraded status has low confidence of 0.35,state,0.7,False,0.0,True,False,Train Ticket,disk,batch-05
rcaeval-27,hybrid,claim-24,Deployment 'ts-order-service-deploy' has null Git sha metadata,Deployment 'ts-order-service-deploy' has null Git sha metadata,state,0.69,False,0.0,True,False,Train Ticket,disk,batch-05
rcaeval-27,hybrid,claim-25,Deployment 'ts-order-service-deploy' has null commit_msg metadata,Deployment 'ts-order-service-deploy' has null commit_msg metadata,state,0.7,False,0.0,True,False,Train Ticket,disk,batch-05
rcaeval-27,hybrid,claim-26,A rollout regression for deployment 'ts-order-service-deploy' cannot be confirmed or ruled out,A rollout regression for deployment 'ts-order-service-deploy' cannot be confirmed or ruled out,general,0.7,False,0.0,True,False,Train Ticket,disk,batch-05
rcaeval-27,hybrid,claim-27,Rollout regression is not the primary driver of the failure,Rollout regression is not the primary driver of the failure,causal,0.0,True,0.0,True,True,Train Ticket,disk,batch-05
rcaeval-27,hybrid,claim-28,Security analysis finds no credential leak in available logs,Security analysis finds no credential leak in available logs,state,0.0,True,0.0,True,True,Train Ticket,disk,batch-05
rcaeval-27,hybrid,claim-29,JWT tokens are properly redacted in available logs,JWT tokens are properly redacted in available logs,state,0.0,True,0.0,True,True,Train Ticket,disk,batch-05
rcaeval-27,hybrid,claim-30,UUIDs are properly redacted in available logs,UUIDs are properly redacted in available logs,state,0.0,True,0.0,True,True,Train Ticket,disk,batch-05
rcaeval-27,hybrid,claim-31,No ts-order-service log lines are available to correlate,No ts-order-service log lines are available to correlate,state,0.705,False,1.0,False,True,Train Ticket,disk,batch-05
rcaeval-27,hybrid,claim-32,Extreme IO spike warrants investigation for data dumping/abuse as a secondary hypothesis,Extreme IO spike warrants investigation for data dumping/abuse as a secondary hypothesis,general,0.0,True,0.0,True,True,Train Ticket,disk,batch-05
rcaeval-27,hybrid,claim-33,Data dumping/abuse is not a confirmed leak,Data dumping/abuse is not a confirmed leak,state,0.0,True,0.0,True,True,Train Ticket,disk,batch-05
rcaeval-28,none,claim-1,Pod 'currencyservice' has Failed,Pod 'currencyservice' has Failed,state,0.713,False,1.0,False,True,Online Boutique,loss,batch-05
rcaeval-28,none,claim-2,currencyservice workload dropped 76% from 75.95 to 18.33,currencyservice workload dropped 76% from 75.95 to 18.33,state,0.587,False,0.5,False,True,Online Boutique,loss,batch-05
rcaeval-28,none,claim-3,Failure of currencyservice pod caused cascading failure to frontend,Failure of currencyservice pod caused cascading failure to frontend,causal,0.713,False,1.0,False,True,Online Boutique,loss,batch-05
rcaeval-28,none,claim-4,Frontend p90 latency increased from 0.51s to 8.89s,Frontend p90 latency increased from 0.51s to 8.89s,state,0.341,True,1.0,False,False,Online Boutique,loss,batch-05
rcaeval-28,none,claim-5,Frontend errors increased from 0 to 3.025,Frontend errors increased from 0 to 3.025,state,0.0,True,0.5,False,False,Online Boutique,loss,batch-05
rcaeval-28,none,claim-6,Currency conversion functionality is degraded/unavailable,Currency conversion functionality is degraded/unavailable,state,0.568,False,0.0,True,False,Online Boutique,loss,batch-05
rcaeval-28,none,claim-7,No application errors were logged despite degradation,No application errors were logged despite degradation,state,0.0,True,0.0,True,True,Online Boutique,loss,batch-05
rcaeval-28,none,claim-8,Root cause is internal application-level resource exhaustion within currencyservice itself,Root cause is internal application-level resource exhaustion within currencyservice itself,causal,0.71,False,1.0,False,True,Online Boutique,loss,batch-05
rcaeval-28,none,claim-9,Resource exhaustion is characterized as memory/socket leak,Resource exhaustion is characterized as memory/socket leak,state,0.0,True,0.0,True,True,Online Boutique,loss,batch-05
rcaeval-28,none,claim-10,Resource exhaustion started abruptly at timestamp 1705388941,Resource exhaustion started abruptly at timestamp 1705388941,temporal,0.0,True,0.0,True,True,Online Boutique,loss,batch-05
rcaeval-28,none,claim-11,currencyservice p90 latency increased from 0.094s to 4.468s (47x),currencyservice p90 latency increased from 0.094s to 4.468s (47x),state,0.71,False,1.0,False,True,Online Boutique,loss,batch-05
rcaeval-28,none,claim-12,currencyservice p50 latency increased from 0.057s to 1.365s (24x),currencyservice p50 latency increased from 0.057s to 1.365s (24x),state,0.71,False,0.5,False,True,Online Boutique,loss,batch-05
rcaeval-28,none,claim-13,currencyservice socket count increased from 3 to 24.47 (8x),currencyservice socket count increased from 3 to 24.47 (8x),state,0.591,False,0.5,False,True,Online Boutique,loss,batch-05
rcaeval-28,none,claim-14,currencyservice memory usage increased from 42MB to 106MB (2.5x),currencyservice memory usage increased from 42MB to 106MB (2.5x),state,0.708,False,0.5,False,True,Online Boutique,loss,batch-05
rcaeval-28,none,claim-15,Application logs show 'conversion request successful' without error/exception logs,Application logs show 'conversion request successful' without error/exception logs,state,0.345,True,1.0,False,False,Online Boutique,loss,batch-05
rcaeval-28,none,claim-16,"Metrics indicate silent leak such as unclosed connections, goroutine/file descriptor leak","Metrics indicate silent leak such as unclosed connections, goroutine/file descriptor leak",general,0.0,True,0.0,True,True,Online Boutique,loss,batch-05
rcaeval-28,none,claim-17,Silent leak led to queuing,Silent leak led to queuing,causal,0.0,True,0.0,True,True,Online Boutique,loss,batch-05
rcaeval-28,none,claim-18,Queuing led to eventual pod failure,Queuing led to eventual pod failure,causal,0.0,True,0.0,True,True,Online Boutique,loss,batch-05
rcaeval-28,none,claim-19,Pod 'currencyservice' is isolated on node-worker-01,Pod 'currencyservice' is isolated on node-worker-01,entity_relationship,0.713,False,0.5,False,True,Online Boutique,loss,batch-05
rcaeval-28,none,claim-20,Pod 'currencyservice' has no dependencies,Pod 'currencyservice' has no dependencies,entity_relationship,0.713,False,1.0,False,True,Online Boutique,loss,batch-05
rcaeval-28,none,claim-21,"Pod has no external noisy neighbors, neighbor list contains only itself","Pod has no external noisy neighbors, neighbor list contains only itself",entity_relationship,0.0,True,0.0,True,True,Online Boutique,loss,batch-05
rcaeval-28,none,claim-22,Node contention is ruled out as a cause,Node contention is ruled out as a cause,causal,0.0,True,0.0,True,True,Online Boutique,loss,batch-05
rcaeval-28,none,claim-23,Downstream dependency failure is ruled out as a cause,Downstream dependency failure is ruled out as a cause,causal,0.0,True,0.0,True,True,Online Boutique,loss,batch-05
rcaeval-28,none,claim-24,Security Agent rules out breach/RBAC as cause,Security Agent rules out breach/RBAC as cause,general,0.0,True,0.0,True,True,Online Boutique,loss,batch-05
rcaeval-28,none,claim-25,Deployment status is Degraded,Deployment status is Degraded,state,0.0,True,0.5,False,False,Online Boutique,loss,batch-05
rcaeval-28,none,claim-26,Git metadata is null,Git metadata is null,state,0.0,True,0.0,True,True,Online Boutique,loss,batch-05
rcaeval-28,none,claim-27,Failure cannot be correlated to a code deployment,Failure cannot be correlated to a code deployment,general,0.0,True,0.0,True,True,Online Boutique,loss,batch-05
rcaeval-28,none,claim-28,Failure is not a confirmed regression,Failure is not a confirmed regression,general,0.0,True,0.0,True,True,Online Boutique,loss,batch-05
rcaeval-28,none,claim-29,Monitoring Agent is discounted as inconclusive due to insufficient data,Monitoring Agent is discounted as inconclusive due to insufficient data,general,0.0,True,0.0,True,True,Online Boutique,loss,batch-05
rcaeval-28,none,claim-30,Topology Agent confidence is 0.98,Topology Agent confidence is 0.98,general,0.0,True,0.0,True,True,Online Boutique,loss,batch-05
rcaeval-28,none,claim-31,Security Agent confidence is 0.8,Security Agent confidence is 0.8,general,0.0,True,0.0,True,True,Online Boutique,loss,batch-05
rcaeval-28,none,claim-32,Deployments Agent confidence is 0.65,Deployments Agent confidence is 0.65,general,0.0,True,0.0,True,True,Online Boutique,loss,batch-05
rcaeval-28,none,claim-33,Monitoring Agent confidence is 0.4,Monitoring Agent confidence is 0.4,general,0.0,True,0.0,True,True,Online Boutique,loss,batch-05
rcaeval-28,raw,claim-1,Pod 'currencyservice' has Failed,Pod 'currencyservice' has Failed,state,0.713,False,1.0,False,True,Online Boutique,loss,batch-05
rcaeval-28,raw,claim-2,Pod 'currencyservice' experienced silent internal resource exhaustion,Pod 'currencyservice' experienced silent internal resource exhaustion,state,0.713,False,0.5,False,True,Online Boutique,loss,batch-05
rcaeval-28,raw,claim-3,Silent internal resource exhaustion caused ~47.5x p90 latency increase in currencyservice,Silent internal resource exhaustion caused ~47.5x p90 latency increase in currencyservice,causal,0.71,False,1.0,False,True,Online Boutique,loss,batch-05
rcaeval-28,raw,claim-4,Currencyservice p90 latency increased from 0.09s to 4.47s,Currencyservice p90 latency increased from 0.09s to 4.47s,state,0.591,False,1.0,False,True,Online Boutique,loss,batch-05
rcaeval-28,raw,claim-5,Currencyservice throughput collapsed by 76%,Currencyservice throughput collapsed by 76%,state,0.581,False,1.0,False,True,Online Boutique,loss,batch-05
rcaeval-28,raw,claim-6,Currencyservice throughput decreased from 75.95 to 18.33,Currencyservice throughput decreased from 75.95 to 18.33,state,0.585,False,1.0,False,True,Online Boutique,loss,batch-05
rcaeval-28,raw,claim-7,Currencyservice failure caused cascading downstream degradation to frontend,Currencyservice failure caused cascading downstream degradation to frontend,causal,0.576,False,1.0,False,True,Online Boutique,loss,batch-05
rcaeval-28,raw,claim-8,Currencyservice failure caused cascading downstream degradation to checkoutservice,Currencyservice failure caused cascading downstream degradation to checkoutservice,causal,0.574,False,0.5,False,True,Online Boutique,loss,batch-05
rcaeval-28,raw,claim-9,Frontend p90 latency increased from 0.51s to 8.89s,Frontend p90 latency increased from 0.51s to 8.89s,state,0.341,True,1.0,False,False,Online Boutique,loss,batch-05
rcaeval-28,raw,claim-10,Frontend error rate is 3.02 errors/s,Frontend error rate is 3.02 errors/s,state,0.0,True,0.5,False,False,Online Boutique,loss,batch-05
rcaeval-28,raw,claim-11,Checkoutservice p90 latency increased from 0.54s to 3.49s,Checkoutservice p90 latency increased from 0.54s to 3.49s,state,0.357,True,1.0,False,False,Online Boutique,loss,batch-05
rcaeval-28,raw,claim-12,Performance degradation is internal to currencyservice itself,Performance degradation is internal to currencyservice itself,state,0.708,False,0.0,True,False,Online Boutique,loss,batch-05
rcaeval-28,raw,claim-13,Performance degradation is not due to external contention,Performance degradation is not due to external contention,general,0.0,True,0.0,True,True,Online Boutique,loss,batch-05
rcaeval-28,raw,claim-14,Performance degradation is not due to security breach,Performance degradation is not due to security breach,general,0.0,True,0.0,True,True,Online Boutique,loss,batch-05
rcaeval-28,raw,claim-15,"After timestamp ~1705388941, currencyservice pod exhibits leak / connection pile-up signature","After timestamp ~1705388941, currencyservice pod exhibits leak / connection pile-up signature",temporal,0.558,False,0.0,True,False,Online Boutique,loss,batch-05
rcaeval-28,raw,claim-16,Currencyservice p50 latency increased by 24x,Currencyservice p50 latency increased by 24x,state,0.592,False,0.5,False,True,Online Boutique,loss,batch-05
rcaeval-28,raw,claim-17,Currencyservice p90 latency increased by 47.5x,Currencyservice p90 latency increased by 47.5x,state,0.584,False,1.0,False,True,Online Boutique,loss,batch-05
rcaeval-28,raw,claim-18,Currencyservice socket count increased by 8x,Currencyservice socket count increased by 8x,state,0.58,False,0.5,False,True,Online Boutique,loss,batch-05
rcaeval-28,raw,claim-19,Currencyservice socket count increased from 3 to 24.47,Currencyservice socket count increased from 3 to 24.47,state,0.591,False,0.5,False,True,Online Boutique,loss,batch-05
rcaeval-28,raw,claim-20,Currencyservice memory usage increased by 2.5x,Currencyservice memory usage increased by 2.5x,state,0.56,False,0.5,False,True,Online Boutique,loss,batch-05
rcaeval-28,raw,claim-21,Currencyservice memory usage increased from 4.2e+07 to 1.06e+08,Currencyservice memory usage increased from 4.2e+07 to 1.06e+08,state,0.563,False,0.5,False,True,Online Boutique,loss,batch-05
rcaeval-28,raw,claim-22,Currencyservice throughput decreased by 76% indicating queuing and saturation,Currencyservice throughput decreased by 76% indicating queuing and saturation,causal,0.574,False,0.5,False,True,Online Boutique,loss,batch-05
rcaeval-28,raw,claim-23,No error logs were present for currencyservice,No error logs were present for currencyservice,state,0.631,False,0.0,True,False,Online Boutique,loss,batch-05
rcaeval-28,raw,claim-24,Only log message present was 'Getting supported currencies...',Only log message present was 'Getting supported currencies...',state,0.385,True,0.5,False,False,Online Boutique,loss,batch-05
rcaeval-28,raw,claim-25,Absence of error logs confirms silent failure mode,Absence of error logs confirms silent failure mode,causal,0.0,True,0.0,True,True,Online Boutique,loss,batch-05
rcaeval-28,raw,claim-26,Topology isolation score is 0.95,Topology isolation score is 0.95,state,0.0,True,0.0,True,True,Online Boutique,loss,batch-05
rcaeval-28,raw,claim-27,There are no noisy neighbors on node-worker-01,There are no noisy neighbors on node-worker-01,entity_relationship,0.72,False,0.0,True,False,Online Boutique,loss,batch-05
rcaeval-28,raw,claim-28,There is no node contention on node-worker-01,There is no node contention on node-worker-01,entity_relationship,0.72,False,0.0,True,False,Online Boutique,loss,batch-05
rcaeval-28,raw,claim-29,Currencyservice is deployed on node-worker-01,Currencyservice is deployed on node-worker-01,entity_relationship,0.715,False,1.0,False,True,Online Boutique,loss,batch-05
rcaeval-28,raw,claim-30,Currencyservice has no dependencies,Currencyservice has no dependencies,entity_relationship,0.595,False,0.0,True,False,Online Boutique,loss,batch-05
rcaeval-28,raw,claim-31,External resource contention is ruled out as cause,External resource contention is ruled out as cause,causal,0.0,True,0.0,True,True,Online Boutique,loss,batch-05
rcaeval-28,raw,claim-32,Security score is 0.8,Security score is 0.8,state,0.0,True,0.0,True,True,Online Boutique,loss,batch-05
rcaeval-28,raw,claim-33,Security rules out breach/RBAC issues,Security rules out breach/RBAC issues,general,0.0,True,1.0,False,False,Online Boutique,loss,batch-05
rcaeval-28,raw,claim-34,Deployment status is Degraded,Deployment status is Degraded,state,0.0,True,0.5,False,False,Online Boutique,loss,batch-05
rcaeval-28,raw,claim-35,Deployment cannot be correlated to a code change due to missing Git metadata,Deployment cannot be correlated to a code change due to missing Git metadata,causal,0.0,True,0.0,True,True,Online Boutique,loss,batch-05
rcaeval-28,raw,claim-36,Git metadata sha is null,Git metadata sha is null,state,0.0,True,0.0,True,True,Online Boutique,loss,batch-05
rcaeval-28,raw,claim-37,Git metadata commit_msg is null,Git metadata commit_msg is null,state,0.0,True,0.5,False,False,Online Boutique,loss,batch-05
rcaeval-28,raw,claim-38,Monitoring is inconclusive,Monitoring is inconclusive,state,0.0,True,0.0,True,True,Online Boutique,loss,batch-05
rcaeval-28,raw,claim-39,Internal leak is the sole high-confidence correlated cause,Internal leak is the sole high-confidence correlated cause,causal,0.0,True,0.0,True,True,Online Boutique,loss,batch-05
rcaeval-28,hybrid,claim-1,Pod 'currencyservice' has Failed,Pod 'currencyservice' has Failed,state,0.713,False,1.0,False,True,Online Boutique,loss,batch-05
rcaeval-28,hybrid,claim-2,Pod 'currencyservice' failed due to internal resource exhaustion,Pod 'currencyservice' failed due to internal resource exhaustion,causal,0.708,False,0.5,False,True,Online Boutique,loss,batch-05
rcaeval-28,hybrid,claim-3,Resource exhaustion in currencyservice is classified as Memory and Socket Leak,Resource exhaustion in currencyservice is classified as Memory and Socket Leak,general,0.708,False,1.0,False,True,Online Boutique,loss,batch-05
rcaeval-28,hybrid,claim-4,Resource exhaustion in currencyservice caused cascading downstream failures,Resource exhaustion in currencyservice caused cascading downstream failures,causal,0.71,False,1.0,False,True,Online Boutique,loss,batch-05
rcaeval-28,hybrid,claim-5,Frontend error rate spiked to ~3.02/s,Frontend error rate spiked to ~3.02/s,state,0.0,True,1.0,False,False,Online Boutique,loss,batch-05
rcaeval-28,hybrid,claim-6,Frontend p90 latency increased from 0.51s to 8.89s,Frontend p90 latency increased from 0.51s to 8.89s,state,0.341,True,1.0,False,False,Online Boutique,loss,batch-05
rcaeval-28,hybrid,claim-7,checkoutservice p90 latency increased from 0.543s to 3.496s,checkoutservice p90 latency increased from 0.543s to 3.496s,state,0.357,True,0.5,False,False,Online Boutique,loss,batch-05
rcaeval-28,hybrid,claim-8,User-facing availability and latency were severely degraded,User-facing availability and latency were severely degraded,state,0.0,True,0.0,True,True,Online Boutique,loss,batch-05
rcaeval-28,hybrid,claim-9,No explicit application error logs were observed despite degradation,No explicit application error logs were observed despite degradation,state,0.0,True,0.0,True,True,Online Boutique,loss,batch-05
rcaeval-28,hybrid,claim-10,"After timestamp 1705388941, currencyservice exhibited resource exhaustion / leak signatures","After timestamp 1705388941, currencyservice exhibited resource exhaustion / leak signatures",temporal,0.71,False,0.0,True,False,Online Boutique,loss,batch-05
rcaeval-28,hybrid,claim-11,currencyservice p90 latency increased from 0.094s to 4.468s (47.5x),currencyservice p90 latency increased from 0.094s to 4.468s (47.5x),state,0.71,False,1.0,False,True,Online Boutique,loss,batch-05
rcaeval-28,hybrid,claim-12,currencyservice p50 latency increased from 0.057s to 1.365s (24x),currencyservice p50 latency increased from 0.057s to 1.365s (24x),state,0.71,False,1.0,False,True,Online Boutique,loss,batch-05
rcaeval-28,hybrid,claim-13,currencyservice socket count increased from 3 to 24.47 (8.1x),currencyservice socket count increased from 3 to 24.47 (8.1x),state,0.59,False,0.5,False,True,Online Boutique,loss,batch-05
rcaeval-28,hybrid,claim-14,currencyservice memory increased from 4.2e+07 to 1.06e+08 (2.5x),currencyservice memory increased from 4.2e+07 to 1.06e+08 (2.5x),state,0.708,False,0.5,False,True,Online Boutique,loss,batch-05
rcaeval-28,hybrid,claim-15,currencyservice workload/throughput decreased from 75.95 to 18.33 (-75.9%),currencyservice workload/throughput decreased from 75.95 to 18.33 (-75.9%),state,0.584,False,1.0,False,True,Online Boutique,loss,batch-05
rcaeval-28,hybrid,claim-16,Workload/throughput decrease indicates thread blocking,Workload/throughput decrease indicates thread blocking,causal,0.0,True,0.0,True,True,Online Boutique,loss,batch-05
rcaeval-28,hybrid,claim-17,Memory and socket leak prevented request completion in currencyservice,Memory and socket leak prevented request completion in currencyservice,causal,0.708,False,0.5,False,True,Online Boutique,loss,batch-05
rcaeval-28,hybrid,claim-18,Application logs show only normal operations including 'Getting supported currencies',Application logs show only normal operations including 'Getting supported currencies',state,0.378,True,0.0,True,True,Online Boutique,loss,batch-05
rcaeval-28,hybrid,claim-19,Application logs show only normal operations including 'conversion request successful',Application logs show only normal operations including 'conversion request successful',state,0.339,True,0.0,True,True,Online Boutique,loss,batch-05
rcaeval-28,hybrid,claim-20,currencyservice is the root cause of downstream frontend degradation,currencyservice is the root cause of downstream frontend degradation,causal,0.708,False,1.0,False,True,Online Boutique,loss,batch-05
rcaeval-28,hybrid,claim-21,currencyservice is the root cause of downstream checkoutservice degradation,currencyservice is the root cause of downstream checkoutservice degradation,causal,0.713,False,0.0,True,False,Online Boutique,loss,batch-05
rcaeval-28,hybrid,claim-22,frontend_error increased from 0 to 3.025/s,frontend_error increased from 0 to 3.025/s,state,0.0,True,0.5,False,False,Online Boutique,loss,batch-05
rcaeval-28,hybrid,claim-23,frontend-external_error increased from 0 to 3.023/s,frontend-external_error increased from 0 to 3.023/s,state,0.35,True,0.5,False,False,Online Boutique,loss,batch-05
rcaeval-28,hybrid,claim-24,"Degraded deployment status is a symptom, not a cause","Degraded deployment status is a symptom, not a cause",causal,0.0,True,1.0,False,False,Online Boutique,loss,batch-05
rcaeval-28,hybrid,claim-25,Degraded deployment status was not caused by code-regression,Degraded deployment status was not caused by code-regression,causal,0.0,True,0.0,True,True,Online Boutique,loss,batch-05
rcaeval-28,hybrid,claim-26,Git metadata is null,Git metadata is null,state,0.0,True,0.0,True,True,Online Boutique,loss,batch-05
rcaeval-28,hybrid,claim-27,Confidence for code-regression cause is 0.3,Confidence for code-regression cause is 0.3,general,0.0,True,0.0,True,True,Online Boutique,loss,batch-05
rcaeval-28,hybrid,claim-28,Topology analysis with confidence 0.95 rules out noisy-neighbor contention,Topology analysis with confidence 0.95 rules out noisy-neighbor contention,general,0.0,True,0.0,True,True,Online Boutique,loss,batch-05
rcaeval-28,hybrid,claim-29,currencyservice has no dependencies,currencyservice has no dependencies,entity_relationship,0.708,False,1.0,False,True,Online Boutique,loss,batch-05
rcaeval-28,hybrid,claim-30,Self-reference on node-worker-01 is only an artifact,Self-reference on node-worker-01 is only an artifact,entity_relationship,0.72,False,0.0,True,False,Online Boutique,loss,batch-05
rcaeval-28,hybrid,claim-31,Security analysis with confidence 0.8 rules out breach/RBAC compromise,Security analysis with confidence 0.8 rules out breach/RBAC compromise,general,0.0,True,0.0,True,True,Online Boutique,loss,batch-05
rcaeval-28,hybrid,claim-32,Monitoring analysis with confidence 0.15 is inconclusive and discounted,Monitoring analysis with confidence 0.15 is inconclusive and discounted,general,0.0,True,0.0,True,True,Online Boutique,loss,batch-05
rcaeval-28,hybrid,claim-33,container_cpu_usage_seconds_total has a single sample value of 95.0,container_cpu_usage_seconds_total has a single sample value of 95.0,state,0.362,True,0.0,True,True,Online Boutique,loss,batch-05
rcaeval-28,hybrid,claim-34,Single sample of cumulative counter container_cpu_usage_seconds_total cannot be used to calculate rate without historical data,Single sample of cumulative counter container_cpu_usage_seconds_total cannot be used to calculate rate without historical data,general,0.0,True,0.0,True,True,Online Boutique,loss,batch-05
rcaeval-29,none,claim-1,Pod 'catalogue' has Status: Failed,Pod 'catalogue' has Status: Failed,state,0.503,False,1.0,False,True,Sock Shop,loss,batch-05
rcaeval-29,none,claim-2,Pod 'catalogue' experienced severe saturation at timestamp 1705602312,Pod 'catalogue' experienced severe saturation at timestamp 1705602312,temporal,0.0,True,0.0,True,True,Sock Shop,loss,batch-05
rcaeval-29,none,claim-3,Catalogue saturation caused throughput collapse of -65% workload,Catalogue saturation caused throughput collapse of -65% workload,causal,0.546,False,1.0,False,True,Sock Shop,loss,batch-05
rcaeval-29,none,claim-4,Catalogue saturation caused extreme latency spike,Catalogue saturation caused extreme latency spike,causal,0.57,False,0.0,True,False,Sock Shop,loss,batch-05
rcaeval-29,none,claim-5,Catalogue saturation triggered cascading degradation to front-end,Catalogue saturation triggered cascading degradation to front-end,causal,0.504,False,0.0,True,False,Sock Shop,loss,batch-05
rcaeval-29,none,claim-6,Front-end experienced 27% errors,Front-end experienced 27% errors,state,0.0,True,0.0,True,True,Sock Shop,loss,batch-05
rcaeval-29,none,claim-7,Front-end experienced 4x latency increase,Front-end experienced 4x latency increase,state,0.0,True,1.0,False,False,Sock Shop,loss,batch-05
rcaeval-29,none,claim-8,Front-end experienced 3.3x sockets increase,Front-end experienced 3.3x sockets increase,state,0.0,True,0.0,True,True,Sock Shop,loss,batch-05
rcaeval-29,none,claim-9,Front-end experienced 2x memory increase,Front-end experienced 2x memory increase,state,0.0,True,0.0,True,True,Sock Shop,loss,batch-05
rcaeval-29,none,claim-10,"Workload drops occurred across orders, shipping, payment, user, and carts services","Workload drops occurred across orders, shipping, payment, user, and carts services",state,0.0,True,0.0,True,True,Sock Shop,loss,batch-05
rcaeval-29,none,claim-11,Correlated root cause is self-induced resource contention/saturation on catalogue,Correlated root cause is self-induced resource contention/saturation on catalogue,causal,0.515,False,0.0,True,False,Sock Shop,loss,batch-05
rcaeval-29,none,claim-12,Root cause is not an external dependency,Root cause is not an external dependency,general,0.0,True,0.0,True,True,Sock Shop,loss,batch-05
rcaeval-29,none,claim-13,Root cause is not a deployment regression,Root cause is not a deployment regression,general,0.0,True,0.0,True,True,Sock Shop,loss,batch-05
rcaeval-29,none,claim-14,LOGS Agent confidence is 0.91,LOGS Agent confidence is 0.91,state,0.0,True,0.5,False,False,Sock Shop,loss,batch-05
rcaeval-29,none,claim-15,At 1705602312 catalogue_latency-90 increased from 0.004629 to 1.304 (281x),At 1705602312 catalogue_latency-90 increased from 0.004629 to 1.304 (281x),temporal,0.373,True,1.0,False,False,Sock Shop,loss,batch-05
rcaeval-29,none,claim-16,At 1705602312 catalogue_latency-50 increased from 0.003016 to 0.1666 (55x),At 1705602312 catalogue_latency-50 increased from 0.003016 to 0.1666 (55x),temporal,0.377,True,1.0,False,False,Sock Shop,loss,batch-05
rcaeval-29,none,claim-17,At 1705602312 catalogue_socket increased from 6 to 11.63 (+93%),At 1705602312 catalogue_socket increased from 6 to 11.63 (+93%),temporal,0.342,True,1.0,False,False,Sock Shop,loss,batch-05
rcaeval-29,none,claim-18,At 1705602312 catalogue_workload decreased from 4.088 to 1.399 (-65%),At 1705602312 catalogue_workload decreased from 4.088 to 1.399 (-65%),temporal,0.345,True,1.0,False,False,Sock Shop,loss,batch-05
rcaeval-29,none,claim-19,No catalogue error logs were found,No catalogue error logs were found,state,0.517,False,1.0,False,True,Sock Shop,loss,batch-05
rcaeval-29,none,claim-20,Only front-end and user logs show 200 OK responses with 1-2ms latency,Only front-end and user logs show 200 OK responses with 1-2ms latency,state,0.0,True,0.0,True,True,Sock Shop,loss,batch-05
rcaeval-29,none,claim-21,Absence of catalogue error logs indicates silent bottleneck rather than crash,Absence of catalogue error logs indicates silent bottleneck rather than crash,causal,0.525,False,0.0,True,False,Sock Shop,loss,batch-05
rcaeval-29,none,claim-22,Silent bottleneck is attributed to CPU/thread-pool/GC/DB slowdown,Silent bottleneck is attributed to CPU/thread-pool/GC/DB slowdown,general,0.0,True,0.0,True,True,Sock Shop,loss,batch-05
rcaeval-29,none,claim-23,TOPOLOGY Agent confidence is 0.95,TOPOLOGY Agent confidence is 0.95,state,0.0,True,0.5,False,False,Sock Shop,loss,batch-05
rcaeval-29,none,claim-24,Catalogue is the noisy neighbor on node 'node-worker-01',Catalogue is the noisy neighbor on node 'node-worker-01',entity_relationship,0.52,False,0.0,True,False,Sock Shop,loss,batch-05
rcaeval-29,none,claim-25,Catalogue has no dependencies (self-noisy),Catalogue has no dependencies (self-noisy),entity_relationship,0.513,False,0.5,False,True,Sock Shop,loss,batch-05
rcaeval-29,none,claim-26,"Catalogue is the source of contention, not the victim","Catalogue is the source of contention, not the victim",entity_relationship,0.0,True,0.0,True,True,Sock Shop,loss,batch-05
rcaeval-29,none,claim-27,MONITORING Agent confidence is 0.25,MONITORING Agent confidence is 0.25,state,0.0,True,0.5,False,False,Sock Shop,loss,batch-05
rcaeval-29,none,claim-28,MONITORING Agent finding is inconclusive,MONITORING Agent finding is inconclusive,state,0.0,True,0.5,False,False,Sock Shop,loss,batch-05
rcaeval-29,none,claim-29,container_cpu_usage_seconds_total has a single data point value of 95.0,container_cpu_usage_seconds_total has a single data point value of 95.0,state,0.381,True,0.5,False,False,Sock Shop,loss,batch-05
rcaeval-29,none,claim-30,Single monitoring data point is insufficient for rate/baseline calculation,Single monitoring data point is insufficient for rate/baseline calculation,general,0.0,True,0.0,True,True,Sock Shop,loss,batch-05
rcaeval-29,none,claim-31,Monitoring data does not contradict saturation,Monitoring data does not contradict saturation,general,0.0,True,0.0,True,True,Sock Shop,loss,batch-05
rcaeval-29,none,claim-32,DEPLOYMENTS Agent confidence is 0.25,DEPLOYMENTS Agent confidence is 0.25,state,0.0,True,0.5,False,False,Sock Shop,loss,batch-05
rcaeval-29,none,claim-33,catalogue-deploy has status Degraded,catalogue-deploy has status Degraded,state,0.0,True,0.5,False,False,Sock Shop,loss,batch-05
rcaeval-29,none,claim-34,catalogue-deploy SHA is null,catalogue-deploy SHA is null,state,0.0,True,1.0,False,False,Sock Shop,loss,batch-05
rcaeval-29,none,claim-35,catalogue-deploy commit_msg is null,catalogue-deploy commit_msg is null,state,0.0,True,1.0,False,False,Sock Shop,loss,batch-05
rcaeval-29,none,claim-36,No correlable deployment regression exists due to null SHA/commit_msg,No correlable deployment regression exists due to null SHA/commit_msg,general,0.0,True,0.0,True,True,Sock Shop,loss,batch-05
rcaeval-29,none,claim-37,SECURITY Agent confidence is 0.98,SECURITY Agent confidence is 0.98,state,0.0,True,0.5,False,False,Sock Shop,loss,batch-05
rcaeval-29,none,claim-38,No credential leak is attributable to catalogue,No credential leak is attributable to catalogue,state,0.0,True,0.5,False,False,Sock Shop,loss,batch-05
rcaeval-29,none,claim-39,No catalogue logs exist in the dataset for security analysis,No catalogue logs exist in the dataset for security analysis,state,0.52,False,0.0,True,False,Sock Shop,loss,batch-05
rcaeval-29,none,claim-40,Front-end logs contain plaintext password RpfIFZCHu,Front-end logs contain plaintext password RpfIFZCHu,state,0.0,True,0.5,False,False,Sock Shop,loss,batch-05
rcaeval-29,none,claim-41,Front-end logs contain card number 123123321,Front-end logs contain card number 123123321,state,0.344,True,0.0,True,True,Sock Shop,loss,batch-05
rcaeval-29,none,claim-42,Front-end credential leak is out-of-scope for catalogue root cause,Front-end credential leak is out-of-scope for catalogue root cause,general,0.0,True,0.0,True,True,Sock Shop,loss,batch-05
rcaeval-29,none,claim-43,"Combined high-confidence LOGS, TOPOLOGY, and SECURITY agents converge on catalogue as origin of front-end failure cascade","Combined high-confidence LOGS, TOPOLOGY, and SECURITY agents converge on catalogue as origin of front-end failure cascade",causal,0.0,True,0.0,True,True,Sock Shop,loss,batch-05
rcaeval-29,raw,claim-1,Pod 'catalogue' has Failed,Pod 'catalogue' has Failed,state,0.0,True,1.0,False,False,Sock Shop,loss,batch-05
rcaeval-29,raw,claim-2,Pod 'catalogue' experienced severe internal performance degradation,Pod 'catalogue' experienced severe internal performance degradation,state,0.0,True,1.0,False,False,Sock Shop,loss,batch-05
rcaeval-29,raw,claim-3,Catalogue p90 latency spiked ~282x from 0.0046s to 1.304s,Catalogue p90 latency spiked ~282x from 0.0046s to 1.304s,state,0.57,False,1.0,False,True,Sock Shop,loss,batch-05
rcaeval-29,raw,claim-4,Catalogue p50 latency increased ~55x,Catalogue p50 latency increased ~55x,state,0.583,False,1.0,False,True,Sock Shop,loss,batch-05
rcaeval-29,raw,claim-5,Catalogue throughput collapsed from 4.088 to 1.399,Catalogue throughput collapsed from 4.088 to 1.399,state,0.55,False,0.0,True,False,Sock Shop,loss,batch-05
rcaeval-29,raw,claim-6,Catalogue bottleneck is propagating backpressure to front-end,Catalogue bottleneck is propagating backpressure to front-end,causal,0.529,False,0.0,True,False,Sock Shop,loss,batch-05
rcaeval-29,raw,claim-7,Front-end error rate increased from 0 to 0.2691,Front-end error rate increased from 0 to 0.2691,state,0.0,True,1.0,False,False,Sock Shop,loss,batch-05
rcaeval-29,raw,claim-8,Front-end latency increased from 0.052s to 0.215s,Front-end latency increased from 0.052s to 0.215s,state,0.368,True,0.0,True,True,Sock Shop,loss,batch-05
rcaeval-29,raw,claim-9,Front-end sockets increased from 7.58 to 25.51,Front-end sockets increased from 7.58 to 25.51,state,0.0,True,0.5,False,False,Sock Shop,loss,batch-05
rcaeval-29,raw,claim-10,Catalogue bottleneck is causing workload drops across multiple downstream services,Catalogue bottleneck is causing workload drops across multiple downstream services,causal,0.538,False,0.0,True,False,Sock Shop,loss,batch-05
rcaeval-29,raw,claim-11,Workload drop occurred in orders service,Workload drop occurred in orders service,state,0.0,True,0.0,True,True,Sock Shop,loss,batch-05
rcaeval-29,raw,claim-12,Workload drop occurred in shipping service,Workload drop occurred in shipping service,state,0.0,True,0.0,True,True,Sock Shop,loss,batch-05
rcaeval-29,raw,claim-13,Workload drop occurred in payment service,Workload drop occurred in payment service,state,0.0,True,0.0,True,True,Sock Shop,loss,batch-05
rcaeval-29,raw,claim-14,Workload drop occurred in user service,Workload drop occurred in user service,state,0.0,True,0.0,True,True,Sock Shop,loss,batch-05
rcaeval-29,raw,claim-15,Workload drop occurred in carts service,Workload drop occurred in carts service,state,0.0,True,0.0,True,True,Sock Shop,loss,batch-05
rcaeval-29,raw,claim-16,Root cause is isolated to the catalogue service itself,Root cause is isolated to the catalogue service itself,causal,0.0,True,0.0,True,True,Sock Shop,loss,batch-05
rcaeval-29,raw,claim-17,Root cause is not due to external factors,Root cause is not due to external factors,general,0.0,True,0.0,True,True,Sock Shop,loss,batch-05
rcaeval-29,raw,claim-18,TOPOLOGY evidence has confidence 0.95,TOPOLOGY evidence has confidence 0.95,state,0.0,True,0.5,False,False,Sock Shop,loss,batch-05
rcaeval-29,raw,claim-19,Catalogue pod is isolated on node-worker-01,Catalogue pod is isolated on node-worker-01,entity_relationship,0.723,False,0.0,True,False,Sock Shop,loss,batch-05
rcaeval-29,raw,claim-20,Catalogue pod has no dependencies,Catalogue pod has no dependencies,entity_relationship,0.0,True,0.0,True,True,Sock Shop,loss,batch-05
rcaeval-29,raw,claim-21,Catalogue pod is the sole noisy neighbor on its node,Catalogue pod is the sole noisy neighbor on its node,entity_relationship,0.507,False,0.5,False,True,Sock Shop,loss,batch-05
rcaeval-29,raw,claim-22,Resource contention is self-attributable to catalogue,Resource contention is self-attributable to catalogue,causal,0.532,False,0.0,True,False,Sock Shop,loss,batch-05
rcaeval-29,raw,claim-23,Co-located pod interference is ruled out as a cause,Co-located pod interference is ruled out as a cause,general,0.0,True,0.0,True,True,Sock Shop,loss,batch-05
rcaeval-29,raw,claim-24,LOGS evidence has confidence 0.94,LOGS evidence has confidence 0.94,state,0.0,True,0.0,True,True,Sock Shop,loss,batch-05
rcaeval-29,raw,claim-25,Catalogue socket saturation increased from 6 to 11.63,Catalogue socket saturation increased from 6 to 11.63,state,0.561,False,0.0,True,False,Sock Shop,loss,batch-05
rcaeval-29,raw,claim-26,Catalogue experienced workload collapse,Catalogue experienced workload collapse,state,0.538,False,0.0,True,False,Sock Shop,loss,batch-05
rcaeval-29,raw,claim-27,Socket saturation and workload collapse indicate thread/connection pool exhaustion or resource saturation within catalogue,Socket saturation and workload collapse indicate thread/connection pool exhaustion or resource saturation within catalogue,causal,0.528,False,0.0,True,False,Sock Shop,loss,batch-05
rcaeval-29,raw,claim-28,Thread/connection pool exhaustion or resource saturation within catalogue leads to request queuing,Thread/connection pool exhaustion or resource saturation within catalogue leads to request queuing,causal,0.533,False,0.0,True,False,Sock Shop,loss,batch-05
rcaeval-29,raw,claim-29,Request queuing leads to timeout-driven backpressure upstream,Request queuing leads to timeout-driven backpressure upstream,causal,0.0,True,0.0,True,True,Sock Shop,loss,batch-05
rcaeval-29,raw,claim-30,DEPLOYMENTS status is Degraded with confidence 0.35,DEPLOYMENTS status is Degraded with confidence 0.35,state,0.0,True,0.5,False,False,Sock Shop,loss,batch-05
rcaeval-29,raw,claim-31,DEPLOYMENTS sha is null,DEPLOYMENTS sha is null,state,0.0,True,0.5,False,False,Sock Shop,loss,batch-05
rcaeval-29,raw,claim-32,DEPLOYMENTS commit_msg is null,DEPLOYMENTS commit_msg is null,state,0.0,True,0.5,False,False,Sock Shop,loss,batch-05
rcaeval-29,raw,claim-33,No correlation to a code regression can be made due to null sha/commit_msg,No correlation to a code regression can be made due to null sha/commit_msg,general,0.0,True,0.0,True,True,Sock Shop,loss,batch-05
rcaeval-29,raw,claim-34,SECURITY evidence with confidence 0.85 rules out credential leak as cause for catalogue,SECURITY evidence with confidence 0.85 rules out credential leak as cause for catalogue,causal,0.0,True,0.0,True,True,Sock Shop,loss,batch-05
rcaeval-29,raw,claim-35,No [catalogue] logs were found in security logs,No [catalogue] logs were found in security logs,state,0.0,True,0.0,True,True,Sock Shop,loss,batch-05
rcaeval-29,raw,claim-36,Plaintext password exposure is confined to [front-end] logs only,Plaintext password exposure is confined to [front-end] logs only,state,0.0,True,0.0,True,True,Sock Shop,loss,batch-05
rcaeval-29,raw,claim-37,MONITORING status is inconclusive with confidence 0.35,MONITORING status is inconclusive with confidence 0.35,state,0.0,True,0.0,True,True,Sock Shop,loss,batch-05
rcaeval-29,raw,claim-38,MONITORING has a single-point counter metric of 95.0 lacking historical rate context,MONITORING has a single-point counter metric of 95.0 lacking historical rate context,state,0.0,True,0.0,True,True,Sock Shop,loss,batch-05
rcaeval-29,raw,claim-39,MONITORING does not contradict the failure pattern,MONITORING does not contradict the failure pattern,general,0.0,True,0.0,True,True,Sock Shop,loss,batch-05
rcaeval-29,hybrid,claim-1,Pod 'catalogue' is located on node-worker-01,Pod 'catalogue' is located on node-worker-01,entity_relationship,0.723,False,0.5,False,True,Sock Shop,loss,batch-05
rcaeval-29,hybrid,claim-2,Pod 'catalogue' experienced severe internal performance degradation after 1705602312,Pod 'catalogue' experienced severe internal performance degradation after 1705602312,temporal,0.0,True,0.5,False,False,Sock Shop,loss,batch-05
rcaeval-29,hybrid,claim-3,Severe internal performance degradation caused Pod 'catalogue' to fail,Severe internal performance degradation caused Pod 'catalogue' to fail,causal,0.525,False,1.0,False,True,Sock Shop,loss,batch-05
rcaeval-29,hybrid,claim-4,Catalogue p90 latency spiked 281x,Catalogue p90 latency spiked 281x,state,0.568,False,1.0,False,True,Sock Shop,loss,batch-05
rcaeval-29,hybrid,claim-5,Catalogue socket usage doubled,Catalogue socket usage doubled,state,0.563,False,0.5,False,True,Sock Shop,loss,batch-05
rcaeval-29,hybrid,claim-6,Catalogue workload dropped 65%,Catalogue workload dropped 65%,state,0.553,False,1.0,False,True,Sock Shop,loss,batch-05
rcaeval-29,hybrid,claim-7,Front-end errors cascaded from 0 to 0.2691,Front-end errors cascaded from 0 to 0.2691,state,0.0,True,1.0,False,False,Sock Shop,loss,batch-05
rcaeval-29,hybrid,claim-8,Front-end latency doubled,Front-end latency doubled,state,0.336,True,0.0,True,True,Sock Shop,loss,batch-05
rcaeval-29,hybrid,claim-9,Front-end socket usage doubled,Front-end socket usage doubled,state,0.0,True,0.0,True,True,Sock Shop,loss,batch-05
rcaeval-29,hybrid,claim-10,Severe internal performance degradation caused cascading front-end errors and front-end latency/socket doubling,Severe internal performance degradation caused cascading front-end errors and front-end latency/socket doubling,causal,0.0,True,0.0,True,True,Sock Shop,loss,batch-05
rcaeval-29,hybrid,claim-11,Impact is isolated to catalogue as the source of contention,Impact is isolated to catalogue as the source of contention,entity_relationship,0.51,False,0.0,True,False,Sock Shop,loss,batch-05
rcaeval-29,hybrid,claim-12,Root cause is an internal metric-based latency/bottleneck failure within the catalogue pod itself,Root cause is an internal metric-based latency/bottleneck failure within the catalogue pod itself,causal,0.567,False,0.5,False,True,Sock Shop,loss,batch-05
rcaeval-29,hybrid,claim-13,Root cause is not an external dependency,Root cause is not an external dependency,general,0.0,True,0.5,False,False,Sock Shop,loss,batch-05
rcaeval-29,hybrid,claim-14,Root cause is not a deployment regression,Root cause is not a deployment regression,general,0.0,True,0.5,False,False,Sock Shop,loss,batch-05
rcaeval-29,hybrid,claim-15,Root cause is not a security event,Root cause is not a security event,general,0.0,True,0.5,False,False,Sock Shop,loss,batch-05
rcaeval-29,hybrid,claim-16,TOPOLOGY identifies catalogue on node-worker-01 as the noisy neighbor,TOPOLOGY identifies catalogue on node-worker-01 as the noisy neighbor,entity_relationship,0.723,False,0.0,True,False,Sock Shop,loss,batch-05
rcaeval-29,hybrid,claim-17,Catalogue has no dependencies according to TOPOLOGY,Catalogue has no dependencies according to TOPOLOGY,entity_relationship,0.0,True,0.0,True,True,Sock Shop,loss,batch-05
rcaeval-29,hybrid,claim-18,Catalogue is the source of contention/isolation rather than a victim,Catalogue is the source of contention/isolation rather than a victim,entity_relationship,0.0,True,0.0,True,True,Sock Shop,loss,batch-05
rcaeval-29,hybrid,claim-19,TOPOLOGY confidence is 0.95,TOPOLOGY confidence is 0.95,state,0.0,True,0.0,True,True,Sock Shop,loss,batch-05
rcaeval-29,hybrid,claim-20,LOGS confirms severe degradation after 1705602312,LOGS confirms severe degradation after 1705602312,temporal,0.0,True,0.0,True,True,Sock Shop,loss,batch-05
rcaeval-29,hybrid,claim-21,LOGS confidence is 0.92,LOGS confidence is 0.92,state,0.0,True,0.0,True,True,Sock Shop,loss,batch-05
rcaeval-29,hybrid,claim-22,catalogue_latency-90 increased from 0.004629 to 1.304 (281x),catalogue_latency-90 increased from 0.004629 to 1.304 (281x),state,0.375,True,1.0,False,False,Sock Shop,loss,batch-05
rcaeval-29,hybrid,claim-23,catalogue_latency-50 increased from 0.003016 to 0.1666 (55x),catalogue_latency-50 increased from 0.003016 to 0.1666 (55x),state,0.383,True,1.0,False,False,Sock Shop,loss,batch-05
rcaeval-29,hybrid,claim-24,catalogue_socket increased from 6 to 11.63,catalogue_socket increased from 6 to 11.63,state,0.346,True,1.0,False,False,Sock Shop,loss,batch-05
rcaeval-29,hybrid,claim-25,catalogue_workload decreased from 4.088 to 1.399 (-65%),catalogue_workload decreased from 4.088 to 1.399 (-65%),state,0.337,True,1.0,False,False,Sock Shop,loss,batch-05
rcaeval-29,hybrid,claim-26,Catalogue degradation correlates with front-end_error increases,Catalogue degradation correlates with front-end_error increases,causal,0.525,False,0.0,True,False,Sock Shop,loss,batch-05
rcaeval-29,hybrid,claim-27,Catalogue degradation correlates with front-end latency increases,Catalogue degradation correlates with front-end latency increases,causal,0.55,False,0.0,True,False,Sock Shop,loss,batch-05
rcaeval-29,hybrid,claim-28,Logs at 18:24:11Z show only normal front-end/user operations,Logs at 18:24:11Z show only normal front-end/user operations,state,0.0,True,0.0,True,True,Sock Shop,loss,batch-05
rcaeval-29,hybrid,claim-29,Logs at 18:24:11Z show zero catalogue error logs,Logs at 18:24:11Z show zero catalogue error logs,state,0.533,False,0.5,False,True,Sock Shop,loss,batch-05
rcaeval-29,hybrid,claim-30,18:24:11Z is just before the change point,18:24:11Z is just before the change point,temporal,0.0,True,0.0,True,True,Sock Shop,loss,batch-05
rcaeval-29,hybrid,claim-31,Degradation indicates resource exhaustion / bottleneck (socket/connection saturation),Degradation indicates resource exhaustion / bottleneck (socket/connection saturation),causal,0.0,True,0.0,True,True,Sock Shop,loss,batch-05
rcaeval-29,hybrid,claim-32,Degradation is due to resource exhaustion rather than logged application exceptions,Degradation is due to resource exhaustion rather than logged application exceptions,general,0.0,True,0.0,True,True,Sock Shop,loss,batch-05
rcaeval-29,hybrid,claim-33,SECURITY confidence is 0.98,SECURITY confidence is 0.98,state,0.0,True,0.0,True,True,Sock Shop,loss,batch-05
rcaeval-29,hybrid,claim-34,DEPLOYMENTS confidence is 0.25,DEPLOYMENTS confidence is 0.25,state,0.0,True,0.0,True,True,Sock Shop,loss,batch-05
rcaeval-29,hybrid,claim-35,SECURITY and DEPLOYMENTS rule out alternative causes,SECURITY and DEPLOYMENTS rule out alternative causes,general,0.0,True,0.0,True,True,Sock Shop,loss,batch-05
rcaeval-29,hybrid,claim-36,No catalogue logs exist to attribute credential leak,No catalogue logs exist to attribute credential leak,state,0.512,False,0.0,True,False,Sock Shop,loss,batch-05
rcaeval-29,hybrid,claim-37,Plaintext credentials were found only in front-end logs,Plaintext credentials were found only in front-end logs,state,0.0,True,0.0,True,True,Sock Shop,loss,batch-05
rcaeval-29,hybrid,claim-38,Deployment status is Degraded,Deployment status is Degraded,state,0.0,True,0.0,True,True,Sock Shop,loss,batch-05
rcaeval-29,hybrid,claim-39,Deployment sha is null,Deployment sha is null,state,0.0,True,1.0,False,False,Sock Shop,loss,batch-05
rcaeval-29,hybrid,claim-40,Deployment commit_msg is null,Deployment commit_msg is null,state,0.0,True,1.0,False,False,Sock Shop,loss,batch-05
rcaeval-29,hybrid,claim-41,No git regression can be verified due to null sha/commit_msg,No git regression can be verified due to null sha/commit_msg,causal,0.0,True,0.0,True,True,Sock Shop,loss,batch-05
rcaeval-29,hybrid,claim-42,MONITORING confidence is 0.45,MONITORING confidence is 0.45,state,0.0,True,0.0,True,True,Sock Shop,loss,batch-05
rcaeval-29,hybrid,claim-43,MONITORING is inconclusive,MONITORING is inconclusive,state,0.0,True,0.0,True,True,Sock Shop,loss,batch-05
rcaeval-29,hybrid,claim-44,MONITORING is discounted due to low confidence,MONITORING is discounted due to low confidence,causal,0.0,True,0.0,True,True,Sock Shop,loss,batch-05
rcaeval-30,none,claim-1,Pod 'ts-order-service' has Failed,Pod 'ts-order-service' has Failed,state,0.705,False,1.0,False,True,Train Ticket,loss,batch-05
rcaeval-30,none,claim-2,Deployment 'ts-order-service-deploy' is Degraded,Deployment 'ts-order-service-deploy' is Degraded,state,0.7,False,0.5,False,True,Train Ticket,loss,batch-05
rcaeval-30,none,claim-3,System-wide disk IO saturation caused ts-order-service failure,System-wide disk IO saturation caused ts-order-service failure,causal,0.705,False,0.0,True,False,Train Ticket,loss,batch-05
rcaeval-30,none,claim-4,Cluster-wide performance degradation occurred after timestamp 1705988266,Cluster-wide performance degradation occurred after timestamp 1705988266,temporal,0.0,True,0.0,True,True,Train Ticket,loss,batch-05
rcaeval-30,none,claim-5,Cluster-wide degradation affects at least 5 services,Cluster-wide degradation affects at least 5 services,state,0.0,True,0.0,True,True,Train Ticket,loss,batch-05
rcaeval-30,none,claim-6,The failure is not an isolated pod issue,The failure is not an isolated pod issue,state,0.0,True,0.0,True,True,Train Ticket,loss,batch-05
rcaeval-30,none,claim-7,ts-order-service disk IO increased by +162%,ts-order-service disk IO increased by +162%,state,0.705,False,0.5,False,True,Train Ticket,loss,batch-05
rcaeval-30,none,claim-8,ts-order-service p90 latency increased by +151%,ts-order-service p90 latency increased by +151%,state,0.588,False,0.5,False,True,Train Ticket,loss,batch-05
rcaeval-30,none,claim-9,Four other services developed new error rates between 0.0027 and 0.0055,Four other services developed new error rates between 0.0027 and 0.0055,state,0.0,True,0.0,True,True,Train Ticket,loss,batch-05
rcaeval-30,none,claim-10,Those other services showed 1.5x-5.2x latency increases,Those other services showed 1.5x-5.2x latency increases,state,0.0,True,0.0,True,True,Train Ticket,loss,batch-05
rcaeval-30,none,claim-11,Root cause is not isolated self-inflicted noisy-neighbor contention,Root cause is not isolated self-inflicted noisy-neighbor contention,causal,0.0,True,0.0,True,True,Train Ticket,loss,batch-05
rcaeval-30,none,claim-12,Root cause is not 95% CPU utilization,Root cause is not 95% CPU utilization,causal,0.0,True,0.0,True,True,Train Ticket,loss,batch-05
rcaeval-30,none,claim-13,MONITORING metric 'container_cpu_usage_seconds_total' with value 95.0 is a cumulative counter requiring rate() calculation,MONITORING metric 'container_cpu_usage_seconds_total' with value 95.0 is a cumulative counter requiring rate() calculation,general,0.352,True,0.0,True,True,Train Ticket,loss,batch-05
rcaeval-30,none,claim-14,A single data point of container_cpu_usage_seconds_total is uninterpretable,A single data point of container_cpu_usage_seconds_total is uninterpretable,general,0.356,True,0.0,True,True,Train Ticket,loss,batch-05
rcaeval-30,none,claim-15,The CPU metric was correctly discounted,The CPU metric was correctly discounted,state,0.0,True,0.0,True,True,Train Ticket,loss,batch-05
rcaeval-30,none,claim-16,TOPOLOGY finding states the pod is its own noisy neighbor on node 'node-worker-01',TOPOLOGY finding states the pod is its own noisy neighbor on node 'node-worker-01',entity_relationship,0.71,False,0.0,True,False,Train Ticket,loss,batch-05
rcaeval-30,none,claim-17,TOPOLOGY finding claims an isolated blast radius,TOPOLOGY finding claims an isolated blast radius,state,0.0,True,0.0,True,True,Train Ticket,loss,batch-05
rcaeval-30,none,claim-18,The TOPOLOGY finding is an artifact/symptom of resource distress,The TOPOLOGY finding is an artifact/symptom of resource distress,causal,0.0,True,0.0,True,True,Train Ticket,loss,batch-05
rcaeval-30,none,claim-19,LOGS evidence contradicts the isolated blast radius and indicates system-wide degradation,LOGS evidence contradicts the isolated blast radius and indicates system-wide degradation,causal,0.0,True,0.0,True,True,Train Ticket,loss,batch-05
rcaeval-30,none,claim-20,LOGS Agent confidence is 0.84,LOGS Agent confidence is 0.84,state,0.0,True,0.0,True,True,Train Ticket,loss,batch-05
rcaeval-30,none,claim-21,No ts-order-service error logs exist in the provided window,No ts-order-service error logs exist in the provided window,state,0.705,False,0.5,False,True,Train Ticket,loss,batch-05
rcaeval-30,none,claim-22,"All logs in the provided window are INFO level from ts-basic-service, ts-route-service, and ts-price-service","All logs in the provided window are INFO level from ts-basic-service, ts-route-service, and ts-price-service",state,0.371,True,0.0,True,True,Train Ticket,loss,batch-05
rcaeval-30,none,claim-23,ts-order-service disk IO mean increased from 6.021e+04 to 1.577e+05,ts-order-service disk IO mean increased from 6.021e+04 to 1.577e+05,state,0.705,False,0.5,False,True,Train Ticket,loss,batch-05
rcaeval-30,none,claim-24,ts-order-service p90 latency increased from 0.103 to 0.2588,ts-order-service p90 latency increased from 0.103 to 0.2588,state,0.591,False,0.5,False,True,Train Ticket,loss,batch-05
rcaeval-30,none,claim-25,ts-order-service degradation coincides exactly with 4 other services transitioning from 0 to 0.0027-0.0055 error rate,ts-order-service degradation coincides exactly with 4 other services transitioning from 0 to 0.0027-0.0055 error rate,temporal,0.705,False,0.0,True,False,Train Ticket,loss,batch-05
rcaeval-30,none,claim-26,Multiple services showed 1.5x-5.2x latency increase coinciding with ts-order-service degradation,Multiple services showed 1.5x-5.2x latency increase coinciding with ts-order-service degradation,temporal,0.705,False,0.5,False,True,Train Ticket,loss,batch-05
rcaeval-30,none,claim-27,Shared infrastructure pressure such as disk/storage or node-level IO contention is indicated as the cause,Shared infrastructure pressure such as disk/storage or node-level IO contention is indicated as the cause,causal,0.0,True,0.0,True,True,Train Ticket,loss,batch-05
rcaeval-30,none,claim-28,The cause is not a code regression,The cause is not a code regression,causal,0.0,True,0.0,True,True,Train Ticket,loss,batch-05
rcaeval-30,none,claim-29,DEPLOYMENTS Agent confirms git metadata sha is null,DEPLOYMENTS Agent confirms git metadata sha is null,state,0.0,True,0.0,True,True,Train Ticket,loss,batch-05
rcaeval-30,none,claim-30,DEPLOYMENTS Agent confirms git metadata commit_msg is null,DEPLOYMENTS Agent confirms git metadata commit_msg is null,state,0.0,True,0.5,False,False,Train Ticket,loss,batch-05
rcaeval-30,none,claim-31,No git metadata exists to link Degraded status to a deployment,No git metadata exists to link Degraded status to a deployment,entity_relationship,0.0,True,0.0,True,True,Train Ticket,loss,batch-05
rcaeval-30,none,claim-32,SECURITY Agent confidence is 0.8,SECURITY Agent confidence is 0.8,state,0.0,True,0.0,True,True,Train Ticket,loss,batch-05
rcaeval-30,none,claim-33,SECURITY Agent rules out breach/RBAC causes,SECURITY Agent rules out breach/RBAC causes,causal,0.0,True,0.0,True,True,Train Ticket,loss,batch-05
rcaeval-30,raw,claim-1,Pod ts-order-service is in Failed status,Pod ts-order-service is in Failed status,state,0.705,False,0.5,False,True,Train Ticket,loss,batch-05
rcaeval-30,raw,claim-2,Pod ts-order-service is located on node-worker-01,Pod ts-order-service is located on node-worker-01,entity_relationship,0.705,False,0.5,False,True,Train Ticket,loss,batch-05
rcaeval-30,raw,claim-3,Pod ts-order-service failure is due to internal resource exhaustion,Pod ts-order-service failure is due to internal resource exhaustion,causal,0.705,False,0.5,False,True,Train Ticket,loss,batch-05
rcaeval-30,raw,claim-4,Pod ts-order-service exhibits high CPU usage,Pod ts-order-service exhibits high CPU usage,state,0.566,False,0.5,False,True,Train Ticket,loss,batch-05
rcaeval-30,raw,claim-5,Pod ts-order-service exhibits severe performance degradation,Pod ts-order-service exhibits severe performance degradation,state,0.705,False,0.0,True,False,Train Ticket,loss,batch-05
rcaeval-30,raw,claim-6,p90 latency increased by 151% after timestamp 1705988266,p90 latency increased by 151% after timestamp 1705988266,temporal,0.0,True,1.0,False,False,Train Ticket,loss,batch-05
rcaeval-30,raw,claim-7,Disk IO increased by 162% after timestamp 1705988266,Disk IO increased by 162% after timestamp 1705988266,temporal,0.0,True,0.5,False,False,Train Ticket,loss,batch-05
rcaeval-30,raw,claim-8,Failure is isolated to the ts-order-service pod,Failure is isolated to the ts-order-service pod,state,0.705,False,0.0,True,False,Train Ticket,loss,batch-05
rcaeval-30,raw,claim-9,Co-located neighbors had no impact on the failure,Co-located neighbors had no impact on the failure,causal,0.0,True,0.0,True,True,Train Ticket,loss,batch-05
rcaeval-30,raw,claim-10,Deployment regression had no impact on the failure,Deployment regression had no impact on the failure,causal,0.0,True,0.0,True,True,Train Ticket,loss,batch-05
rcaeval-30,raw,claim-11,Security breach had no impact on the failure,Security breach had no impact on the failure,causal,0.0,True,0.0,True,True,Train Ticket,loss,batch-05
rcaeval-30,raw,claim-12,Internal application-level CPU saturation/resource exhaustion is the root cause of the failure,Internal application-level CPU saturation/resource exhaustion is the root cause of the failure,causal,0.0,True,0.0,True,True,Train Ticket,loss,batch-05
rcaeval-30,raw,claim-13,External contention is not the root cause,External contention is not the root cause,causal,0.0,True,0.0,True,True,Train Ticket,loss,batch-05
rcaeval-30,raw,claim-14,Code deployment is not the root cause,Code deployment is not the root cause,causal,0.0,True,0.0,True,True,Train Ticket,loss,batch-05
rcaeval-30,raw,claim-15,MONITORING with confidence 0.88 reports high CPU anomaly,MONITORING with confidence 0.88 reports high CPU anomaly,state,0.0,True,0.0,True,True,Train Ticket,loss,batch-05
rcaeval-30,raw,claim-16,LOGS with confidence 0.89 confirms performance degradation after timestamp 1705988266,LOGS with confidence 0.89 confirms performance degradation after timestamp 1705988266,temporal,0.0,True,0.0,True,True,Train Ticket,loss,batch-05
rcaeval-30,raw,claim-17,Latency-90 increased from 0.103 to 0.2588 after timestamp 1705988266,Latency-90 increased from 0.103 to 0.2588 after timestamp 1705988266,temporal,0.353,True,1.0,False,False,Train Ticket,loss,batch-05
rcaeval-30,raw,claim-18,Disk IO increased from 6.021e+04 to 1.577e+05 after timestamp 1705988266,Disk IO increased from 6.021e+04 to 1.577e+05 after timestamp 1705988266,temporal,0.0,True,1.0,False,False,Train Ticket,loss,batch-05
rcaeval-30,raw,claim-19,No ts-order-service_error metric was observed,No ts-order-service_error metric was observed,state,0.351,True,0.5,False,False,Train Ticket,loss,batch-05
rcaeval-30,raw,claim-20,Zero log entries originated from ts-order-service itself,Zero log entries originated from ts-order-service itself,state,0.705,False,0.5,False,True,Train Ticket,loss,batch-05
rcaeval-30,raw,claim-21,All 14 log entries are INFO level successes,All 14 log entries are INFO level successes,state,0.0,True,0.0,True,True,Train Ticket,loss,batch-05
rcaeval-30,raw,claim-22,"All 14 log entries originated from unrelated pods ts-basic-service, ts-route-service, and ts-price-service","All 14 log entries originated from unrelated pods ts-basic-service, ts-route-service, and ts-price-service",entity_relationship,0.0,True,0.0,True,True,Train Ticket,loss,batch-05
rcaeval-30,raw,claim-23,The pod stopped emitting logs likely due to hang/crash under CPU pressure,The pod stopped emitting logs likely due to hang/crash under CPU pressure,causal,0.0,True,0.5,False,False,Train Ticket,loss,batch-05
rcaeval-30,raw,claim-24,TOPOLOGY with confidence 0.95 rules out noisy-neighbor contention,TOPOLOGY with confidence 0.95 rules out noisy-neighbor contention,causal,0.0,True,0.5,False,False,Train Ticket,loss,batch-05
rcaeval-30,raw,claim-25,Pod ts-order-service is isolated on node-worker-01,Pod ts-order-service is isolated on node-worker-01,entity_relationship,0.705,False,1.0,False,True,Train Ticket,loss,batch-05
rcaeval-30,raw,claim-26,Neighbors list for ts-order-service contains only itself,Neighbors list for ts-order-service contains only itself,entity_relationship,0.705,False,0.5,False,True,Train Ticket,loss,batch-05
rcaeval-30,raw,claim-27,Dependencies list for ts-order-service is empty,Dependencies list for ts-order-service is empty,entity_relationship,0.705,False,0.0,True,False,Train Ticket,loss,batch-05
rcaeval-30,raw,claim-28,SECURITY with confidence 0.8 rules out breach and RBAC issues,SECURITY with confidence 0.8 rules out breach and RBAC issues,state,0.0,True,1.0,False,False,Train Ticket,loss,batch-05
rcaeval-30,raw,claim-29,DEPLOYMENTS with confidence 0.2 shows Degraded status,DEPLOYMENTS with confidence 0.2 shows Degraded status,state,0.0,True,0.5,False,False,Train Ticket,loss,batch-05
rcaeval-30,raw,claim-30,DEPLOYMENTS has null Git SHA,DEPLOYMENTS has null Git SHA,state,0.0,True,0.5,False,False,Train Ticket,loss,batch-05
rcaeval-30,raw,claim-31,DEPLOYMENTS has null commit_msg,DEPLOYMENTS has null commit_msg,state,0.0,True,0.5,False,False,Train Ticket,loss,batch-05
rcaeval-30,raw,claim-32,DEPLOYMENTS provides no credible evidence for a code regression,DEPLOYMENTS provides no credible evidence for a code regression,general,0.0,True,0.0,True,True,Train Ticket,loss,batch-05
rcaeval-30,raw,claim-33,DEPLOYMENTS cannot be correlated to the failure,DEPLOYMENTS cannot be correlated to the failure,causal,0.0,True,0.0,True,True,Train Ticket,loss,batch-05
rcaeval-30,hybrid,claim-1,Pod 'ts-order-service' has Failed state,Pod 'ts-order-service' has Failed state,state,0.705,False,1.0,False,True,Train Ticket,loss,batch-05
rcaeval-30,hybrid,claim-2,Pod 'ts-order-service' is in Degraded state,Pod 'ts-order-service' is in Degraded state,state,0.705,False,1.0,False,True,Train Ticket,loss,batch-05
rcaeval-30,hybrid,claim-3,Pod 'ts-order-service' is located on node-worker-01,Pod 'ts-order-service' is located on node-worker-01,entity_relationship,0.705,False,1.0,False,True,Train Ticket,loss,batch-05
rcaeval-30,hybrid,claim-4,Pod exhibited severe performance degradation after timestamp 1705988266,Pod exhibited severe performance degradation after timestamp 1705988266,temporal,0.0,True,0.0,True,True,Train Ticket,loss,batch-05
rcaeval-30,hybrid,claim-5,p90 latency increased by 151%,p90 latency increased by 151%,state,0.0,True,0.5,False,False,Train Ticket,loss,batch-05
rcaeval-30,hybrid,claim-6,Disk I/O increased by 162%,Disk I/O increased by 162%,state,0.0,True,0.0,True,True,Train Ticket,loss,batch-05
rcaeval-30,hybrid,claim-7,Failure is isolated to the ts-order-service pod,Failure is isolated to the ts-order-service pod,state,0.705,False,0.0,True,False,Train Ticket,loss,batch-05
rcaeval-30,hybrid,claim-8,There is no cascading impact to neighbors,There is no cascading impact to neighbors,state,0.0,True,0.0,True,True,Train Ticket,loss,batch-05
rcaeval-30,hybrid,claim-9,There is no confirmed deployment regression,There is no confirmed deployment regression,state,0.0,True,0.5,False,False,Train Ticket,loss,batch-05
rcaeval-30,hybrid,claim-10,Correlated analysis indicates an internal resource/performance bottleneck,Correlated analysis indicates an internal resource/performance bottleneck,causal,0.0,True,0.0,True,True,Train Ticket,loss,batch-05
rcaeval-30,hybrid,claim-11,Failure is not caused by external contention,Failure is not caused by external contention,causal,0.0,True,0.0,True,True,Train Ticket,loss,batch-05
rcaeval-30,hybrid,claim-12,Failure is not caused by deployment regression,Failure is not caused by deployment regression,causal,0.0,True,1.0,False,False,Train Ticket,loss,batch-05
rcaeval-30,hybrid,claim-13,Failure is not caused by a security incident,Failure is not caused by a security incident,causal,0.0,True,1.0,False,False,Train Ticket,loss,batch-05
rcaeval-30,hybrid,claim-14,TOPOLOGY with confidence 0.95 confirms isolation on node-worker-01,TOPOLOGY with confidence 0.95 confirms isolation on node-worker-01,entity_relationship,0.71,False,0.0,True,False,Train Ticket,loss,batch-05
rcaeval-30,hybrid,claim-15,noisy_neighbors contains only ts-order-service itself,noisy_neighbors contains only ts-order-service itself,entity_relationship,0.705,False,0.0,True,False,Train Ticket,loss,batch-05
rcaeval-30,hybrid,claim-16,ts-order-service has 0 dependencies,ts-order-service has 0 dependencies,entity_relationship,0.705,False,0.5,False,True,Train Ticket,loss,batch-05
rcaeval-30,hybrid,claim-17,"ts-order-service is the SOURCE of noise, not a victim of noisy neighbors","ts-order-service is the SOURCE of noise, not a victim of noisy neighbors",entity_relationship,0.705,False,0.0,True,False,Train Ticket,loss,batch-05
rcaeval-30,hybrid,claim-18,LOGS with confidence 0.87 found 0 log lines for ts-order-service,LOGS with confidence 0.87 found 0 log lines for ts-order-service,state,0.705,False,1.0,False,True,Train Ticket,loss,batch-05
rcaeval-30,hybrid,claim-19,"Other services have INFO logs, in contrast to ts-order-service","Other services have INFO logs, in contrast to ts-order-service",state,0.705,False,0.0,True,False,Train Ticket,loss,batch-05
rcaeval-30,hybrid,claim-20,No hard error pattern was found in logs,No hard error pattern was found in logs,state,0.0,True,0.0,True,True,Train Ticket,loss,batch-05
rcaeval-30,hybrid,claim-21,Latency-90 mean increased from 0.103 to 0.2588 (+151%) after 1705988266,Latency-90 mean increased from 0.103 to 0.2588 (+151%) after 1705988266,temporal,0.358,True,0.5,False,False,Train Ticket,loss,batch-05
rcaeval-30,hybrid,claim-22,Disk I/O mean increased from 6.021e+04 to 1.577e+05 (+162%) after 1705988266,Disk I/O mean increased from 6.021e+04 to 1.577e+05 (+162%) after 1705988266,temporal,0.0,True,1.0,False,False,Train Ticket,loss,batch-05
rcaeval-30,hybrid,claim-23,"SECURITY with confidence 0.8 rules out breaches, RBAC, and secret issues","SECURITY with confidence 0.8 rules out breaches, RBAC, and secret issues",state,0.0,True,0.5,False,False,Train Ticket,loss,batch-05
rcaeval-30,hybrid,claim-24,DEPLOYMENTS with confidence 0.45 shows Degraded state,DEPLOYMENTS with confidence 0.45 shows Degraded state,state,0.0,True,0.5,False,False,Train Ticket,loss,batch-05
rcaeval-30,hybrid,claim-25,Deployment sha is null,Deployment sha is null,state,0.0,True,0.0,True,True,Train Ticket,loss,batch-05
rcaeval-30,hybrid,claim-26,Deployment commit_msg is null,Deployment commit_msg is null,state,0.0,True,0.5,False,False,Train Ticket,loss,batch-05
rcaeval-30,hybrid,claim-27,Null sha and commit_msg prevents Git correlation,Null sha and commit_msg prevents Git correlation,causal,0.0,True,0.5,False,False,Train Ticket,loss,batch-05
rcaeval-30,hybrid,claim-28,Deployment regression cannot be confirmed or ruled out,Deployment regression cannot be confirmed or ruled out,general,0.0,True,1.0,False,False,Train Ticket,loss,batch-05
rcaeval-30,hybrid,claim-29,MONITORING with confidence 0.55 is inconclusive due to single data point,MONITORING with confidence 0.55 is inconclusive due to single data point,general,0.0,True,0.0,True,True,Train Ticket,loss,batch-05
rcaeval-30,hybrid,claim-30,Intrinsic application or disk I/O pressure issue caused latency spike and eventual pod failure,Intrinsic application or disk I/O pressure issue caused latency spike and eventual pod failure,causal,0.0,True,0.0,True,True,Train Ticket,loss,batch-05
rcaeval-30,hybrid,claim-31,A potential log-collection gap obscures the crash reason,A potential log-collection gap obscures the crash reason,causal,0.0,True,0.0,True,True,Train Ticket,loss,batch-05
rcaeval-31,none,claim-1,Pod 'currencyservice' has Failed status,Pod 'currencyservice' has Failed status,state,0.708,False,1.0,False,True,Online Boutique,mem,batch-06
rcaeval-31,none,claim-2,Pod 'currencyservice' failure was caused by severe internal resource exhaustion,Pod 'currencyservice' failure was caused by severe internal resource exhaustion,causal,0.713,False,1.0,False,True,Online Boutique,mem,batch-06
rcaeval-31,none,claim-3,currencyservice p50 latency degraded by 21.2x,currencyservice p50 latency degraded by 21.2x,state,0.71,False,1.0,False,True,Online Boutique,mem,batch-06
rcaeval-31,none,claim-4,currencyservice p90 latency degraded by 8.8x,currencyservice p90 latency degraded by 8.8x,state,0.708,False,1.0,False,True,Online Boutique,mem,batch-06
rcaeval-31,none,claim-5,currencyservice failure caused cascading downstream p90 latency impact to frontend of 8.8x,currencyservice failure caused cascading downstream p90 latency impact to frontend of 8.8x,causal,0.708,False,0.5,False,True,Online Boutique,mem,batch-06
rcaeval-31,none,claim-6,currencyservice failure caused cascading downstream p90 latency impact to checkoutservice of 7.9x,currencyservice failure caused cascading downstream p90 latency impact to checkoutservice of 7.9x,causal,0.71,False,0.0,True,False,Online Boutique,mem,batch-06
rcaeval-31,none,claim-7,"After timestamp 1705464519, currencyservice exhibited performance degradation","After timestamp 1705464519, currencyservice exhibited performance degradation",temporal,0.582,False,0.5,False,True,Online Boutique,mem,batch-06
rcaeval-31,none,claim-8,The performance degradation was silent without log-visible errors,The performance degradation was silent without log-visible errors,state,0.0,True,0.0,True,True,Online Boutique,mem,batch-06
rcaeval-31,none,claim-9,Memory usage increased 4.49x from 4.49e+07 to 2.018e+08,Memory usage increased 4.49x from 4.49e+07 to 2.018e+08,state,0.0,True,0.0,True,True,Online Boutique,mem,batch-06
rcaeval-31,none,claim-10,CPU usage increased by 30% from 28.95 to 37.79,CPU usage increased by 30% from 28.95 to 37.79,state,0.0,True,0.0,True,True,Online Boutique,mem,batch-06
rcaeval-31,none,claim-11,Open sockets increased 2x from 3 to 5.985,Open sockets increased 2x from 3 to 5.985,state,0.0,True,0.0,True,True,Online Boutique,mem,batch-06
rcaeval-31,none,claim-12,p50 latency increased 21.2x from 0.004241 to 0.08981,p50 latency increased 21.2x from 0.004241 to 0.08981,state,0.0,True,0.0,True,True,Online Boutique,mem,batch-06
rcaeval-31,none,claim-13,p90 latency increased 8.8x from 0.06934 to 0.6117,p90 latency increased 8.8x from 0.06934 to 0.6117,state,0.0,True,1.0,False,False,Online Boutique,mem,batch-06
rcaeval-31,none,claim-14,"Increases in memory, CPU, and open sockets drove the p50 and p90 latency degradation","Increases in memory, CPU, and open sockets drove the p50 and p90 latency degradation",causal,0.0,True,0.0,True,True,Online Boutique,mem,batch-06
rcaeval-31,none,claim-15,Pattern indicates application-level resource exhaustion / memory pressure,Pattern indicates application-level resource exhaustion / memory pressure,causal,0.0,True,0.0,True,True,Online Boutique,mem,batch-06
rcaeval-31,none,claim-16,Likely underlying cause is memory leak or connection/socket leak,Likely underlying cause is memory leak or connection/socket leak,causal,0.0,True,0.0,True,True,Online Boutique,mem,batch-06
rcaeval-31,none,claim-17,The leak led to GC pressure and thread contention,The leak led to GC pressure and thread contention,causal,0.0,True,0.0,True,True,Online Boutique,mem,batch-06
rcaeval-31,none,claim-18,Resource exhaustion caused health probe failures,Resource exhaustion caused health probe failures,causal,0.0,True,0.0,True,True,Online Boutique,mem,batch-06
rcaeval-31,none,claim-19,Health probe failures caused the pod Failed status,Health probe failures caused the pod Failed status,causal,0.0,True,0.0,True,True,Online Boutique,mem,batch-06
rcaeval-31,none,claim-20,currencyservice is isolated on node-worker-01,currencyservice is isolated on node-worker-01,entity_relationship,0.708,False,0.5,False,True,Online Boutique,mem,batch-06
rcaeval-31,none,claim-21,currencyservice has no dependencies,currencyservice has no dependencies,entity_relationship,0.708,False,0.5,False,True,Online Boutique,mem,batch-06
rcaeval-31,none,claim-22,No co-located noisy neighbors exist on node-worker-01 (noisy_neighbors contains only itself),No co-located noisy neighbors exist on node-worker-01 (noisy_neighbors contains only itself),entity_relationship,0.72,False,0.5,False,True,Online Boutique,mem,batch-06
rcaeval-31,none,claim-23,External contention is ruled out as a cause,External contention is ruled out as a cause,causal,0.0,True,0.0,True,True,Online Boutique,mem,batch-06
rcaeval-31,none,claim-24,Deployment status is Degraded,Deployment status is Degraded,state,0.0,True,1.0,False,False,Online Boutique,mem,batch-06
rcaeval-31,none,claim-25,Deployment Git metadata sha is null,Deployment Git metadata sha is null,state,0.0,True,0.0,True,True,Online Boutique,mem,batch-06
rcaeval-31,none,claim-26,Degraded deployment is a symptom of the failure (failed health checks/rollout) rather than a correlated code regression,Degraded deployment is a symptom of the failure (failed health checks/rollout) rather than a correlated code regression,causal,0.0,True,0.0,True,True,Online Boutique,mem,batch-06
rcaeval-31,none,claim-27,Security telemetry shows no breaches,Security telemetry shows no breaches,state,0.0,True,0.0,True,True,Online Boutique,mem,batch-06
rcaeval-31,none,claim-28,Security cause is ruled out,Security cause is ruled out,causal,0.0,True,0.0,True,True,Online Boutique,mem,batch-06
rcaeval-31,raw,claim-1,Pod 'currencyservice' has Failed,Pod 'currencyservice' has Failed,state,0.708,False,1.0,False,True,Online Boutique,mem,batch-06
rcaeval-31,raw,claim-2,currencyservice is the bottleneck for downstream services,currencyservice is the bottleneck for downstream services,entity_relationship,0.71,False,0.0,True,False,Online Boutique,mem,batch-06
rcaeval-31,raw,claim-3,"After timestamp 1705464519, currencyservice shows severe performance degradation","After timestamp 1705464519, currencyservice shows severe performance degradation",temporal,0.584,False,0.0,True,False,Online Boutique,mem,batch-06
rcaeval-31,raw,claim-4,currencyservice p50 latency increased 21.2x from 0.004241 to 0.08981 after 1705464519,currencyservice p50 latency increased 21.2x from 0.004241 to 0.08981 after 1705464519,state,0.601,False,0.5,False,True,Online Boutique,mem,batch-06
rcaeval-31,raw,claim-5,currencyservice p90 latency increased 8.8x from 0.06934 to 0.6117 after 1705464519,currencyservice p90 latency increased 8.8x from 0.06934 to 0.6117 after 1705464519,state,0.596,False,0.5,False,True,Online Boutique,mem,batch-06
rcaeval-31,raw,claim-6,currencyservice memory usage increased 4.49x from 4.494e+07 to 2.018e+08 after 1705464519,currencyservice memory usage increased 4.49x from 4.494e+07 to 2.018e+08 after 1705464519,state,0.708,False,0.0,True,False,Online Boutique,mem,batch-06
rcaeval-31,raw,claim-7,currencyservice CPU usage increased from 28.95 to 37.79 after 1705464519,currencyservice CPU usage increased from 28.95 to 37.79 after 1705464519,state,0.713,False,0.0,True,False,Online Boutique,mem,batch-06
rcaeval-31,raw,claim-8,currencyservice sockets increased from 3 to 5.985 after 1705464519,currencyservice sockets increased from 3 to 5.985 after 1705464519,state,0.71,False,0.0,True,False,Online Boutique,mem,batch-06
rcaeval-31,raw,claim-9,frontend p90 latency spiked from 0.227s to 2.00s correlated with currencyservice degradation,frontend p90 latency spiked from 0.227s to 2.00s correlated with currencyservice degradation,state,0.71,False,0.0,True,False,Online Boutique,mem,batch-06
rcaeval-31,raw,claim-10,checkoutservice p90 latency spiked from 0.249s to 1.98s correlated with currencyservice degradation,checkoutservice p90 latency spiked from 0.249s to 1.98s correlated with currencyservice degradation,state,0.71,False,0.0,True,False,Online Boutique,mem,batch-06
rcaeval-31,raw,claim-11,No exceptions or timeouts were found in currencyservice logs,No exceptions or timeouts were found in currencyservice logs,state,0.605,False,0.0,True,False,Online Boutique,mem,batch-06
rcaeval-31,raw,claim-12,No error logs were observed despite latency degradation,No error logs were observed despite latency degradation,state,0.0,True,0.0,True,True,Online Boutique,mem,batch-06
rcaeval-31,raw,claim-13,Internal application-level memory pressure / likely memory leak led to GC-induced latency in currencyservice,Internal application-level memory pressure / likely memory leak led to GC-induced latency in currencyservice,causal,0.554,False,0.5,False,True,Online Boutique,mem,batch-06
rcaeval-31,raw,claim-14,GC-induced latency caused performance degradation in currencyservice,GC-induced latency caused performance degradation in currencyservice,causal,0.708,False,0.0,True,False,Online Boutique,mem,batch-06
rcaeval-31,raw,claim-15,Performance degradation in currencyservice caused correlated latency spikes in frontend and checkoutservice,Performance degradation in currencyservice caused correlated latency spikes in frontend and checkoutservice,causal,0.708,False,0.5,False,True,Online Boutique,mem,batch-06
rcaeval-31,raw,claim-16,External contention is not the cause of the failure,External contention is not the cause of the failure,causal,0.0,True,0.5,False,False,Online Boutique,mem,batch-06
rcaeval-31,raw,claim-17,Security issues are not the cause of the failure,Security issues are not the cause of the failure,causal,0.0,True,0.5,False,False,Online Boutique,mem,batch-06
rcaeval-31,raw,claim-18,LOGS Agent with confidence 0.92 proves currencyservice is the bottleneck,LOGS Agent with confidence 0.92 proves currencyservice is the bottleneck,general,0.71,False,0.0,True,False,Online Boutique,mem,batch-06
rcaeval-31,raw,claim-19,TOPOLOGY Agent with confidence 0.95 rules out noisy-neighbor contention,TOPOLOGY Agent with confidence 0.95 rules out noisy-neighbor contention,general,0.0,True,0.0,True,True,Online Boutique,mem,batch-06
rcaeval-31,raw,claim-20,currencyservice pod is isolated on node-worker-01,currencyservice pod is isolated on node-worker-01,entity_relationship,0.713,False,1.0,False,True,Online Boutique,mem,batch-06
rcaeval-31,raw,claim-21,noisy_neighbors for currencyservice contains only itself,noisy_neighbors for currencyservice contains only itself,entity_relationship,0.708,False,0.0,True,False,Online Boutique,mem,batch-06
rcaeval-31,raw,claim-22,dependencies for currencyservice is empty,dependencies for currencyservice is empty,entity_relationship,0.708,False,1.0,False,True,Online Boutique,mem,batch-06
rcaeval-31,raw,claim-23,MONITORING Agent with confidence 0.62 is inconclusive on single cpu_usage data point of 95.0,MONITORING Agent with confidence 0.62 is inconclusive on single cpu_usage data point of 95.0,general,0.0,True,0.0,True,True,Online Boutique,mem,batch-06
rcaeval-31,raw,claim-24,Single cpu_usage data point of 95.0 is consistent with sustained CPU increase from 28.95 to 37.79,Single cpu_usage data point of 95.0 is consistent with sustained CPU increase from 28.95 to 37.79,state,0.0,True,0.0,True,True,Online Boutique,mem,batch-06
rcaeval-31,raw,claim-25,"SECURITY Agent with confidence 0.80 rules out breach, RBAC, and secret issues","SECURITY Agent with confidence 0.80 rules out breach, RBAC, and secret issues",general,0.0,True,0.0,True,True,Online Boutique,mem,batch-06
rcaeval-31,raw,claim-26,DEPLOYMENTS Agent with confidence 0.35 notes deployment status is Degraded,DEPLOYMENTS Agent with confidence 0.35 notes deployment status is Degraded,state,0.0,True,0.0,True,True,Online Boutique,mem,batch-06
rcaeval-31,raw,claim-27,DEPLOYMENTS Agent cannot correlate failure to code regression due to null sha and commit_msg,DEPLOYMENTS Agent cannot correlate failure to code regression due to null sha and commit_msg,general,0.0,True,0.0,True,True,Online Boutique,mem,batch-06
rcaeval-31,raw,claim-28,Failure is isolated to currencyservice internal resource exhaustion,Failure is isolated to currencyservice internal resource exhaustion,causal,0.708,False,0.5,False,True,Online Boutique,mem,batch-06
rcaeval-31,raw,claim-29,Failure is not due to infrastructure issues,Failure is not due to infrastructure issues,causal,0.0,True,0.0,True,True,Online Boutique,mem,batch-06
rcaeval-31,raw,claim-30,Failure is not a deployment-verified code regression,Failure is not a deployment-verified code regression,general,0.0,True,0.0,True,True,Online Boutique,mem,batch-06
rcaeval-31,hybrid,claim-1,Pod 'currencyservice' is in Failed state,Pod 'currencyservice' is in Failed state,state,0.713,False,1.0,False,True,Online Boutique,mem,batch-06
rcaeval-31,hybrid,claim-2,Pod 'currencyservice' Failed state is due to severe resource exhaustion,Pod 'currencyservice' Failed state is due to severe resource exhaustion,causal,0.708,False,1.0,False,True,Online Boutique,mem,batch-06
rcaeval-31,hybrid,claim-3,currencyservice experienced ~21x p50 latency regression,currencyservice experienced ~21x p50 latency regression,state,0.708,False,1.0,False,True,Online Boutique,mem,batch-06
rcaeval-31,hybrid,claim-4,currencyservice experienced ~8.8x p90 latency regression,currencyservice experienced ~8.8x p90 latency regression,state,0.708,False,1.0,False,True,Online Boutique,mem,batch-06
rcaeval-31,hybrid,claim-5,currencyservice memory grew 4.5x from 44.9MB to 201.8MB,currencyservice memory grew 4.5x from 44.9MB to 201.8MB,state,0.708,False,1.0,False,True,Online Boutique,mem,batch-06
rcaeval-31,hybrid,claim-6,frontend p90 latency spiked from 0.227s to 2.00s as cascading effect,frontend p90 latency spiked from 0.227s to 2.00s as cascading effect,state,0.0,True,1.0,False,False,Online Boutique,mem,batch-06
rcaeval-31,hybrid,claim-7,checkoutservice p90 latency spiked from 0.249s to 1.98s as cascading effect,checkoutservice p90 latency spiked from 0.249s to 1.98s as cascading effect,state,0.347,True,1.0,False,False,Online Boutique,mem,batch-06
rcaeval-31,hybrid,claim-8,Cascading latency spikes in frontend and checkoutservice were caused by currencyservice resource exhaustion,Cascading latency spikes in frontend and checkoutservice were caused by currencyservice resource exhaustion,causal,0.708,False,0.0,True,False,Online Boutique,mem,batch-06
rcaeval-31,hybrid,claim-9,Root cause is in-pod memory pressure/resource exhaustion,Root cause is in-pod memory pressure/resource exhaustion,causal,0.0,True,0.0,True,True,Online Boutique,mem,batch-06
rcaeval-31,hybrid,claim-10,Root cause occurred without application-logged errors,Root cause occurred without application-logged errors,state,0.0,True,0.0,True,True,Online Boutique,mem,batch-06
rcaeval-31,hybrid,claim-11,Resource exhaustion started after timestamp 1705464519,Resource exhaustion started after timestamp 1705464519,temporal,0.0,True,0.0,True,True,Online Boutique,mem,batch-06
rcaeval-31,hybrid,claim-12,currencyservice p50 latency increased from 0.004241 to 0.08981,currencyservice p50 latency increased from 0.004241 to 0.08981,state,0.603,False,1.0,False,True,Online Boutique,mem,batch-06
rcaeval-31,hybrid,claim-13,currencyservice p90 latency increased from 0.06934 to 0.6117,currencyservice p90 latency increased from 0.06934 to 0.6117,state,0.71,False,1.0,False,True,Online Boutique,mem,batch-06
rcaeval-31,hybrid,claim-14,currencyservice memory increased from 4.494e+07 to 2.018e+08,currencyservice memory increased from 4.494e+07 to 2.018e+08,state,0.708,False,1.0,False,True,Online Boutique,mem,batch-06
rcaeval-31,hybrid,claim-15,currencyservice CPU increased from 28.95 to 37.79,currencyservice CPU increased from 28.95 to 37.79,state,0.713,False,0.5,False,True,Online Boutique,mem,batch-06
rcaeval-31,hybrid,claim-16,currencyservice sockets increased from 3 to 5.985,currencyservice sockets increased from 3 to 5.985,state,0.708,False,0.5,False,True,Online Boutique,mem,batch-06
rcaeval-31,hybrid,claim-17,Application logs contain only 'conversion request successful' with absence of error logs,Application logs contain only 'conversion request successful' with absence of error logs,state,0.342,True,0.0,True,True,Online Boutique,mem,batch-06
rcaeval-31,hybrid,claim-18,Absence of error logs indicates silent performance degradation rather than crash/exception,Absence of error logs indicates silent performance degradation rather than crash/exception,causal,0.0,True,0.0,True,True,Online Boutique,mem,batch-06
rcaeval-31,hybrid,claim-19,Topology with confidence 0.95 confirms currencyservice is isolated on node-worker-01,Topology with confidence 0.95 confirms currencyservice is isolated on node-worker-01,entity_relationship,0.713,False,0.5,False,True,Online Boutique,mem,batch-06
rcaeval-31,hybrid,claim-20,Topology confirms currencyservice has no dependencies,Topology confirms currencyservice has no dependencies,entity_relationship,0.708,False,1.0,False,True,Online Boutique,mem,batch-06
rcaeval-31,hybrid,claim-21,"Topology shows noisy_neighbors contains only itself, indicating no external noisy neighbors","Topology shows noisy_neighbors contains only itself, indicating no external noisy neighbors",entity_relationship,0.0,True,0.0,True,True,Online Boutique,mem,batch-06
rcaeval-31,hybrid,claim-22,Isolation on node-worker-01 rules out cross-pod contention,Isolation on node-worker-01 rules out cross-pod contention,causal,0.72,False,0.0,True,False,Online Boutique,mem,batch-06
rcaeval-31,hybrid,claim-23,No dependencies rules out downstream dependency failure,No dependencies rules out downstream dependency failure,causal,0.0,True,0.0,True,True,Online Boutique,mem,batch-06
rcaeval-31,hybrid,claim-24,Security analysis with confidence 0.8 rules out breach/RBAC/secrets issues,Security analysis with confidence 0.8 rules out breach/RBAC/secrets issues,state,0.0,True,0.0,True,True,Online Boutique,mem,batch-06
rcaeval-31,hybrid,claim-25,Deployments analysis with confidence 0.55 shows Degraded state,Deployments analysis with confidence 0.55 shows Degraded state,state,0.0,True,0.0,True,True,Online Boutique,mem,batch-06
rcaeval-31,hybrid,claim-26,Deployments sha and commit_msg are null,Deployments sha and commit_msg are null,state,0.0,True,0.5,False,False,Online Boutique,mem,batch-06
rcaeval-31,hybrid,claim-27,Null sha/commit_msg means regression cannot be confirmed via Git correlation,Null sha/commit_msg means regression cannot be confirmed via Git correlation,causal,0.0,True,0.5,False,False,Online Boutique,mem,batch-06
rcaeval-31,hybrid,claim-28,Monitoring analysis with confidence 0.3 is inconclusive,Monitoring analysis with confidence 0.3 is inconclusive,state,0.0,True,0.5,False,False,Online Boutique,mem,batch-06
rcaeval-31,hybrid,claim-29,Correlated spikes in frontend and checkoutservice confirm currencyservice as the bottleneck source,Correlated spikes in frontend and checkoutservice confirm currencyservice as the bottleneck source,causal,0.708,False,0.5,False,True,Online Boutique,mem,batch-06
rcaeval-32,none,claim-1,Pod 'catalogue' is on node-worker-01,Pod 'catalogue' is on node-worker-01,entity_relationship,0.71,False,1.0,False,True,Sock Shop,mem,batch-06
rcaeval-32,none,claim-2,Pod 'catalogue' has Failed status,Pod 'catalogue' has Failed status,state,0.504,False,1.0,False,True,Sock Shop,mem,batch-06
rcaeval-32,none,claim-3,Pod 'catalogue' failure was caused by severe resource exhaustion,Pod 'catalogue' failure was caused by severe resource exhaustion,causal,0.0,True,1.0,False,False,Sock Shop,mem,batch-06
rcaeval-32,none,claim-4,CPU saturation caused catalogue pod failure,CPU saturation caused catalogue pod failure,causal,0.522,False,0.5,False,True,Sock Shop,mem,batch-06
rcaeval-32,none,claim-5,Memory bloat caused catalogue pod failure,Memory bloat caused catalogue pod failure,causal,0.0,True,0.0,True,True,Sock Shop,mem,batch-06
rcaeval-32,none,claim-6,Impact is isolated to the catalogue service,Impact is isolated to the catalogue service,state,0.504,False,0.0,True,False,Sock Shop,mem,batch-06
rcaeval-32,none,claim-7,No downstream dependencies were affected,No downstream dependencies were affected,state,0.0,True,0.0,True,True,Sock Shop,mem,batch-06
rcaeval-32,none,claim-8,No co-located noisy neighbors were affected,No co-located noisy neighbors were affected,state,0.0,True,0.0,True,True,Sock Shop,mem,batch-06
rcaeval-32,none,claim-9,Catalogue service is fully unavailable,Catalogue service is fully unavailable,state,0.517,False,0.0,True,False,Sock Shop,mem,batch-06
rcaeval-32,none,claim-10,CPU increased by ~390x,CPU increased by ~390x,state,0.0,True,0.0,True,True,Sock Shop,mem,batch-06
rcaeval-32,none,claim-11,Memory increased by ~66x,Memory increased by ~66x,state,0.0,True,0.0,True,True,Sock Shop,mem,batch-06
rcaeval-32,none,claim-12,p90 latency degraded by ~47x,p90 latency degraded by ~47x,state,0.0,True,0.5,False,False,Sock Shop,mem,batch-06
rcaeval-32,none,claim-13,Resource and latency degradation observed after 2024-01-21T06:43:36Z,Resource and latency degradation observed after 2024-01-21T06:43:36Z,temporal,0.0,True,0.0,True,True,Sock Shop,mem,batch-06
rcaeval-32,none,claim-14,Root cause is internal resource exhaustion/overload,Root cause is internal resource exhaustion/overload,causal,0.0,True,0.0,True,True,Sock Shop,mem,batch-06
rcaeval-32,none,claim-15,Root cause is not external contention,Root cause is not external contention,causal,0.0,True,0.0,True,True,Sock Shop,mem,batch-06
rcaeval-32,none,claim-16,Root cause is not deployment regression,Root cause is not deployment regression,causal,0.0,True,0.0,True,True,Sock Shop,mem,batch-06
rcaeval-32,none,claim-17,Root cause is not security breach,Root cause is not security breach,causal,0.0,True,0.0,True,True,Sock Shop,mem,batch-06
rcaeval-32,none,claim-18,MONITORING flagged high CPU anomaly with confidence 0.95,MONITORING flagged high CPU anomaly with confidence 0.95,state,0.0,True,0.0,True,True,Sock Shop,mem,batch-06
rcaeval-32,none,claim-19,LOGS metrics show explosion after timestamp 1705819416,LOGS metrics show explosion after timestamp 1705819416,temporal,0.0,True,0.0,True,True,Sock Shop,mem,batch-06
rcaeval-32,none,claim-20,CPU mean increased from 0.18 to 70.28 (~390x),CPU mean increased from 0.18 to 70.28 (~390x),state,0.0,True,0.5,False,False,Sock Shop,mem,batch-06
rcaeval-32,none,claim-21,Memory increased from 6.337e+06 to 4.175e+08 (~66x),Memory increased from 6.337e+06 to 4.175e+08 (~66x),state,0.0,True,0.5,False,False,Sock Shop,mem,batch-06
rcaeval-32,none,claim-22,p90 latency increased from 0.004629 to 0.2191 (~47x),p90 latency increased from 0.004629 to 0.2191 (~47x),state,0.0,True,0.5,False,False,Sock Shop,mem,batch-06
rcaeval-32,none,claim-23,p50 latency increased from 0.003016 to 0.004252,p50 latency increased from 0.003016 to 0.004252,state,0.0,True,0.0,True,True,Sock Shop,mem,batch-06
rcaeval-32,none,claim-24,Sockets increased from 6 to 9.902,Sockets increased from 6 to 9.902,state,0.0,True,1.0,False,False,Sock Shop,mem,batch-06
rcaeval-32,none,claim-25,No catalogue pod logs were present in window,No catalogue pod logs were present in window,state,0.508,False,0.0,True,False,Sock Shop,mem,batch-06
rcaeval-32,none,claim-26,Only healthy user and front-end logs were present in window,Only healthy user and front-end logs were present in window,state,0.0,True,0.5,False,False,Sock Shop,mem,batch-06
rcaeval-32,none,claim-27,User and front-end logs showed 0.8-2.2ms latency,User and front-end logs showed 0.8-2.2ms latency,state,0.347,True,0.0,True,True,Sock Shop,mem,batch-06
rcaeval-32,none,claim-28,User and front-end logs showed 200 responses,User and front-end logs showed 200 responses,state,0.0,True,0.0,True,True,Sock Shop,mem,batch-06
rcaeval-32,none,claim-29,Failure is performance/saturation-driven rather than logged application error,Failure is performance/saturation-driven rather than logged application error,causal,0.0,True,0.0,True,True,Sock Shop,mem,batch-06
rcaeval-32,none,claim-30,TOPOLOGY with confidence 0.99 rules out noisy-neighbor contention,TOPOLOGY with confidence 0.99 rules out noisy-neighbor contention,causal,0.0,True,0.0,True,True,Sock Shop,mem,batch-06
rcaeval-32,none,claim-31,Catalogue is sole occupant of node-worker-01,Catalogue is sole occupant of node-worker-01,entity_relationship,0.71,False,0.5,False,True,Sock Shop,mem,batch-06
rcaeval-32,none,claim-32,Neighbors list for node-worker-01 only contains self-reference,Neighbors list for node-worker-01 only contains self-reference,state,0.71,False,0.0,True,False,Sock Shop,mem,batch-06
rcaeval-32,none,claim-33,"SECURITY with confidence 0.8 rules out breach, RBAC and secret issues","SECURITY with confidence 0.8 rules out breach, RBAC and secret issues",causal,0.0,True,1.0,False,False,Sock Shop,mem,batch-06
rcaeval-32,none,claim-34,DEPLOYMENTS with confidence 0.2 is inconclusive,DEPLOYMENTS with confidence 0.2 is inconclusive,state,0.0,True,0.0,True,True,Sock Shop,mem,batch-06
rcaeval-32,none,claim-35,catalogue-deploy is Degraded,catalogue-deploy is Degraded,state,0.0,True,1.0,False,False,Sock Shop,mem,batch-06
rcaeval-32,none,claim-36,catalogue-deploy sha is null,catalogue-deploy sha is null,state,0.0,True,0.0,True,True,Sock Shop,mem,batch-06
rcaeval-32,none,claim-37,catalogue-deploy commit_msg is null,catalogue-deploy commit_msg is null,state,0.0,True,0.0,True,True,Sock Shop,mem,batch-06
rcaeval-32,none,claim-38,No Git diff present for catalogue-deploy,No Git diff present for catalogue-deploy,state,0.0,True,0.0,True,True,Sock Shop,mem,batch-06
rcaeval-32,none,claim-39,Deployment regression cannot be confirmed,Deployment regression cannot be confirmed,state,0.0,True,0.0,True,True,Sock Shop,mem,batch-06
rcaeval-32,none,claim-40,"Degraded status of catalogue-deploy is likely an effect of the crash, not the cause","Degraded status of catalogue-deploy is likely an effect of the crash, not the cause",causal,0.0,True,0.5,False,False,Sock Shop,mem,batch-06
rcaeval-32,raw,claim-1,Pod 'catalogue' has Failed,Pod 'catalogue' has Failed,state,0.0,True,1.0,False,False,Sock Shop,mem,batch-06
rcaeval-32,raw,claim-2,Pod 'catalogue' is located on node-worker-01,Pod 'catalogue' is located on node-worker-01,entity_relationship,0.71,False,0.5,False,True,Sock Shop,mem,batch-06
rcaeval-32,raw,claim-3,"Isolated, critical resource exhaustion occurred on node-worker-01","Isolated, critical resource exhaustion occurred on node-worker-01",state,0.71,False,0.0,True,False,Sock Shop,mem,batch-06
rcaeval-32,raw,claim-4,Resource exhaustion on node-worker-01 caused pod 'catalogue' to fail,Resource exhaustion on node-worker-01 caused pod 'catalogue' to fail,causal,0.71,False,1.0,False,True,Sock Shop,mem,batch-06
rcaeval-32,raw,claim-5,Failure of pod 'catalogue' caused service unavailability for the catalogue service,Failure of pod 'catalogue' caused service unavailability for the catalogue service,causal,0.505,False,1.0,False,True,Sock Shop,mem,batch-06
rcaeval-32,raw,claim-6,CPU metrics show catastrophic degradation of ~390x,CPU metrics show catastrophic degradation of ~390x,state,0.0,True,0.5,False,False,Sock Shop,mem,batch-06
rcaeval-32,raw,claim-7,Memory metrics show catastrophic degradation of ~66x,Memory metrics show catastrophic degradation of ~66x,state,0.0,True,0.5,False,False,Sock Shop,mem,batch-06
rcaeval-32,raw,claim-8,There was no downstream dependency impact,There was no downstream dependency impact,state,0.0,True,0.0,True,True,Sock Shop,mem,batch-06
rcaeval-32,raw,claim-9,"After timestamp 1705819416, pod 'catalogue' entered a definitive resource-exhaustion state","After timestamp 1705819416, pod 'catalogue' entered a definitive resource-exhaustion state",temporal,0.0,True,1.0,False,False,Sock Shop,mem,batch-06
rcaeval-32,raw,claim-10,catalogue_cpu mean increased from 0.18 to 70.28 (~390x),catalogue_cpu mean increased from 0.18 to 70.28 (~390x),state,0.364,True,1.0,False,False,Sock Shop,mem,batch-06
rcaeval-32,raw,claim-11,catalogue_mem increased from 6.337e+06 to 4.175e+08 (~66x),catalogue_mem increased from 6.337e+06 to 4.175e+08 (~66x),state,0.363,True,1.0,False,False,Sock Shop,mem,batch-06
rcaeval-32,raw,claim-12,catalogue_latency-90 increased from 0.004629 to 0.2191 (~47x),catalogue_latency-90 increased from 0.004629 to 0.2191 (~47x),state,0.377,True,1.0,False,False,Sock Shop,mem,batch-06
rcaeval-32,raw,claim-13,catalogue_socket increased from 6 to 9.902,catalogue_socket increased from 6 to 9.902,state,0.345,True,1.0,False,False,Sock Shop,mem,batch-06
rcaeval-32,raw,claim-14,catalogue_latency-50 was also elevated,catalogue_latency-50 was also elevated,state,0.359,True,1.0,False,False,Sock Shop,mem,batch-06
rcaeval-32,raw,claim-15,Severe CPU hog and/or memory leak originated inside the catalogue container itself,Severe CPU hog and/or memory leak originated inside the catalogue container itself,causal,0.517,False,0.0,True,False,Sock Shop,mem,batch-06
rcaeval-32,raw,claim-16,The CPU hog and/or memory leak caused performance degradation,The CPU hog and/or memory leak caused performance degradation,causal,0.0,True,0.0,True,True,Sock Shop,mem,batch-06
rcaeval-32,raw,claim-17,The CPU hog and/or memory leak caused eventual pod failure,The CPU hog and/or memory leak caused eventual pod failure,causal,0.0,True,0.0,True,True,Sock Shop,mem,batch-06
rcaeval-32,raw,claim-18,Topology confirms pod 'catalogue' is the noisy neighbor itself on node-worker-01,Topology confirms pod 'catalogue' is the noisy neighbor itself on node-worker-01,entity_relationship,0.71,False,0.5,False,True,Sock Shop,mem,batch-06
rcaeval-32,raw,claim-19,Pod 'catalogue' has no dependencies,Pod 'catalogue' has no dependencies,entity_relationship,0.0,True,0.0,True,True,Sock Shop,mem,batch-06
rcaeval-32,raw,claim-20,Resource contention is isolated,Resource contention is isolated,state,0.0,True,0.0,True,True,Sock Shop,mem,batch-06
rcaeval-32,raw,claim-21,Resource contention was not caused by a downstream service,Resource contention was not caused by a downstream service,causal,0.0,True,0.0,True,True,Sock Shop,mem,batch-06
rcaeval-32,raw,claim-22,Monitoring corroborates CPU saturation,Monitoring corroborates CPU saturation,state,0.0,True,0.0,True,True,Sock Shop,mem,batch-06
rcaeval-32,raw,claim-23,Logs show only [user] Health/PostAddress/PostCard and [front-end] POSTs,Logs show only [user] Health/PostAddress/PostCard and [front-end] POSTs,state,0.0,True,0.0,True,True,Sock Shop,mem,batch-06
rcaeval-32,raw,claim-24,Log latencies were normal at 2-7ms,Log latencies were normal at 2-7ms,state,0.572,False,0.5,False,True,Sock Shop,mem,batch-06
rcaeval-32,raw,claim-25,No catalogue container logs were present,No catalogue container logs were present,state,0.511,False,0.0,True,False,Sock Shop,mem,batch-06
rcaeval-32,raw,claim-26,The catalogue app became unresponsive while metrics spiked,The catalogue app became unresponsive while metrics spiked,state,0.558,False,0.0,True,False,Sock Shop,mem,batch-06
rcaeval-32,raw,claim-27,Deployment 'catalogue-deploy' is in Degraded state,Deployment 'catalogue-deploy' is in Degraded state,state,0.0,True,0.0,True,True,Sock Shop,mem,batch-06
rcaeval-32,raw,claim-28,Deployment 'catalogue-deploy' has no commit SHA/message,Deployment 'catalogue-deploy' has no commit SHA/message,state,0.287,True,0.0,True,True,Sock Shop,mem,batch-06
rcaeval-32,raw,claim-29,A deployment regression cannot be confirmed,A deployment regression cannot be confirmed,general,0.0,True,0.5,False,False,Sock Shop,mem,batch-06
rcaeval-32,raw,claim-30,"The Degraded deployment state is likely a consequence of the pod failure, not the cause","The Degraded deployment state is likely a consequence of the pod failure, not the cause",causal,0.0,True,0.0,True,True,Sock Shop,mem,batch-06
rcaeval-32,raw,claim-31,Security telemetry rules out breaches,Security telemetry rules out breaches,general,0.0,True,0.0,True,True,Sock Shop,mem,batch-06
rcaeval-32,raw,claim-32,Security telemetry rules out secret issues,Security telemetry rules out secret issues,general,0.0,True,0.0,True,True,Sock Shop,mem,batch-06
rcaeval-32,raw,claim-33,Security telemetry rules out RBAC issues,Security telemetry rules out RBAC issues,general,0.0,True,0.0,True,True,Sock Shop,mem,batch-06
rcaeval-32,hybrid,claim-1,Pod 'catalogue' has Failed status,Pod 'catalogue' has Failed status,state,0.504,False,1.0,False,True,Sock Shop,mem,batch-06
rcaeval-32,hybrid,claim-2,Pod 'catalogue' failed due to severe internal resource exhaustion,Pod 'catalogue' failed due to severe internal resource exhaustion,causal,0.0,True,1.0,False,False,Sock Shop,mem,batch-06
rcaeval-32,hybrid,claim-3,Pod 'catalogue' failed due to performance degradation,Pod 'catalogue' failed due to performance degradation,causal,0.515,False,0.5,False,True,Sock Shop,mem,batch-06
rcaeval-32,hybrid,claim-4,catalogue p90 latency increased ~47x from 0.0046s to 0.219s,catalogue p90 latency increased ~47x from 0.0046s to 0.219s,state,0.58,False,0.5,False,True,Sock Shop,mem,batch-06
rcaeval-32,hybrid,claim-5,Latency increase indicates service unavailability/overload,Latency increase indicates service unavailability/overload,causal,0.0,True,0.0,True,True,Sock Shop,mem,batch-06
rcaeval-32,hybrid,claim-6,Pod 'catalogue' is located on node-worker-01,Pod 'catalogue' is located on node-worker-01,entity_relationship,0.71,False,1.0,False,True,Sock Shop,mem,batch-06
rcaeval-32,hybrid,claim-7,Failure is caused by internal application-level overload/resource exhaustion,Failure is caused by internal application-level overload/resource exhaustion,causal,0.0,True,0.0,True,True,Sock Shop,mem,batch-06
rcaeval-32,hybrid,claim-8,Failure is not caused by external contention,Failure is not caused by external contention,general,0.0,True,0.0,True,True,Sock Shop,mem,batch-06
rcaeval-32,hybrid,claim-9,Failure is not caused by security breach,Failure is not caused by security breach,general,0.0,True,0.0,True,True,Sock Shop,mem,batch-06
rcaeval-32,hybrid,claim-10,"After timestamp 1705819416, catalogue metrics show catastrophic degradation","After timestamp 1705819416, catalogue metrics show catastrophic degradation",temporal,0.562,False,0.0,True,False,Sock Shop,mem,batch-06
rcaeval-32,hybrid,claim-11,catalogue_cpu mean increased from 0.18 to 70.28 (~390x),catalogue_cpu mean increased from 0.18 to 70.28 (~390x),state,0.364,True,0.5,False,False,Sock Shop,mem,batch-06
rcaeval-32,hybrid,claim-12,catalogue_mem increased from 6.337e+06 to 4.175e+08 (~66x),catalogue_mem increased from 6.337e+06 to 4.175e+08 (~66x),state,0.363,True,0.5,False,False,Sock Shop,mem,batch-06
rcaeval-32,hybrid,claim-13,catalogue_latency-90 increased from 0.004629 to 0.2191 (~47x),catalogue_latency-90 increased from 0.004629 to 0.2191 (~47x),state,0.377,True,0.5,False,False,Sock Shop,mem,batch-06
rcaeval-32,hybrid,claim-14,catalogue_socket increased from 6 to 9.9,catalogue_socket increased from 6 to 9.9,state,0.341,True,0.5,False,False,Sock Shop,mem,batch-06
rcaeval-32,hybrid,claim-15,Metric degradation correlates with Pod 'Failed' status,Metric degradation correlates with Pod 'Failed' status,causal,0.0,True,0.0,True,True,Sock Shop,mem,batch-06
rcaeval-32,hybrid,claim-16,TOPOLOGY confirms isolation,TOPOLOGY confirms isolation,state,0.0,True,0.0,True,True,Sock Shop,mem,batch-06
rcaeval-32,hybrid,claim-17,TOPOLOGY rules out noisy neighbors as cause,TOPOLOGY rules out noisy neighbors as cause,general,0.0,True,0.5,False,False,Sock Shop,mem,batch-06
rcaeval-32,hybrid,claim-18,SECURITY rules out breach as cause,SECURITY rules out breach as cause,general,0.0,True,0.0,True,True,Sock Shop,mem,batch-06
rcaeval-32,hybrid,claim-19,No catalogue logs were present in the window,No catalogue logs were present in the window,state,0.505,False,0.0,True,False,Sock Shop,mem,batch-06
rcaeval-32,hybrid,claim-20,Only user/front-end logs were present in the window,Only user/front-end logs were present in the window,state,0.0,True,0.0,True,True,Sock Shop,mem,batch-06
rcaeval-32,hybrid,claim-21,Metric pattern is consistent with memory leak,Metric pattern is consistent with memory leak,causal,0.0,True,0.0,True,True,Sock Shop,mem,batch-06
rcaeval-32,hybrid,claim-22,Metric pattern is consistent with CPU spin/inefficient loop,Metric pattern is consistent with CPU spin/inefficient loop,causal,0.0,True,0.0,True,True,Sock Shop,mem,batch-06
rcaeval-32,hybrid,claim-23,Metric pattern is consistent with thread/socket exhaustion,Metric pattern is consistent with thread/socket exhaustion,causal,0.0,True,0.0,True,True,Sock Shop,mem,batch-06
rcaeval-32,hybrid,claim-24,Thread/socket exhaustion leads to pod failure,Thread/socket exhaustion leads to pod failure,causal,0.0,True,0.0,True,True,Sock Shop,mem,batch-06
rcaeval-33,none,claim-1,Pod 'ts-order-service' is in Failed state,Pod 'ts-order-service' is in Failed state,state,0.713,False,1.0,False,True,Train Ticket,mem,batch-06
rcaeval-33,none,claim-2,Pod 'ts-order-service' is located on node-worker-01,Pod 'ts-order-service' is located on node-worker-01,entity_relationship,0.713,False,1.0,False,True,Train Ticket,mem,batch-06
rcaeval-33,none,claim-3,Failure of ts-order-service pod causes outage of order-service functionality,Failure of ts-order-service pod causes outage of order-service functionality,causal,0.713,False,1.0,False,True,Train Ticket,mem,batch-06
rcaeval-33,none,claim-4,Pod failure is not caused by application errors,Pod failure is not caused by application errors,causal,0.0,True,0.0,True,True,Train Ticket,mem,batch-06
rcaeval-33,none,claim-5,Pod failure is not caused by noisy neighbors,Pod failure is not caused by noisy neighbors,causal,0.0,True,0.0,True,True,Train Ticket,mem,batch-06
rcaeval-33,none,claim-6,Pod failure is not caused by security breach,Pod failure is not caused by security breach,causal,0.0,True,0.0,True,True,Train Ticket,mem,batch-06
rcaeval-33,none,claim-7,Pod failure correlates with a cluster-wide disk IO surge of ~15-20x,Pod failure correlates with a cluster-wide disk IO surge of ~15-20x,causal,0.0,True,0.0,True,True,Train Ticket,mem,batch-06
rcaeval-33,none,claim-8,Disk IO surge affects all 14 services,Disk IO surge affects all 14 services,state,0.0,True,0.0,True,True,Train Ticket,mem,batch-06
rcaeval-33,none,claim-9,Pod failure is attributed to a systemic infrastructure/storage event rather than an isolated application or deployment regression,Pod failure is attributed to a systemic infrastructure/storage event rather than an isolated application or deployment regression,causal,0.0,True,0.0,True,True,Train Ticket,mem,batch-06
rcaeval-33,none,claim-10,LOGS agent found zero log lines from ts-order-service,LOGS agent found zero log lines from ts-order-service,state,0.713,False,1.0,False,True,Train Ticket,mem,batch-06
rcaeval-33,none,claim-11,LOGS agent examined 12 log entries total,LOGS agent examined 12 log entries total,state,0.0,True,0.0,True,True,Train Ticket,mem,batch-06
rcaeval-33,none,claim-12,All 12 log entries are INFO level from other services,All 12 log entries are INFO level from other services,state,0.0,True,0.5,False,False,Train Ticket,mem,batch-06
rcaeval-33,none,claim-13,"No ERROR, WARN, or exception entries were found in logs","No ERROR, WARN, or exception entries were found in logs",state,0.0,True,0.0,True,True,Train Ticket,mem,batch-06
rcaeval-33,none,claim-14,Disk IO for ts-order-service surged 15.8x,Disk IO for ts-order-service surged 15.8x,state,0.551,False,0.5,False,True,Train Ticket,mem,batch-06
rcaeval-33,none,claim-15,Disk IO for ts-order-service increased from 1.547e+06 to 2.442e+07,Disk IO for ts-order-service increased from 1.547e+06 to 2.442e+07,state,0.588,False,0.5,False,True,Train Ticket,mem,batch-06
rcaeval-33,none,claim-16,Disk IO surge for ts-order-service occurred after timestamp 1706198902,Disk IO surge for ts-order-service occurred after timestamp 1706198902,temporal,0.569,False,0.5,False,True,Train Ticket,mem,batch-06
rcaeval-33,none,claim-17,Cluster-wide disk IO surge was ~17-20x across all services,Cluster-wide disk IO surge was ~17-20x across all services,state,0.0,True,1.0,False,False,Train Ticket,mem,batch-06
rcaeval-33,none,claim-18,ts-basic-service disk IO increased from 5.465e+04 to 1.142e+06,ts-basic-service disk IO increased from 5.465e+04 to 1.142e+06,state,0.346,True,0.0,True,True,Train Ticket,mem,batch-06
rcaeval-33,none,claim-19,Disk IO surge indicates shared storage/disk subsystem pressure,Disk IO surge indicates shared storage/disk subsystem pressure,causal,0.0,True,0.0,True,True,Train Ticket,mem,batch-06
rcaeval-33,none,claim-20,Disk IO surge is not an isolated service issue,Disk IO surge is not an isolated service issue,state,0.0,True,0.0,True,True,Train Ticket,mem,batch-06
rcaeval-33,none,claim-21,TOPOLOGY confirms isolation of the pod on node-worker-01,TOPOLOGY confirms isolation of the pod on node-worker-01,entity_relationship,0.72,False,0.0,True,False,Train Ticket,mem,batch-06
rcaeval-33,none,claim-22,No external noisy neighbors exist for the pod,No external noisy neighbors exist for the pod,state,0.0,True,0.0,True,True,Train Ticket,mem,batch-06
rcaeval-33,none,claim-23,No dependencies causing resource contention exist,No dependencies causing resource contention exist,state,0.0,True,0.0,True,True,Train Ticket,mem,batch-06
rcaeval-33,none,claim-24,MONITORING data is inconclusive,MONITORING data is inconclusive,state,0.0,True,0.0,True,True,Train Ticket,mem,batch-06
rcaeval-33,none,claim-25,MONITORING shows a single cumulative counter value of 95.0 for container_cpu_usage_seconds_total,MONITORING shows a single cumulative counter value of 95.0 for container_cpu_usage_seconds_total,state,0.356,True,0.0,True,True,Train Ticket,mem,batch-06
rcaeval-33,none,claim-26,Cumulative counter value cannot be evaluated without rate() over time window,Cumulative counter value cannot be evaluated without rate() over time window,general,0.0,True,0.0,True,True,Train Ticket,mem,batch-06
rcaeval-33,none,claim-27,DEPLOYMENTS shows ts-order-service-deploy is in Degraded state,DEPLOYMENTS shows ts-order-service-deploy is in Degraded state,state,0.703,False,0.5,False,True,Train Ticket,mem,batch-06
rcaeval-33,none,claim-28,ts-order-service-deploy has null sha,ts-order-service-deploy has null sha,state,0.693,False,0.5,False,True,Train Ticket,mem,batch-06
rcaeval-33,none,claim-29,ts-order-service-deploy has null commit_msg,ts-order-service-deploy has null commit_msg,state,0.703,False,0.5,False,True,Train Ticket,mem,batch-06
rcaeval-33,none,claim-30,No git correlation to code regression can be made due to null sha/commit_msg,No git correlation to code regression can be made due to null sha/commit_msg,general,0.0,True,0.0,True,True,Train Ticket,mem,batch-06
rcaeval-33,none,claim-31,SECURITY shows no breaches,SECURITY shows no breaches,state,0.0,True,0.5,False,False,Train Ticket,mem,batch-06
rcaeval-33,none,claim-32,SECURITY shows no RBAC alerts,SECURITY shows no RBAC alerts,state,0.0,True,0.0,True,True,Train Ticket,mem,batch-06
rcaeval-33,none,claim-33,Infrastructure-induced failure is likely due to disk pressure/IO throttling during the systemic surge,Infrastructure-induced failure is likely due to disk pressure/IO throttling during the systemic surge,causal,0.0,True,0.0,True,True,Train Ticket,mem,batch-06
rcaeval-33,raw,claim-1,Pod 'ts-order-service' is in 'Failed' state,Pod 'ts-order-service' is in 'Failed' state,state,0.713,False,1.0,False,True,Train Ticket,mem,batch-06
rcaeval-33,raw,claim-2,Deployment of ts-order-service is in 'Degraded' state,Deployment of ts-order-service is in 'Degraded' state,state,0.713,False,1.0,False,True,Train Ticket,mem,batch-06
rcaeval-33,raw,claim-3,Pod 'ts-order-service' is isolated on node 'node-worker-01',Pod 'ts-order-service' is isolated on node 'node-worker-01',entity_relationship,0.713,False,0.5,False,True,Train Ticket,mem,batch-06
rcaeval-33,raw,claim-4,noisy_neighbors for ts-order-service contains only itself,noisy_neighbors for ts-order-service contains only itself,entity_relationship,0.713,False,0.5,False,True,Train Ticket,mem,batch-06
rcaeval-33,raw,claim-5,ts-order-service has no dependencies,ts-order-service has no dependencies,entity_relationship,0.713,False,0.5,False,True,Train Ticket,mem,batch-06
rcaeval-33,raw,claim-6,TOPOLOGY analysis with confidence 0.98 definitively rules out cross-pod resource contention,TOPOLOGY analysis with confidence 0.98 definitively rules out cross-pod resource contention,causal,0.0,True,0.0,True,True,Train Ticket,mem,batch-06
rcaeval-33,raw,claim-7,"SECURITY analysis with confidence 0.80 rules out breach, RBAC, and secret issues","SECURITY analysis with confidence 0.80 rules out breach, RBAC, and secret issues",causal,0.0,True,0.0,True,True,Train Ticket,mem,batch-06
rcaeval-33,raw,claim-8,LOGS analysis with confidence 0.88 found 0 log lines for ts-order-service in the 12-line sample window,LOGS analysis with confidence 0.88 found 0 log lines for ts-order-service in the 12-line sample window,general,0.708,False,0.5,False,True,Train Ticket,mem,batch-06
rcaeval-33,raw,claim-9,"The 12-line log sample window contains only INFO/Success messages from other services including ts-travel-service, ts-basic-service, and ts-route-service","The 12-line log sample window contains only INFO/Success messages from other services including ts-travel-service, ts-basic-service, and ts-route-service",state,0.0,True,0.5,False,False,Train Ticket,mem,batch-06
rcaeval-33,raw,claim-10,The log sample window is timestamped around 2024-01-25 16:07:21,The log sample window is timestamped around 2024-01-25 16:07:21,temporal,0.0,True,0.0,True,True,Train Ticket,mem,batch-06
rcaeval-33,raw,claim-11,The log sample window is just before the metric split at timestamp 1706198902,The log sample window is just before the metric split at timestamp 1706198902,temporal,0.0,True,0.0,True,True,Train Ticket,mem,batch-06
rcaeval-33,raw,claim-12,"No exception, error, or crash signature can be attributed to ts-order-service from the logs","No exception, error, or crash signature can be attributed to ts-order-service from the logs",general,0.713,False,0.0,True,False,Train Ticket,mem,batch-06
rcaeval-33,raw,claim-13,MONITORING provides only a single cumulative counter value container_cpu_usage_seconds_total=95.0,MONITORING provides only a single cumulative counter value container_cpu_usage_seconds_total=95.0,state,0.0,True,0.5,False,False,Train Ticket,mem,batch-06
rcaeval-33,raw,claim-14,MONITORING data lacks historical baseline,MONITORING data lacks historical baseline,state,0.0,True,0.0,True,True,Train Ticket,mem,batch-06
rcaeval-33,raw,claim-15,MONITORING data lacks rate() calculation,MONITORING data lacks rate() calculation,state,0.0,True,0.0,True,True,Train Ticket,mem,batch-06
rcaeval-33,raw,claim-16,MONITORING analysis confidence is 0.35,MONITORING analysis confidence is 0.35,general,0.0,True,0.5,False,False,Train Ticket,mem,batch-06
rcaeval-33,raw,claim-17,A CPU anomaly cannot be confirmed or ruled out due to insufficient monitoring data,A CPU anomaly cannot be confirmed or ruled out due to insufficient monitoring data,general,0.0,True,0.0,True,True,Train Ticket,mem,batch-06
rcaeval-33,raw,claim-18,DEPLOYMENTS analysis with confidence 0.20 is inconclusive,DEPLOYMENTS analysis with confidence 0.20 is inconclusive,general,0.0,True,1.0,False,False,Train Ticket,mem,batch-06
rcaeval-33,raw,claim-19,Deployment sha is null,Deployment sha is null,state,0.0,True,0.5,False,False,Train Ticket,mem,batch-06
rcaeval-33,raw,claim-20,Deployment commit_msg is null,Deployment commit_msg is null,state,0.0,True,1.0,False,False,Train Ticket,mem,batch-06
rcaeval-33,raw,claim-21,Null sha and commit_msg prevent Git regression correlation,Null sha and commit_msg prevent Git regression correlation,causal,0.0,True,0.5,False,False,Train Ticket,mem,batch-06
rcaeval-33,raw,claim-22,ts-order-service_diskio surged from 1.547e+06 to 2.442e+07 (~15.8x) across the split,ts-order-service_diskio surged from 1.547e+06 to 2.442e+07 (~15.8x) across the split,state,0.346,True,0.0,True,True,Train Ticket,mem,batch-06
rcaeval-33,raw,claim-23,Baseline disk IO for ts-order-service is ~28x higher than peer services,Baseline disk IO for ts-order-service is ~28x higher than peer services,state,0.71,False,0.0,True,False,Train Ticket,mem,batch-06
rcaeval-33,raw,claim-24,Higher baseline disk IO suggests chronic higher disk pressure for ts-order-service,Higher baseline disk IO suggests chronic higher disk pressure for ts-order-service,causal,0.557,False,0.5,False,True,Train Ticket,mem,batch-06
rcaeval-33,raw,claim-25,The same ~17-21x disk IO surge is observed system-wide across all 14 services,The same ~17-21x disk IO surge is observed system-wide across all 14 services,state,0.0,True,0.5,False,False,Train Ticket,mem,batch-06
rcaeval-33,raw,claim-26,The system-wide surge indicates a cluster/infrastructure-wide disk/storage event at ~1706198902 rather than an isolated ts-order-service failure,The system-wide surge indicates a cluster/infrastructure-wide disk/storage event at ~1706198902 rather than an isolated ts-order-service failure,causal,0.536,False,0.0,True,False,Train Ticket,mem,batch-06
rcaeval-33,raw,claim-27,The cluster/infrastructure-wide disk/storage event occurred at timestamp ~1706198902,The cluster/infrastructure-wide disk/storage event occurred at timestamp ~1706198902,temporal,0.0,True,0.0,True,True,Train Ticket,mem,batch-06
rcaeval-33,raw,claim-28,The cluster-wide storage event is temporally correlated but not causally isolated to the ts-order-service pod,The cluster-wide storage event is temporally correlated but not causally isolated to the ts-order-service pod,causal,0.71,False,0.0,True,False,Train Ticket,mem,batch-06
rcaeval-33,raw,claim-29,No service-specific error signature was found in available telemetry,No service-specific error signature was found in available telemetry,general,0.0,True,0.0,True,True,Train Ticket,mem,batch-06
rcaeval-33,raw,claim-30,No attributable isolated root cause was found in provided telemetry,No attributable isolated root cause was found in provided telemetry,general,0.0,True,0.5,False,False,Train Ticket,mem,batch-06
rcaeval-33,raw,claim-31,No evidence of noisy-neighbor contention was found,No evidence of noisy-neighbor contention was found,general,0.0,True,0.0,True,True,Train Ticket,mem,batch-06
rcaeval-33,raw,claim-32,The true failure reason is undetermined due to missing pod events and service-specific logs/metrics,The true failure reason is undetermined due to missing pod events and service-specific logs/metrics,causal,0.0,True,0.0,True,True,Train Ticket,mem,batch-06
rcaeval-33,raw,claim-33,"Possible undetermined failure reasons include kubelet OOMKill, liveness probe failure, PVC issue, or node disk pressure","Possible undetermined failure reasons include kubelet OOMKill, liveness probe failure, PVC issue, or node disk pressure",general,0.0,True,0.0,True,True,Train Ticket,mem,batch-06
rcaeval-33,hybrid,claim-1,Pod 'ts-order-service' is in Failed status,Pod 'ts-order-service' is in Failed status,state,0.713,False,1.0,False,True,Train Ticket,mem,batch-06
rcaeval-33,hybrid,claim-2,Pod 'ts-order-service' is located on node-worker-01,Pod 'ts-order-service' is located on node-worker-01,entity_relationship,0.713,False,1.0,False,True,Train Ticket,mem,batch-06
rcaeval-33,hybrid,claim-3,Pod 'ts-order-service' is identified as the source of resource contention on node-worker-01,Pod 'ts-order-service' is identified as the source of resource contention on node-worker-01,causal,0.715,False,1.0,False,True,Train Ticket,mem,batch-06
rcaeval-33,hybrid,claim-4,"ts-order-service is the noisy neighbor, not a victim of other pods","ts-order-service is the noisy neighbor, not a victim of other pods",state,0.713,False,0.5,False,True,Train Ticket,mem,batch-06
rcaeval-33,hybrid,claim-5,No other noisy neighbors were detected on node-worker-01,No other noisy neighbors were detected on node-worker-01,state,0.72,False,0.0,True,False,Train Ticket,mem,batch-06
rcaeval-33,hybrid,claim-6,No dependencies were detected for ts-order-service,No dependencies were detected for ts-order-service,state,0.713,False,0.0,True,False,Train Ticket,mem,batch-06
rcaeval-33,hybrid,claim-7,A node-wide diskIO surge of ~15-20x affected all 14 services,A node-wide diskIO surge of ~15-20x affected all 14 services,state,0.0,True,0.5,False,False,Train Ticket,mem,batch-06
rcaeval-33,hybrid,claim-8,The diskIO surge correlates with the failure of ts-order-service,The diskIO surge correlates with the failure of ts-order-service,general,0.553,False,0.0,True,False,Train Ticket,mem,batch-06
rcaeval-33,hybrid,claim-9,Node-level pressure is driven by ts-order-service pod,Node-level pressure is driven by ts-order-service pod,causal,0.713,False,0.0,True,False,Train Ticket,mem,batch-06
rcaeval-33,hybrid,claim-10,No application error logs were found,No application error logs were found,state,0.0,True,0.5,False,False,Train Ticket,mem,batch-06
rcaeval-33,hybrid,claim-11,No security breaches were found,No security breaches were found,state,0.0,True,0.0,True,True,Train Ticket,mem,batch-06
rcaeval-33,hybrid,claim-12,No confirmed deployment regression was found,No confirmed deployment regression was found,state,0.0,True,0.5,False,False,Train Ticket,mem,batch-06
rcaeval-33,hybrid,claim-13,Self-induced resource contention is identified as the most likely root cause,Self-induced resource contention is identified as the most likely root cause,causal,0.0,True,0.0,True,True,Train Ticket,mem,batch-06
rcaeval-33,hybrid,claim-14,TOPOLOGY with confidence 0.95 explicitly flags ts-order-service as the noisy neighbor on node-worker-01,TOPOLOGY with confidence 0.95 explicitly flags ts-order-service as the noisy neighbor on node-worker-01,state,0.713,False,0.0,True,False,Train Ticket,mem,batch-06
rcaeval-33,hybrid,claim-15,LOGS with confidence 0.88 confirms zero log lines from ts-order-service in the 12-line sample,LOGS with confidence 0.88 confirms zero log lines from ts-order-service in the 12-line sample,state,0.708,False,0.5,False,True,Train Ticket,mem,batch-06
rcaeval-33,hybrid,claim-16,The 12-line log sample contains only INFO level logs,The 12-line log sample contains only INFO level logs,state,0.0,True,0.5,False,False,Train Ticket,mem,batch-06
rcaeval-33,hybrid,claim-17,"The 12-line log sample contains logs from ts-travel-service, ts-basic-service, ts-route-service and others","The 12-line log sample contains logs from ts-travel-service, ts-basic-service, ts-route-service and others",state,0.343,True,0.0,True,True,Train Ticket,mem,batch-06
rcaeval-33,hybrid,claim-18,"No ERROR, WARN, exception, or stacktrace was found in the log sample","No ERROR, WARN, exception, or stacktrace was found in the log sample",state,0.0,True,0.0,True,True,Train Ticket,mem,batch-06
rcaeval-33,hybrid,claim-19,LOGS quantifies a 15.8x diskIO increase from mean 1.547e+06 to 2.442e+07,LOGS quantifies a 15.8x diskIO increase from mean 1.547e+06 to 2.442e+07,state,0.339,True,0.0,True,True,Train Ticket,mem,batch-06
rcaeval-33,hybrid,claim-20,The diskIO increase was measured across timestamp 1706198902,The diskIO increase was measured across timestamp 1706198902,temporal,0.343,True,0.0,True,True,Train Ticket,mem,batch-06
rcaeval-33,hybrid,claim-21,The diskIO increase is system-wide at ~17-20x across 14 services,The diskIO increase is system-wide at ~17-20x across 14 services,state,0.0,True,0.0,True,True,Train Ticket,mem,batch-06
rcaeval-33,hybrid,claim-22,The diskIO pattern is consistent with a single noisy pod driving node-wide diskIO pressure rather than an isolated metric artifact,The diskIO pattern is consistent with a single noisy pod driving node-wide diskIO pressure rather than an isolated metric artifact,causal,0.0,True,0.0,True,True,Train Ticket,mem,batch-06
rcaeval-33,hybrid,claim-23,MONITORING with confidence 0.2 is inconclusive due to insufficient data,MONITORING with confidence 0.2 is inconclusive due to insufficient data,state,0.0,True,0.5,False,False,Train Ticket,mem,batch-06
rcaeval-33,hybrid,claim-24,MONITORING provides no alternative anomaly,MONITORING provides no alternative anomaly,state,0.0,True,0.0,True,True,Train Ticket,mem,batch-06
rcaeval-33,hybrid,claim-25,DEPLOYMENTS with confidence 0.35 shows ts-order-service-deploy as Degraded,DEPLOYMENTS with confidence 0.35 shows ts-order-service-deploy as Degraded,state,0.703,False,1.0,False,True,Train Ticket,mem,batch-06
rcaeval-33,hybrid,claim-26,ts-order-service-deploy has null SHA,ts-order-service-deploy has null SHA,state,0.693,False,0.0,True,False,Train Ticket,mem,batch-06
rcaeval-33,hybrid,claim-27,ts-order-service-deploy has null commit_msg,ts-order-service-deploy has null commit_msg,state,0.703,False,0.0,True,False,Train Ticket,mem,batch-06
rcaeval-33,hybrid,claim-28,No Git correlation can be confirmed for ts-order-service-deploy,No Git correlation can be confirmed for ts-order-service-deploy,state,0.693,False,0.0,True,False,Train Ticket,mem,batch-06
rcaeval-33,hybrid,claim-29,No deployment regression can be confirmed for ts-order-service-deploy,No deployment regression can be confirmed for ts-order-service-deploy,state,0.703,False,0.0,True,False,Train Ticket,mem,batch-06
rcaeval-33,hybrid,claim-30,SECURITY with confidence 0.8 rules out breaches,SECURITY with confidence 0.8 rules out breaches,state,0.0,True,0.5,False,False,Train Ticket,mem,batch-06
rcaeval-33,hybrid,claim-31,SECURITY rules out secret reference warnings,SECURITY rules out secret reference warnings,state,0.0,True,0.0,True,True,Train Ticket,mem,batch-06
rcaeval-33,hybrid,claim-32,SECURITY rules out RBAC alerts,SECURITY rules out RBAC alerts,state,0.0,True,0.0,True,True,Train Ticket,mem,batch-06
rcaeval-33,hybrid,claim-33,The Failed status is best explained by resource exhaustion and contention generated by ts-order-service itself on node-worker-01,The Failed status is best explained by resource exhaustion and contention generated by ts-order-service itself on node-worker-01,causal,0.713,False,0.0,True,False,Train Ticket,mem,batch-06
rcaeval-33,hybrid,claim-34,The resource exhaustion is most visibly diskIO,The resource exhaustion is most visibly diskIO,state,0.0,True,0.0,True,True,Train Ticket,mem,batch-06
rcaeval-33,hybrid,claim-35,The Failed status is not caused by an external dependency,The Failed status is not caused by an external dependency,causal,0.0,True,0.0,True,True,Train Ticket,mem,batch-06
rcaeval-33,hybrid,claim-36,The Failed status is not caused by a security incident,The Failed status is not caused by a security incident,causal,0.0,True,0.0,True,True,Train Ticket,mem,batch-06
rcaeval-33,hybrid,claim-37,The Failed status is not caused by a logged application error,The Failed status is not caused by a logged application error,causal,0.0,True,0.0,True,True,Train Ticket,mem,batch-06
rcaeval-34,none,claim-1,Pod 'currencyservice' is located on node 'node-worker-01',Pod 'currencyservice' is located on node 'node-worker-01',entity_relationship,0.713,False,1.0,False,True,Online Boutique,socket,batch-06
rcaeval-34,none,claim-2,Pod 'currencyservice' has Failed,Pod 'currencyservice' has Failed,state,0.708,False,1.0,False,True,Online Boutique,socket,batch-06
rcaeval-34,none,claim-3,Pod 'currencyservice' failure was caused by self-induced resource contention,Pod 'currencyservice' failure was caused by self-induced resource contention,causal,0.713,False,0.5,False,True,Online Boutique,socket,batch-06
rcaeval-34,none,claim-4,No downstream dependencies are impacted,No downstream dependencies are impacted,state,0.0,True,0.0,True,True,Online Boutique,socket,batch-06
rcaeval-34,none,claim-5,No application-level failures were detected,No application-level failures were detected,state,0.0,True,0.0,True,True,Online Boutique,socket,batch-06
rcaeval-34,none,claim-6,Topology Agent identifies pod 'currencyservice' on node 'node-worker-01' as its own noisy neighbor,Topology Agent identifies pod 'currencyservice' on node 'node-worker-01' as its own noisy neighbor,state,0.713,False,0.5,False,True,Online Boutique,socket,batch-06
rcaeval-34,none,claim-7,Topology Agent reports confidence 0.95,Topology Agent reports confidence 0.95,state,0.0,True,0.5,False,False,Online Boutique,socket,batch-06
rcaeval-34,none,claim-8,Pod 'currencyservice' has no dependencies,Pod 'currencyservice' has no dependencies,entity_relationship,0.713,False,1.0,False,True,Online Boutique,socket,batch-06
rcaeval-34,none,claim-9,No external noisy neighbors were detected for pod 'currencyservice',No external noisy neighbors were detected for pod 'currencyservice',state,0.713,False,0.0,True,False,Online Boutique,socket,batch-06
rcaeval-34,none,claim-10,Pod 'currencyservice' itself is causing resource contention on node 'node-worker-01',Pod 'currencyservice' itself is causing resource contention on node 'node-worker-01',causal,0.715,False,0.5,False,True,Online Boutique,socket,batch-06
rcaeval-34,none,claim-11,Resource contention on the node led to pod failure,Resource contention on the node led to pod failure,causal,0.0,True,0.0,True,True,Online Boutique,socket,batch-06
rcaeval-34,none,claim-12,Logs Agent reports confidence 0.96,Logs Agent reports confidence 0.96,state,0.0,True,0.5,False,False,Online Boutique,socket,batch-06
rcaeval-34,none,claim-13,Logs Agent found no failure patterns,Logs Agent found no failure patterns,state,0.0,True,0.5,False,False,Online Boutique,socket,batch-06
rcaeval-34,none,claim-14,Logs Agent found no errors,Logs Agent found no errors,state,0.0,True,0.5,False,False,Online Boutique,socket,batch-06
rcaeval-34,none,claim-15,Logs Agent found no exceptions,Logs Agent found no exceptions,state,0.0,True,0.5,False,False,Online Boutique,socket,batch-06
rcaeval-34,none,claim-16,Logs show only successful operations,Logs show only successful operations,state,0.0,True,0.0,True,True,Online Boutique,socket,batch-06
rcaeval-34,none,claim-17,Logs contain successful operation message 'conversion request successful',Logs contain successful operation message 'conversion request successful',state,0.346,True,1.0,False,False,Online Boutique,socket,batch-06
rcaeval-34,none,claim-18,Logs contain successful operation message 'Getting supported currencies...',Logs contain successful operation message 'Getting supported currencies...',state,0.386,True,0.0,True,True,Online Boutique,socket,batch-06
rcaeval-34,none,claim-19,No error rate increase was observed in logs,No error rate increase was observed in logs,state,0.0,True,0.0,True,True,Online Boutique,socket,batch-06
rcaeval-34,none,claim-20,Absence of failure patterns in logs rules out application logic failure,Absence of failure patterns in logs rules out application logic failure,causal,0.0,True,0.0,True,True,Online Boutique,socket,batch-06
rcaeval-34,none,claim-21,Security Agent reports confidence 0.8,Security Agent reports confidence 0.8,state,0.0,True,0.5,False,False,Online Boutique,socket,batch-06
rcaeval-34,none,claim-22,Security Agent rules out security breaches,Security Agent rules out security breaches,state,0.0,True,0.5,False,False,Online Boutique,socket,batch-06
rcaeval-34,none,claim-23,Security Agent rules out secret issues,Security Agent rules out secret issues,state,0.0,True,0.5,False,False,Online Boutique,socket,batch-06
rcaeval-34,none,claim-24,Security Agent rules out RBAC issues,Security Agent rules out RBAC issues,state,0.0,True,0.5,False,False,Online Boutique,socket,batch-06
rcaeval-34,none,claim-25,Monitoring Agent reports confidence 0.25,Monitoring Agent reports confidence 0.25,state,0.0,True,0.5,False,False,Online Boutique,socket,batch-06
rcaeval-34,none,claim-26,Monitoring Agent is inconclusive,Monitoring Agent is inconclusive,state,0.0,True,0.0,True,True,Online Boutique,socket,batch-06
rcaeval-34,none,claim-27,Monitoring data contains a single data point for metric container_cpu_usage_seconds_total with value 95.0,Monitoring data contains a single data point for metric container_cpu_usage_seconds_total with value 95.0,state,0.337,True,0.5,False,False,Online Boutique,socket,batch-06
rcaeval-34,none,claim-28,Single data point for container_cpu_usage_seconds_total is insufficient to calculate rate,Single data point for container_cpu_usage_seconds_total is insufficient to calculate rate,general,0.358,True,0.0,True,True,Online Boutique,socket,batch-06
rcaeval-34,none,claim-29,Single data point is insufficient to establish a historical baseline,Single data point is insufficient to establish a historical baseline,general,0.0,True,0.0,True,True,Online Boutique,socket,batch-06
rcaeval-34,none,claim-30,CPU anomaly cannot be confirmed or ruled out from metrics alone,CPU anomaly cannot be confirmed or ruled out from metrics alone,state,0.0,True,0.0,True,True,Online Boutique,socket,batch-06
rcaeval-34,none,claim-31,Deployments Agent reports confidence 0.4,Deployments Agent reports confidence 0.4,state,0.0,True,0.5,False,False,Online Boutique,socket,batch-06
rcaeval-34,none,claim-32,Deployment 'currencyservice-deploy' is Degraded,Deployment 'currencyservice-deploy' is Degraded,state,0.705,False,0.5,False,True,Online Boutique,socket,batch-06
rcaeval-34,none,claim-33,SHA for deployment 'currencyservice-deploy' is null,SHA for deployment 'currencyservice-deploy' is null,state,0.703,False,0.5,False,True,Online Boutique,socket,batch-06
rcaeval-34,none,claim-34,commit_msg for deployment 'currencyservice-deploy' is null,commit_msg for deployment 'currencyservice-deploy' is null,state,0.703,False,0.5,False,True,Online Boutique,socket,batch-06
rcaeval-34,none,claim-35,Deployment regression cannot be confirmed or ruled out without manual investigation,Deployment regression cannot be confirmed or ruled out without manual investigation,state,0.0,True,0.0,True,True,Online Boutique,socket,batch-06
rcaeval-34,none,claim-36,Correlation points to infrastructure-level resource contention self-induced by the pod as the root cause,Correlation points to infrastructure-level resource contention self-induced by the pod as the root cause,causal,0.0,True,0.0,True,True,Online Boutique,socket,batch-06
rcaeval-34,none,claim-37,Root cause is not an application cause,Root cause is not an application cause,general,0.0,True,0.0,True,True,Online Boutique,socket,batch-06
rcaeval-34,none,claim-38,Root cause is not a deployment cause,Root cause is not a deployment cause,general,0.0,True,0.0,True,True,Online Boutique,socket,batch-06
rcaeval-34,none,claim-39,Root cause is not a security cause,Root cause is not a security cause,general,0.0,True,0.0,True,True,Online Boutique,socket,batch-06
rcaeval-34,none,claim-40,Issue is an isolated infrastructure/resource issue rather than application or security failure,Issue is an isolated infrastructure/resource issue rather than application or security failure,general,0.0,True,0.0,True,True,Online Boutique,socket,batch-06
rcaeval-34,raw,claim-1,Pod 'currencyservice' is in Failed state,Pod 'currencyservice' is in Failed state,state,0.713,False,1.0,False,True,Online Boutique,socket,batch-06
rcaeval-34,raw,claim-2,Deployment 'currencyservice-deploy' is in Degraded state,Deployment 'currencyservice-deploy' is in Degraded state,state,0.703,False,0.5,False,True,Online Boutique,socket,batch-06
rcaeval-34,raw,claim-3,Blast radius appears isolated,Blast radius appears isolated,state,0.0,True,0.0,True,True,Online Boutique,socket,batch-06
rcaeval-34,raw,claim-4,No downstream dependency failures occurred,No downstream dependency failures occurred,state,0.0,True,0.0,True,True,Online Boutique,socket,batch-06
rcaeval-34,raw,claim-5,No increased external error rate occurred,No increased external error rate occurred,state,0.0,True,0.0,True,True,Online Boutique,socket,batch-06
rcaeval-34,raw,claim-6,No definitive application root cause was detected in logs or topology,No definitive application root cause was detected in logs or topology,general,0.0,True,0.0,True,True,Online Boutique,socket,batch-06
rcaeval-34,raw,claim-7,No definitive infrastructure root cause was detected in logs or topology,No definitive infrastructure root cause was detected in logs or topology,general,0.0,True,0.0,True,True,Online Boutique,socket,batch-06
rcaeval-34,raw,claim-8,No definitive security root cause was detected in logs or topology,No definitive security root cause was detected in logs or topology,general,0.0,True,0.0,True,True,Online Boutique,socket,batch-06
rcaeval-34,raw,claim-9,Correlation of high-confidence agents rules out common external causes,Correlation of high-confidence agents rules out common external causes,causal,0.0,True,0.0,True,True,Online Boutique,socket,batch-06
rcaeval-34,raw,claim-10,LOGS Agent confidence is 0.94,LOGS Agent confidence is 0.94,state,0.0,True,0.5,False,False,Online Boutique,socket,batch-06
rcaeval-34,raw,claim-11,LOGS Agent found no failure patterns,LOGS Agent found no failure patterns,general,0.0,True,1.0,False,False,Online Boutique,socket,batch-06
rcaeval-34,raw,claim-12,LOGS Agent found no exceptions,LOGS Agent found no exceptions,general,0.0,True,0.0,True,True,Online Boutique,socket,batch-06
rcaeval-34,raw,claim-13,LOGS Agent found no errors,LOGS Agent found no errors,general,0.0,True,0.0,True,True,Online Boutique,socket,batch-06
rcaeval-34,raw,claim-14,Logs contain 'conversion request successful' messages,Logs contain 'conversion request successful' messages,general,0.342,True,1.0,False,False,Online Boutique,socket,batch-06
rcaeval-34,raw,claim-15,Logs contain 'Getting supported currencies' messages,Logs contain 'Getting supported currencies' messages,general,0.386,True,0.5,False,False,Online Boutique,socket,batch-06
rcaeval-34,raw,claim-16,TOPOLOGY Agent confidence is 0.95,TOPOLOGY Agent confidence is 0.95,state,0.0,True,0.5,False,False,Online Boutique,socket,batch-06
rcaeval-34,raw,claim-17,Pod 'currencyservice' is isolated on node-worker-01,Pod 'currencyservice' is isolated on node-worker-01,entity_relationship,0.713,False,1.0,False,True,Online Boutique,socket,batch-06
rcaeval-34,raw,claim-18,Pod 'currencyservice' has no dependencies,Pod 'currencyservice' has no dependencies,entity_relationship,0.713,False,1.0,False,True,Online Boutique,socket,batch-06
rcaeval-34,raw,claim-19,Pod 'currencyservice' has no external noisy neighbors,Pod 'currencyservice' has no external noisy neighbors,entity_relationship,0.713,False,0.5,False,True,Online Boutique,socket,batch-06
rcaeval-34,raw,claim-20,noisy_neighbors list contains only itself,noisy_neighbors list contains only itself,state,0.0,True,0.0,True,True,Online Boutique,socket,batch-06
rcaeval-34,raw,claim-21,noisy_neighbors list containing only itself indicates self-contention or labeling artifact,noisy_neighbors list containing only itself indicates self-contention or labeling artifact,general,0.0,True,0.0,True,True,Online Boutique,socket,batch-06
rcaeval-34,raw,claim-22,No cross-pod contention exists,No cross-pod contention exists,state,0.0,True,0.0,True,True,Online Boutique,socket,batch-06
rcaeval-34,raw,claim-23,SECURITY Agent confidence is 0.8,SECURITY Agent confidence is 0.8,state,0.0,True,0.0,True,True,Online Boutique,socket,batch-06
rcaeval-34,raw,claim-24,SECURITY Agent rules out breaches,SECURITY Agent rules out breaches,general,0.0,True,0.5,False,False,Online Boutique,socket,batch-06
rcaeval-34,raw,claim-25,SECURITY Agent rules out secret issues,SECURITY Agent rules out secret issues,general,0.0,True,0.5,False,False,Online Boutique,socket,batch-06
rcaeval-34,raw,claim-26,SECURITY Agent rules out RBAC issues,SECURITY Agent rules out RBAC issues,general,0.0,True,1.0,False,False,Online Boutique,socket,batch-06
rcaeval-34,raw,claim-27,MONITORING Agent confidence is 0.4,MONITORING Agent confidence is 0.4,state,0.0,True,0.0,True,True,Online Boutique,socket,batch-06
rcaeval-34,raw,claim-28,MONITORING Agent is inconclusive due to insufficient data,MONITORING Agent is inconclusive due to insufficient data,causal,0.0,True,0.0,True,True,Online Boutique,socket,batch-06
rcaeval-34,raw,claim-29,DEPLOYMENTS Agent confidence is 0.25,DEPLOYMENTS Agent confidence is 0.25,state,0.0,True,1.0,False,False,Online Boutique,socket,batch-06
rcaeval-34,raw,claim-30,DEPLOYMENTS Agent cannot correlate the Degraded deployment status to a code change,DEPLOYMENTS Agent cannot correlate the Degraded deployment status to a code change,general,0.0,True,0.0,True,True,Online Boutique,socket,batch-06
rcaeval-34,raw,claim-31,DEPLOYMENTS Agent cannot correlate due to missing Git metadata,DEPLOYMENTS Agent cannot correlate due to missing Git metadata,causal,0.0,True,0.0,True,True,Online Boutique,socket,batch-06
rcaeval-34,raw,claim-32,Git metadata sha is null,Git metadata sha is null,state,0.0,True,0.0,True,True,Online Boutique,socket,batch-06
rcaeval-34,raw,claim-33,Git metadata commit_msg is null,Git metadata commit_msg is null,state,0.0,True,0.0,True,True,Online Boutique,socket,batch-06
rcaeval-34,raw,claim-34,Internal resource elevation occurred after timestamp 1705479661,Internal resource elevation occurred after timestamp 1705479661,temporal,0.0,True,0.0,True,True,Online Boutique,socket,batch-06
rcaeval-34,raw,claim-35,Mean socket usage increased from 3 to 7.82,Mean socket usage increased from 3 to 7.82,state,0.0,True,0.0,True,True,Online Boutique,socket,batch-06
rcaeval-34,raw,claim-36,Mean socket usage increase is +160%,Mean socket usage increase is +160%,state,0.0,True,0.0,True,True,Online Boutique,socket,batch-06
rcaeval-34,raw,claim-37,Memory usage increased from 4.389e+07 to 4.808e+07,Memory usage increased from 4.389e+07 to 4.808e+07,state,0.0,True,0.0,True,True,Online Boutique,socket,batch-06
rcaeval-34,raw,claim-38,Memory usage increase is approximately 9.5%,Memory usage increase is approximately 9.5%,state,0.0,True,0.0,True,True,Online Boutique,socket,batch-06
rcaeval-34,raw,claim-39,No correlated increase in frontend-external_error rate occurred with resource elevation,No correlated increase in frontend-external_error rate occurred with resource elevation,state,0.0,True,0.0,True,True,Online Boutique,socket,batch-06
rcaeval-34,raw,claim-40,frontend-external_error rate changed from 0.001396 to 0,frontend-external_error rate changed from 0.001396 to 0,state,0.349,True,0.5,False,False,Online Boutique,socket,batch-06
rcaeval-34,raw,claim-41,Resource elevation suggests a possible internal resource leak / self-induced pressure,Resource elevation suggests a possible internal resource leak / self-induced pressure,causal,0.0,True,0.0,True,True,Online Boutique,socket,batch-06
rcaeval-34,raw,claim-42,Possible internal resource leak example is socket/file-descriptor leak,Possible internal resource leak example is socket/file-descriptor leak,general,0.0,True,0.0,True,True,Online Boutique,socket,batch-06
rcaeval-34,raw,claim-43,Resource elevation signal is insufficient to declare a definitive OOMKill root cause,Resource elevation signal is insufficient to declare a definitive OOMKill root cause,general,0.0,True,0.0,True,True,Online Boutique,socket,batch-06
rcaeval-34,raw,claim-44,Resource elevation signal is insufficient to declare a definitive crash root cause,Resource elevation signal is insufficient to declare a definitive crash root cause,general,0.0,True,0.0,True,True,Online Boutique,socket,batch-06
rcaeval-34,raw,claim-45,Failure is undetermined,Failure is undetermined,state,0.0,True,0.0,True,True,Online Boutique,socket,batch-06
rcaeval-34,raw,claim-46,Failure is likely internal to the pod,Failure is likely internal to the pod,causal,0.0,True,0.0,True,True,Online Boutique,socket,batch-06
rcaeval-34,raw,claim-47,Failure was not caused by dependencies,Failure was not caused by dependencies,causal,0.0,True,0.0,True,True,Online Boutique,socket,batch-06
rcaeval-34,raw,claim-48,Failure was not caused by noisy neighbors,Failure was not caused by noisy neighbors,causal,0.0,True,0.0,True,True,Online Boutique,socket,batch-06
rcaeval-34,raw,claim-49,Failure was not caused by security events,Failure was not caused by security events,causal,0.0,True,0.0,True,True,Online Boutique,socket,batch-06
rcaeval-34,hybrid,claim-1,Pod 'currencyservice' is reported as Failed,Pod 'currencyservice' is reported as Failed,state,0.708,False,1.0,False,True,Online Boutique,socket,batch-06
rcaeval-34,hybrid,claim-2,"No corroborating failure signal was found across logs, metrics, topology, or security telemetry","No corroborating failure signal was found across logs, metrics, topology, or security telemetry",state,0.0,True,0.5,False,False,Online Boutique,socket,batch-06
rcaeval-34,hybrid,claim-3,Impact appears isolated to the single pod on node-worker-01,Impact appears isolated to the single pod on node-worker-01,entity_relationship,0.72,False,0.0,True,False,Online Boutique,socket,batch-06
rcaeval-34,hybrid,claim-4,No downstream external errors were detected,No downstream external errors were detected,state,0.0,True,0.0,True,True,Online Boutique,socket,batch-06
rcaeval-34,hybrid,claim-5,frontend-external_error dropped to 0,frontend-external_error dropped to 0,state,0.0,True,0.0,True,True,Online Boutique,socket,batch-06
rcaeval-34,hybrid,claim-6,Consensus analysis finds no determinable root cause,Consensus analysis finds no determinable root cause,general,0.0,True,0.0,True,True,Online Boutique,socket,batch-06
rcaeval-34,hybrid,claim-7,MONITORING agent with confidence 0.95 reports insufficient_data,MONITORING agent with confidence 0.95 reports insufficient_data,state,0.0,True,0.5,False,False,Online Boutique,socket,batch-06
rcaeval-34,hybrid,claim-8,MONITORING reports no anomaly determinable,MONITORING reports no anomaly determinable,state,0.0,True,0.0,True,True,Online Boutique,socket,batch-06
rcaeval-34,hybrid,claim-9,LOGS agent with confidence 0.85 shows only successful operations,LOGS agent with confidence 0.85 shows only successful operations,state,0.0,True,1.0,False,False,Online Boutique,socket,batch-06
rcaeval-34,hybrid,claim-10,LOGS contains the message 'conversion request successful',LOGS contains the message 'conversion request successful',state,0.348,True,1.0,False,False,Online Boutique,socket,batch-06
rcaeval-34,hybrid,claim-11,LOGS contains the message 'Getting supported currencies',LOGS contains the message 'Getting supported currencies',state,0.387,True,0.5,False,False,Online Boutique,socket,batch-06
rcaeval-34,hybrid,claim-12,LOGS shows no errors,LOGS shows no errors,state,0.0,True,0.0,True,True,Online Boutique,socket,batch-06
rcaeval-34,hybrid,claim-13,LOGS shows no exceptions,LOGS shows no exceptions,state,0.0,True,0.0,True,True,Online Boutique,socket,batch-06
rcaeval-34,hybrid,claim-14,LOGS shows no timeouts,LOGS shows no timeouts,state,0.0,True,1.0,False,False,Online Boutique,socket,batch-06
rcaeval-34,hybrid,claim-15,LOGS shows no crash indicators,LOGS shows no crash indicators,state,0.0,True,0.5,False,False,Online Boutique,socket,batch-06
rcaeval-34,hybrid,claim-16,currencyservice_socket mean increased from 3 to 7.82 after timestamp 1705479661,currencyservice_socket mean increased from 3 to 7.82 after timestamp 1705479661,temporal,0.384,True,0.5,False,False,Online Boutique,socket,batch-06
rcaeval-34,hybrid,claim-17,A slight currencyservice_mem increase was observed,A slight currencyservice_mem increase was observed,state,0.348,True,0.5,False,False,Online Boutique,socket,batch-06
rcaeval-34,hybrid,claim-18,Observed metric increases are not corroborated by log failures,Observed metric increases are not corroborated by log failures,general,0.0,True,0.0,True,True,Online Boutique,socket,batch-06
rcaeval-34,hybrid,claim-19,TOPOLOGY agent with confidence 0.99 confirms the pod is isolated on node-worker-01,TOPOLOGY agent with confidence 0.99 confirms the pod is isolated on node-worker-01,entity_relationship,0.72,False,0.0,True,False,Online Boutique,socket,batch-06
rcaeval-34,hybrid,claim-20,TOPOLOGY has the highest confidence among agents,TOPOLOGY has the highest confidence among agents,general,0.0,True,0.0,True,True,Online Boutique,socket,batch-06
rcaeval-34,hybrid,claim-21,The noisy_neighbors list contains only 'currencyservice' itself,The noisy_neighbors list contains only 'currencyservice' itself,entity_relationship,0.713,False,0.5,False,True,Online Boutique,socket,batch-06
rcaeval-34,hybrid,claim-22,No external noisy neighbors are present,No external noisy neighbors are present,state,0.0,True,0.0,True,True,Online Boutique,socket,batch-06
rcaeval-34,hybrid,claim-23,Resource contention from co-located pods is ruled out because noisy_neighbors contains only currencyservice itself,Resource contention from co-located pods is ruled out because noisy_neighbors contains only currencyservice itself,causal,0.708,False,0.0,True,False,Online Boutique,socket,batch-06
rcaeval-34,hybrid,claim-24,SECURITY agent with confidence 0.8 confirms no breaches,SECURITY agent with confidence 0.8 confirms no breaches,state,0.0,True,1.0,False,False,Online Boutique,socket,batch-06
rcaeval-34,hybrid,claim-25,SECURITY confirms no secret warnings,SECURITY confirms no secret warnings,state,0.0,True,0.5,False,False,Online Boutique,socket,batch-06
rcaeval-34,hybrid,claim-26,SECURITY confirms no RBAC alerts,SECURITY confirms no RBAC alerts,state,0.0,True,0.5,False,False,Online Boutique,socket,batch-06
rcaeval-34,hybrid,claim-27,DEPLOYMENTS agent with low confidence 0.35 reports Deployment currencyservice-deploy as Degraded,DEPLOYMENTS agent with low confidence 0.35 reports Deployment currencyservice-deploy as Degraded,state,0.703,False,0.5,False,True,Online Boutique,socket,batch-06
rcaeval-34,hybrid,claim-28,DEPLOYMENTS provides null SHA,DEPLOYMENTS provides null SHA,state,0.0,True,0.5,False,False,Online Boutique,socket,batch-06
rcaeval-34,hybrid,claim-29,DEPLOYMENTS provides null commit_msg,DEPLOYMENTS provides null commit_msg,state,0.0,True,0.5,False,False,Online Boutique,socket,batch-06
rcaeval-34,hybrid,claim-30,No Git regression correlation is possible due to null SHA and null commit_msg,No Git regression correlation is possible due to null SHA and null commit_msg,causal,0.0,True,0.0,True,True,Online Boutique,socket,batch-06
rcaeval-34,hybrid,claim-31,The DEPLOYMENTS degraded signal is discounted due to low confidence,The DEPLOYMENTS degraded signal is discounted due to low confidence,causal,0.0,True,0.0,True,True,Online Boutique,socket,batch-06
rcaeval-34,hybrid,claim-32,"High-confidence agents agree on absence of log, security, and topology causes","High-confidence agents agree on absence of log, security, and topology causes",general,0.0,True,0.0,True,True,Online Boutique,socket,batch-06
rcaeval-34,hybrid,claim-33,The only degraded signal lacks provenance,The only degraded signal lacks provenance,state,0.0,True,0.0,True,True,Online Boutique,socket,batch-06
rcaeval-35,none,claim-1,Pod 'catalogue' has Failed,Pod 'catalogue' has Failed,state,0.0,True,1.0,False,False,Sock Shop,socket,batch-06
rcaeval-35,none,claim-2,Pod 'catalogue' experienced severe isolated performance degradation,Pod 'catalogue' experienced severe isolated performance degradation,state,0.0,True,0.5,False,False,Sock Shop,socket,batch-06
rcaeval-35,none,claim-3,Service is unavailable,Service is unavailable,state,0.0,True,0.0,True,True,Sock Shop,socket,batch-06
rcaeval-35,none,claim-4,Impact is contained to catalogue,Impact is contained to catalogue,state,0.505,False,0.5,False,True,Sock Shop,socket,batch-06
rcaeval-35,none,claim-5,No cascading latency to front-end,No cascading latency to front-end,state,0.339,True,0.0,True,True,Sock Shop,socket,batch-06
rcaeval-35,none,claim-6,No cascading latency to carts,No cascading latency to carts,state,0.344,True,0.0,True,True,Sock Shop,socket,batch-06
rcaeval-35,none,claim-7,No cascading latency to orders,No cascading latency to orders,state,0.0,True,0.0,True,True,Sock Shop,socket,batch-06
rcaeval-35,none,claim-8,No external contention detected,No external contention detected,state,0.0,True,0.0,True,True,Sock Shop,socket,batch-06
rcaeval-35,none,claim-9,No security breach detected,No security breach detected,state,0.0,True,0.0,True,True,Sock Shop,socket,batch-06
rcaeval-35,none,claim-10,Root cause is internal application-level resource exhaustion isolated to pod 'catalogue',Root cause is internal application-level resource exhaustion isolated to pod 'catalogue',causal,0.0,True,0.5,False,False,Sock Shop,socket,batch-06
rcaeval-35,none,claim-11,Resource exhaustion isolated to pod 'catalogue' started at 1705638535,Resource exhaustion isolated to pod 'catalogue' started at 1705638535,temporal,0.0,True,0.5,False,False,Sock Shop,socket,batch-06
rcaeval-35,none,claim-12,Root cause is not external contention,Root cause is not external contention,causal,0.0,True,0.0,True,True,Sock Shop,socket,batch-06
rcaeval-35,none,claim-13,Root cause is not deployment regression,Root cause is not deployment regression,causal,0.0,True,0.0,True,True,Sock Shop,socket,batch-06
rcaeval-35,none,claim-14,Root cause is not security incident,Root cause is not security incident,causal,0.0,True,0.0,True,True,Sock Shop,socket,batch-06
rcaeval-35,none,claim-15,LOGS metrics show CPU saturation from 0.1634 to 45.98 (~281x),LOGS metrics show CPU saturation from 0.1634 to 45.98 (~281x),state,0.336,True,0.0,True,True,Sock Shop,socket,batch-06
rcaeval-35,none,claim-16,LOGS metrics show p90 latency spike from 0.004668 to 0.08209 (~17.6x),LOGS metrics show p90 latency spike from 0.004668 to 0.08209 (~17.6x),state,0.337,True,0.0,True,True,Sock Shop,socket,batch-06
rcaeval-35,none,claim-17,LOGS metrics show p50 latency spike from 0.003038 to 0.02133 (~7x),LOGS metrics show p50 latency spike from 0.003038 to 0.02133 (~7x),state,0.0,True,0.0,True,True,Sock Shop,socket,batch-06
rcaeval-35,none,claim-18,LOGS metrics show memory doubling from 6.06e+06 to 1.25e+07 (~2.06x),LOGS metrics show memory doubling from 6.06e+06 to 1.25e+07 (~2.06x),state,0.0,True,0.0,True,True,Sock Shop,socket,batch-06
rcaeval-35,none,claim-19,LOGS metrics show socket growth from 6 to 19.98 (~3.3x),LOGS metrics show socket growth from 6 to 19.98 (~3.3x),state,0.0,True,0.0,True,True,Sock Shop,socket,batch-06
rcaeval-35,none,claim-20,No catalogue error logs were observed,No catalogue error logs were observed,state,0.529,False,1.0,False,True,Sock Shop,socket,batch-06
rcaeval-35,none,claim-21,TOPOLOGY (0.95) confirms pod 'catalogue' is isolated on node-worker-01,TOPOLOGY (0.95) confirms pod 'catalogue' is isolated on node-worker-01,entity_relationship,0.71,False,0.0,True,False,Sock Shop,socket,batch-06
rcaeval-35,none,claim-22,Pod 'catalogue' has no dependencies,Pod 'catalogue' has no dependencies,entity_relationship,0.0,True,0.0,True,True,Sock Shop,socket,batch-06
rcaeval-35,none,claim-23,noisy_neighbors contains only itself (pod 'catalogue'),noisy_neighbors contains only itself (pod 'catalogue'),entity_relationship,0.0,True,0.5,False,False,Sock Shop,socket,batch-06
rcaeval-35,none,claim-24,TOPOLOGY rules out noisy-neighbor contention,TOPOLOGY rules out noisy-neighbor contention,causal,0.0,True,0.5,False,False,Sock Shop,socket,batch-06
rcaeval-35,none,claim-25,TOPOLOGY rules out downstream dependency failure,TOPOLOGY rules out downstream dependency failure,causal,0.0,True,0.0,True,True,Sock Shop,socket,batch-06
rcaeval-35,none,claim-26,SECURITY (0.8) rules out breach/RBAC issues,SECURITY (0.8) rules out breach/RBAC issues,general,0.0,True,1.0,False,False,Sock Shop,socket,batch-06
rcaeval-35,none,claim-27,DEPLOYMENTS (0.35) shows Degraded status,DEPLOYMENTS (0.35) shows Degraded status,state,0.0,True,0.5,False,False,Sock Shop,socket,batch-06
rcaeval-35,none,claim-28,Git metadata is null,Git metadata is null,state,0.0,True,0.0,True,True,Sock Shop,socket,batch-06
rcaeval-35,none,claim-29,Cannot correlate Degraded status to a code regression due to null git metadata,Cannot correlate Degraded status to a code regression due to null git metadata,causal,0.0,True,0.0,True,True,Sock Shop,socket,batch-06
rcaeval-35,none,claim-30,DEPLOYMENTS evidence is low-confidence (0.35),DEPLOYMENTS evidence is low-confidence (0.35),state,0.0,True,0.0,True,True,Sock Shop,socket,batch-06
rcaeval-35,none,claim-31,MONITORING (0.55) is inconclusive,MONITORING (0.55) is inconclusive,state,0.0,True,0.0,True,True,Sock Shop,socket,batch-06
rcaeval-35,none,claim-32,MONITORING has only a single 95.0s counter sample lacking historical rate() data,MONITORING has only a single 95.0s counter sample lacking historical rate() data,state,0.0,True,0.0,True,True,Sock Shop,socket,batch-06
rcaeval-35,none,claim-33,MONITORING does not contradict the high-confidence metric pattern,MONITORING does not contradict the high-confidence metric pattern,general,0.0,True,0.0,True,True,Sock Shop,socket,batch-06
rcaeval-35,none,claim-34,Signature indicates CPU-bound saturation,Signature indicates CPU-bound saturation,state,0.0,True,0.0,True,True,Sock Shop,socket,batch-06
rcaeval-35,none,claim-35,"CPU-bound saturation likely caused by infinite loop, thread leak, GC pressure, or connection/socket leak","CPU-bound saturation likely caused by infinite loop, thread leak, GC pressure, or connection/socket leak",causal,0.0,True,0.0,True,True,Sock Shop,socket,batch-06
rcaeval-35,none,claim-36,CPU-bound saturation caused latency failure,CPU-bound saturation caused latency failure,causal,0.0,True,0.0,True,True,Sock Shop,socket,batch-06
rcaeval-35,none,claim-37,Latency failure caused eventual pod failure,Latency failure caused eventual pod failure,causal,0.0,True,0.0,True,True,Sock Shop,socket,batch-06
rcaeval-35,raw,claim-1,Pod 'catalogue' is on node-worker-01,Pod 'catalogue' is on node-worker-01,entity_relationship,0.71,False,1.0,False,True,Sock Shop,socket,batch-06
rcaeval-35,raw,claim-2,Pod 'catalogue' has Failed status,Pod 'catalogue' has Failed status,state,0.504,False,0.5,False,True,Sock Shop,socket,batch-06
rcaeval-35,raw,claim-3,Failure is due to severe isolated resource exhaustion,Failure is due to severe isolated resource exhaustion,causal,0.0,True,0.0,True,True,Sock Shop,socket,batch-06
rcaeval-35,raw,claim-4,Catalogue CPU saturated with ~281x spike,Catalogue CPU saturated with ~281x spike,state,0.565,False,0.5,False,True,Sock Shop,socket,batch-06
rcaeval-35,raw,claim-5,Catalogue CPU saturation caused 7-17x latency degradation,Catalogue CPU saturation caused 7-17x latency degradation,causal,0.555,False,0.0,True,False,Sock Shop,socket,batch-06
rcaeval-35,raw,claim-6,Catalogue CPU saturation caused service unavailability for catalogue,Catalogue CPU saturation caused service unavailability for catalogue,causal,0.55,False,0.0,True,False,Sock Shop,socket,batch-06
rcaeval-35,raw,claim-7,All other services remain healthy,All other services remain healthy,state,0.0,True,0.0,True,True,Sock Shop,socket,batch-06
rcaeval-35,raw,claim-8,After timestamp 1705638535 catalogue exhibited definitive resource exhaustion,After timestamp 1705638535 catalogue exhibited definitive resource exhaustion,temporal,0.537,False,0.0,True,False,Sock Shop,socket,batch-06
rcaeval-35,raw,claim-9,catalogue_cpu increased from 0.1634 to 45.98 (~281x),catalogue_cpu increased from 0.1634 to 45.98 (~281x),state,0.359,True,1.0,False,False,Sock Shop,socket,batch-06
rcaeval-35,raw,claim-10,catalogue_latency-90 increased from 0.004668 to 0.08209 (~17.6x),catalogue_latency-90 increased from 0.004668 to 0.08209 (~17.6x),state,0.373,True,1.0,False,False,Sock Shop,socket,batch-06
rcaeval-35,raw,claim-11,catalogue_latency-50 increased from 0.003038 to 0.02133 (~7x),catalogue_latency-50 increased from 0.003038 to 0.02133 (~7x),state,0.379,True,1.0,False,False,Sock Shop,socket,batch-06
rcaeval-35,raw,claim-12,catalogue_mem increased from 6.066e+06 to 1.251e+07 (~2.06x),catalogue_mem increased from 6.066e+06 to 1.251e+07 (~2.06x),state,0.36,True,1.0,False,False,Sock Shop,socket,batch-06
rcaeval-35,raw,claim-13,catalogue_socket increased from 6 to 19.98 (~3.3x),catalogue_socket increased from 6 to 19.98 (~3.3x),state,0.34,True,1.0,False,False,Sock Shop,socket,batch-06
rcaeval-35,raw,claim-14,MONITORING anomaly_detected_high_cpu_usage corroborates resource exhaustion,MONITORING anomaly_detected_high_cpu_usage corroborates resource exhaustion,state,0.0,True,0.0,True,True,Sock Shop,socket,batch-06
rcaeval-35,raw,claim-15,Failure is isolated to catalogue,Failure is isolated to catalogue,state,0.0,True,0.0,True,True,Sock Shop,socket,batch-06
rcaeval-35,raw,claim-16,front-end showed decreased latency/CPU/socket/diskio after timestamp 1705638535,front-end showed decreased latency/CPU/socket/diskio after timestamp 1705638535,temporal,0.342,True,0.0,True,True,Sock Shop,socket,batch-06
rcaeval-35,raw,claim-17,carts showed decreased latency/CPU/socket/diskio after timestamp 1705638535,carts showed decreased latency/CPU/socket/diskio after timestamp 1705638535,temporal,0.354,True,0.0,True,True,Sock Shop,socket,batch-06
rcaeval-35,raw,claim-18,orders showed decreased latency/CPU/socket/diskio after timestamp 1705638535,orders showed decreased latency/CPU/socket/diskio after timestamp 1705638535,temporal,0.34,True,0.0,True,True,Sock Shop,socket,batch-06
rcaeval-35,raw,claim-19,TOPOLOGY confirms pod is isolated on node-worker-01,TOPOLOGY confirms pod is isolated on node-worker-01,entity_relationship,0.71,False,0.0,True,False,Sock Shop,socket,batch-06
rcaeval-35,raw,claim-20,noisy_neighbors contains only itself (catalogue),noisy_neighbors contains only itself (catalogue),entity_relationship,0.0,True,0.0,True,True,Sock Shop,socket,batch-06
rcaeval-35,raw,claim-21,dependencies is empty,dependencies is empty,entity_relationship,0.0,True,0.0,True,True,Sock Shop,socket,batch-06
rcaeval-35,raw,claim-22,No noisy-neighbor contention,No noisy-neighbor contention,causal,0.0,True,0.0,True,True,Sock Shop,socket,batch-06
rcaeval-35,raw,claim-23,No downstream dependency failure,No downstream dependency failure,causal,0.0,True,0.0,True,True,Sock Shop,socket,batch-06
rcaeval-35,raw,claim-24,SECURITY rules out breach issues,SECURITY rules out breach issues,state,0.0,True,0.5,False,False,Sock Shop,socket,batch-06
rcaeval-35,raw,claim-25,SECURITY rules out RBAC issues,SECURITY rules out RBAC issues,state,0.0,True,1.0,False,False,Sock Shop,socket,batch-06
rcaeval-35,raw,claim-26,SECURITY rules out secret issues,SECURITY rules out secret issues,state,0.0,True,0.5,False,False,Sock Shop,socket,batch-06
rcaeval-35,raw,claim-27,DEPLOYMENTS reports Degraded,DEPLOYMENTS reports Degraded,state,0.0,True,0.0,True,True,Sock Shop,socket,batch-06
rcaeval-35,raw,claim-28,DEPLOYMENTS has null sha,DEPLOYMENTS has null sha,state,0.0,True,1.0,False,False,Sock Shop,socket,batch-06
rcaeval-35,raw,claim-29,DEPLOYMENTS has null commit_msg,DEPLOYMENTS has null commit_msg,state,0.0,True,1.0,False,False,Sock Shop,socket,batch-06
rcaeval-35,raw,claim-30,DEPLOYMENTS has low confidence 0.35,DEPLOYMENTS has low confidence 0.35,state,0.0,True,0.0,True,True,Sock Shop,socket,batch-06
rcaeval-35,raw,claim-31,No attributable deployment regression,No attributable deployment regression,causal,0.0,True,0.5,False,False,Sock Shop,socket,batch-06
rcaeval-35,raw,claim-32,Root cause is catalogue-specific application-level CPU saturation/resource exhaustion,Root cause is catalogue-specific application-level CPU saturation/resource exhaustion,causal,0.0,True,0.5,False,False,Sock Shop,socket,batch-06
rcaeval-35,raw,claim-33,Root cause leads to Failed status,Root cause leads to Failed status,causal,0.507,False,0.0,True,False,Sock Shop,socket,batch-06
rcaeval-35,raw,claim-34,"Likely cause is hot loop, thread leak, connection leak, or inefficient query","Likely cause is hot loop, thread leak, connection leak, or inefficient query",general,0.0,True,0.0,True,True,Sock Shop,socket,batch-06
rcaeval-35,hybrid,claim-1,Pod 'catalogue' is located on node-worker-01,Pod 'catalogue' is located on node-worker-01,entity_relationship,0.71,False,1.0,False,True,Sock Shop,socket,batch-06
rcaeval-35,hybrid,claim-2,Pod 'catalogue' has Failed state,Pod 'catalogue' has Failed state,state,0.503,False,1.0,False,True,Sock Shop,socket,batch-06
rcaeval-35,hybrid,claim-3,Pod 'catalogue' experienced severe isolated CPU saturation,Pod 'catalogue' experienced severe isolated CPU saturation,state,0.0,True,0.5,False,False,Sock Shop,socket,batch-06
rcaeval-35,hybrid,claim-4,Pod 'catalogue' experienced resource exhaustion,Pod 'catalogue' experienced resource exhaustion,state,0.0,True,1.0,False,False,Sock Shop,socket,batch-06
rcaeval-35,hybrid,claim-5,Isolated CPU saturation and resource exhaustion caused ~17.6x p90 latency degradation,Isolated CPU saturation and resource exhaustion caused ~17.6x p90 latency degradation,causal,0.0,True,0.0,True,True,Sock Shop,socket,batch-06
rcaeval-35,hybrid,claim-6,Isolated CPU saturation and resource exhaustion caused service unavailability of catalogue,Isolated CPU saturation and resource exhaustion caused service unavailability of catalogue,causal,0.532,False,0.0,True,False,Sock Shop,socket,batch-06
rcaeval-35,hybrid,claim-7,Impact is localized to catalogue,Impact is localized to catalogue,state,0.0,True,1.0,False,False,Sock Shop,socket,batch-06
rcaeval-35,hybrid,claim-8,No cascading failure to front-end,No cascading failure to front-end,state,0.0,True,0.0,True,True,Sock Shop,socket,batch-06
rcaeval-35,hybrid,claim-9,No cascading failure to carts,No cascading failure to carts,state,0.0,True,0.0,True,True,Sock Shop,socket,batch-06
rcaeval-35,hybrid,claim-10,No cascading failure to orders,No cascading failure to orders,state,0.0,True,0.0,True,True,Sock Shop,socket,batch-06
rcaeval-35,hybrid,claim-11,No cascading failure to session-db,No cascading failure to session-db,state,0.0,True,0.0,True,True,Sock Shop,socket,batch-06
rcaeval-35,hybrid,claim-12,No cascading failure to queue-master,No cascading failure to queue-master,state,0.0,True,0.0,True,True,Sock Shop,socket,batch-06
rcaeval-35,hybrid,claim-13,Performance collapse occurred after timestamp 1705638535,Performance collapse occurred after timestamp 1705638535,temporal,0.0,True,0.0,True,True,Sock Shop,socket,batch-06
rcaeval-35,hybrid,claim-14,Performance collapse originated inside the catalogue container itself,Performance collapse originated inside the catalogue container itself,entity_relationship,0.509,False,0.0,True,False,Sock Shop,socket,batch-06
rcaeval-35,hybrid,claim-15,LOGS Agent confidence is 0.96,LOGS Agent confidence is 0.96,state,0.0,True,0.0,True,True,Sock Shop,socket,batch-06
rcaeval-35,hybrid,claim-16,catalogue_cpu increased from 0.1634 to 45.98 (~281x),catalogue_cpu increased from 0.1634 to 45.98 (~281x),state,0.359,True,1.0,False,False,Sock Shop,socket,batch-06
rcaeval-35,hybrid,claim-17,catalogue_latency-90 increased from 0.004668 to 0.08209 (~17.6x),catalogue_latency-90 increased from 0.004668 to 0.08209 (~17.6x),state,0.373,True,1.0,False,False,Sock Shop,socket,batch-06
rcaeval-35,hybrid,claim-18,catalogue_latency-50 increased from 0.003038 to 0.02133 (~7x),catalogue_latency-50 increased from 0.003038 to 0.02133 (~7x),state,0.379,True,0.5,False,False,Sock Shop,socket,batch-06
rcaeval-35,hybrid,claim-19,catalogue_mem increased from 6.06e+06 to 1.25e+07 (~2.06x),catalogue_mem increased from 6.06e+06 to 1.25e+07 (~2.06x),state,0.356,True,0.5,False,False,Sock Shop,socket,batch-06
rcaeval-35,hybrid,claim-20,catalogue_socket increased from 6 to 19.98 (~3.3x),catalogue_socket increased from 6 to 19.98 (~3.3x),state,0.34,True,1.0,False,False,Sock Shop,socket,batch-06
rcaeval-35,hybrid,claim-21,No error logs were observed for catalogue,No error logs were observed for catalogue,state,0.534,False,1.0,False,True,Sock Shop,socket,batch-06
rcaeval-35,hybrid,claim-22,Observed metric pattern is consistent with CPU hog/saturation,Observed metric pattern is consistent with CPU hog/saturation,general,0.0,True,0.0,True,True,Sock Shop,socket,batch-06
rcaeval-35,hybrid,claim-23,CPU hog/saturation can be caused by infinite loop,CPU hog/saturation can be caused by infinite loop,general,0.0,True,0.0,True,True,Sock Shop,socket,batch-06
rcaeval-35,hybrid,claim-24,CPU hog/saturation can be caused by thread contention,CPU hog/saturation can be caused by thread contention,general,0.0,True,0.0,True,True,Sock Shop,socket,batch-06
rcaeval-35,hybrid,claim-25,CPU hog/saturation can be caused by inefficient computation,CPU hog/saturation can be caused by inefficient computation,general,0.0,True,0.0,True,True,Sock Shop,socket,batch-06
rcaeval-35,hybrid,claim-26,CPU hog/saturation causes request queueing,CPU hog/saturation causes request queueing,causal,0.0,True,0.0,True,True,Sock Shop,socket,batch-06
rcaeval-35,hybrid,claim-27,CPU hog/saturation causes latency buildup,CPU hog/saturation causes latency buildup,causal,0.0,True,0.0,True,True,Sock Shop,socket,batch-06
rcaeval-35,hybrid,claim-28,CPU hog/saturation causes memory/socket buildup,CPU hog/saturation causes memory/socket buildup,causal,0.0,True,0.0,True,True,Sock Shop,socket,batch-06
rcaeval-35,hybrid,claim-29,TOPOLOGY Agent confidence is 0.99,TOPOLOGY Agent confidence is 0.99,state,0.0,True,0.0,True,True,Sock Shop,socket,batch-06
rcaeval-35,hybrid,claim-30,Pod 'catalogue' has no dependencies,Pod 'catalogue' has no dependencies,entity_relationship,0.0,True,0.5,False,False,Sock Shop,socket,batch-06
rcaeval-35,hybrid,claim-31,noisy_neighbors for catalogue contains only itself,noisy_neighbors for catalogue contains only itself,entity_relationship,0.0,True,0.0,True,True,Sock Shop,socket,batch-06
rcaeval-35,hybrid,claim-32,Isolation rules out external contention,Isolation rules out external contention,causal,0.0,True,0.0,True,True,Sock Shop,socket,batch-06
rcaeval-35,hybrid,claim-33,Isolation rules out noisy-neighbor contention from other pods on node-worker-01,Isolation rules out noisy-neighbor contention from other pods on node-worker-01,causal,0.71,False,0.0,True,False,Sock Shop,socket,batch-06
rcaeval-35,hybrid,claim-34,Other pods showed decreased latency after the event,Other pods showed decreased latency after the event,state,0.0,True,0.0,True,True,Sock Shop,socket,batch-06
rcaeval-35,hybrid,claim-35,Other pods showed decreased CPU after the event,Other pods showed decreased CPU after the event,state,0.0,True,0.0,True,True,Sock Shop,socket,batch-06
rcaeval-35,hybrid,claim-36,Other pods showed decreased diskio after the event,Other pods showed decreased diskio after the event,state,0.0,True,0.0,True,True,Sock Shop,socket,batch-06
rcaeval-35,hybrid,claim-37,Failure is not systemic/cascading,Failure is not systemic/cascading,state,0.0,True,0.0,True,True,Sock Shop,socket,batch-06
rcaeval-35,hybrid,claim-38,SECURITY Agent confidence is 0.8,SECURITY Agent confidence is 0.8,state,0.0,True,0.0,True,True,Sock Shop,socket,batch-06
rcaeval-35,hybrid,claim-39,SECURITY Agent rules out breach,SECURITY Agent rules out breach,state,0.0,True,0.0,True,True,Sock Shop,socket,batch-06
rcaeval-35,hybrid,claim-40,SECURITY Agent rules out RBAC compromise,SECURITY Agent rules out RBAC compromise,state,0.0,True,0.5,False,False,Sock Shop,socket,batch-06
rcaeval-35,hybrid,claim-41,SECURITY Agent rules out secret compromise,SECURITY Agent rules out secret compromise,state,0.0,True,0.0,True,True,Sock Shop,socket,batch-06
rcaeval-35,hybrid,claim-42,DEPLOYMENTS Agent confidence is 0.4,DEPLOYMENTS Agent confidence is 0.4,state,0.0,True,0.5,False,False,Sock Shop,socket,batch-06
rcaeval-35,hybrid,claim-43,catalogue-deploy is in Degraded state,catalogue-deploy is in Degraded state,state,0.0,True,0.0,True,True,Sock Shop,socket,batch-06
rcaeval-35,hybrid,claim-44,sha for catalogue-deploy is null,sha for catalogue-deploy is null,state,0.0,True,0.0,True,True,Sock Shop,socket,batch-06
rcaeval-35,hybrid,claim-45,commit_msg for catalogue-deploy is null,commit_msg for catalogue-deploy is null,state,0.0,True,0.0,True,True,Sock Shop,socket,batch-06
rcaeval-35,hybrid,claim-46,DEPLOYMENTS Agent finding cannot be correlated due to null sha/commit_msg,DEPLOYMENTS Agent finding cannot be correlated due to null sha/commit_msg,causal,0.0,True,0.5,False,False,Sock Shop,socket,batch-06
rcaeval-35,hybrid,claim-47,DEPLOYMENTS Agent is inconclusive,DEPLOYMENTS Agent is inconclusive,state,0.0,True,0.5,False,False,Sock Shop,socket,batch-06
rcaeval-35,hybrid,claim-48,MONITORING Agent confidence is 0.45,MONITORING Agent confidence is 0.45,state,0.0,True,0.0,True,True,Sock Shop,socket,batch-06
rcaeval-35,hybrid,claim-49,MONITORING Agent is inconclusive due to insufficient_data,MONITORING Agent is inconclusive due to insufficient_data,causal,0.0,True,0.0,True,True,Sock Shop,socket,batch-06
rcaeval-35,hybrid,claim-50,Root cause is internal resource exhaustion/CPU saturation within catalogue,Root cause is internal resource exhaustion/CPU saturation within catalogue,causal,0.541,False,0.5,False,True,Sock Shop,socket,batch-06
rcaeval-35,hybrid,claim-51,Root cause is not a deployment regression,Root cause is not a deployment regression,causal,0.0,True,0.0,True,True,Sock Shop,socket,batch-06
rcaeval-35,hybrid,claim-52,Root cause is not a topology issue,Root cause is not a topology issue,causal,0.0,True,0.0,True,True,Sock Shop,socket,batch-06
rcaeval-35,hybrid,claim-53,Root cause is not a security event,Root cause is not a security event,causal,0.0,True,0.0,True,True,Sock Shop,socket,batch-06
rcaeval-36,none,claim-1,Pod ts-order-service has Failed,Pod ts-order-service has Failed,state,0.713,False,0.5,False,True,Train Ticket,socket,batch-06
rcaeval-36,none,claim-2,Severe CPU saturation (~10x) started at 1705986772,Severe CPU saturation (~10x) started at 1705986772,temporal,0.0,True,0.0,True,True,Train Ticket,socket,batch-06
rcaeval-36,none,claim-3,CPU saturation caused ts-order-service failure,CPU saturation caused ts-order-service failure,causal,0.573,False,1.0,False,True,Train Ticket,socket,batch-06
rcaeval-36,none,claim-4,CPU saturation caused ~9-10x latency degradation,CPU saturation caused ~9-10x latency degradation,causal,0.0,True,0.0,True,True,Train Ticket,socket,batch-06
rcaeval-36,none,claim-5,CPU saturation caused 2.2x socket increase,CPU saturation caused 2.2x socket increase,causal,0.0,True,0.0,True,True,Train Ticket,socket,batch-06
rcaeval-36,none,claim-6,CPU saturation caused cascading latency impact to dependent services,CPU saturation caused cascading latency impact to dependent services,causal,0.0,True,0.0,True,True,Train Ticket,socket,batch-06
rcaeval-36,none,claim-7,ts-security-service is a dependent service of ts-order-service,ts-security-service is a dependent service of ts-order-service,entity_relationship,0.713,False,1.0,False,True,Train Ticket,socket,batch-06
rcaeval-36,none,claim-8,ts-preserve-service is a dependent service of ts-order-service,ts-preserve-service is a dependent service of ts-order-service,entity_relationship,0.713,False,1.0,False,True,Train Ticket,socket,batch-06
rcaeval-36,none,claim-9,ts-inside-payment-service is a dependent service of ts-order-service,ts-inside-payment-service is a dependent service of ts-order-service,entity_relationship,0.708,False,0.5,False,True,Train Ticket,socket,batch-06
rcaeval-36,none,claim-10,At 1705986772 ts-order-service metrics show abrupt step-change,At 1705986772 ts-order-service metrics show abrupt step-change,temporal,0.569,False,0.0,True,False,Train Ticket,socket,batch-06
rcaeval-36,none,claim-11,ts-order-service CPU mean increased from 3.695 to 37.17 (~10x),ts-order-service CPU mean increased from 3.695 to 37.17 (~10x),state,0.613,False,0.0,True,False,Train Ticket,socket,batch-06
rcaeval-36,none,claim-12,ts-order-service p50 latency increased from 0.009181 to 0.09058 (~9.9x),ts-order-service p50 latency increased from 0.009181 to 0.09058 (~9.9x),state,0.599,False,0.0,True,False,Train Ticket,socket,batch-06
rcaeval-36,none,claim-13,ts-order-service p90 latency increased from 0.04844 to 0.4373 (~9x),ts-order-service p90 latency increased from 0.04844 to 0.4373 (~9x),state,0.589,False,0.0,True,False,Train Ticket,socket,batch-06
rcaeval-36,none,claim-14,ts-order-service socket count increased from 12.16 to 27.03 (~2.2x),ts-order-service socket count increased from 12.16 to 27.03 (~2.2x),state,0.71,False,0.0,True,False,Train Ticket,socket,batch-06
rcaeval-36,none,claim-15,ts-order-service had the largest spike among all services,ts-order-service had the largest spike among all services,state,0.71,False,0.0,True,False,Train Ticket,socket,batch-06
rcaeval-36,none,claim-16,No ts-order-service error logs are present in the window,No ts-order-service error logs are present in the window,state,0.713,False,0.5,False,True,Train Ticket,socket,batch-06
rcaeval-36,none,claim-17,Absence of error logs indicates a performance/resource pressure failure rather than a logged application exception,Absence of error logs indicates a performance/resource pressure failure rather than a logged application exception,causal,0.0,True,0.0,True,True,Train Ticket,socket,batch-06
rcaeval-36,none,claim-18,Topology with confidence 0.95 confirms ts-order-service is isolated on node-worker-01,Topology with confidence 0.95 confirms ts-order-service is isolated on node-worker-01,entity_relationship,0.713,False,0.5,False,True,Train Ticket,socket,batch-06
rcaeval-36,none,claim-19,"noisy_neighbors contains only self-reference, indicating no external noisy neighbors","noisy_neighbors contains only self-reference, indicating no external noisy neighbors",state,0.0,True,0.0,True,True,Train Ticket,socket,batch-06
rcaeval-36,none,claim-20,No external noisy neighbors rules out node contention as the cause,No external noisy neighbors rules out node contention as the cause,causal,0.0,True,0.0,True,True,Train Ticket,socket,batch-06
rcaeval-36,none,claim-21,Security with confidence 0.95 confirms no credential leak for this pod,Security with confidence 0.95 confirms no credential leak for this pod,state,0.0,True,0.0,True,True,Train Ticket,socket,batch-06
rcaeval-36,none,claim-22,Security confirms no relevant log entries for this pod,Security confirms no relevant log entries for this pod,state,0.0,True,0.0,True,True,Train Ticket,socket,batch-06
rcaeval-36,none,claim-23,No credential leak and no relevant log entries rules out security cause,No credential leak and no relevant log entries rules out security cause,causal,0.0,True,0.0,True,True,Train Ticket,socket,batch-06
rcaeval-36,none,claim-24,Plaintext credential in ts-auth-service is out-of-scope for this incident,Plaintext credential in ts-auth-service is out-of-scope for this incident,general,0.336,True,0.0,True,True,Train Ticket,socket,batch-06
rcaeval-36,none,claim-25,Deployments with confidence 0.35 shows Degraded status,Deployments with confidence 0.35 shows Degraded status,state,0.0,True,0.5,False,False,Train Ticket,socket,batch-06
rcaeval-36,none,claim-26,Deployments sha and commit_msg are null,Deployments sha and commit_msg are null,state,0.0,True,1.0,False,False,Train Ticket,socket,batch-06
rcaeval-36,none,claim-27,No git metadata is available to correlate to a code regression,No git metadata is available to correlate to a code regression,state,0.0,True,0.0,True,True,Train Ticket,socket,batch-06
rcaeval-36,none,claim-28,Deployments data is inconclusive,Deployments data is inconclusive,general,0.0,True,0.0,True,True,Train Ticket,socket,batch-06
rcaeval-36,none,claim-29,Correlated Monitoring with confidence 0.88 shows high-CPU anomaly,Correlated Monitoring with confidence 0.88 shows high-CPU anomaly,state,0.0,True,0.0,True,True,Train Ticket,socket,batch-06
rcaeval-36,none,claim-30,Logs with confidence 0.96 shows quantitative degradation,Logs with confidence 0.96 shows quantitative degradation,state,0.0,True,0.0,True,True,Train Ticket,socket,batch-06
rcaeval-36,none,claim-31,Root cause is internal CPU pressure/resource exhaustion,Root cause is internal CPU pressure/resource exhaustion,causal,0.0,True,0.0,True,True,Train Ticket,socket,batch-06
rcaeval-36,none,claim-32,"Internal CPU pressure/resource exhaustion may be due to hot loop, inefficient code path, or insufficient CPU limits/requests","Internal CPU pressure/resource exhaustion may be due to hot loop, inefficient code path, or insufficient CPU limits/requests",general,0.0,True,0.0,True,True,Train Ticket,socket,batch-06
rcaeval-36,none,claim-33,Internal CPU pressure/resource exhaustion led to latency collapse and pod failure,Internal CPU pressure/resource exhaustion led to latency collapse and pod failure,causal,0.51,False,0.0,True,False,Train Ticket,socket,batch-06
rcaeval-36,raw,claim-1,Pod 'ts-order-service' is hosted on node 'node-worker-01',Pod 'ts-order-service' is hosted on node 'node-worker-01',entity_relationship,0.713,False,1.0,False,True,Train Ticket,socket,batch-06
rcaeval-36,raw,claim-2,Pod 'ts-order-service' has Failed,Pod 'ts-order-service' has Failed,state,0.713,False,1.0,False,True,Train Ticket,socket,batch-06
rcaeval-36,raw,claim-3,Severe performance degradation occurred after timestamp 1705986772,Severe performance degradation occurred after timestamp 1705986772,temporal,0.0,True,0.0,True,True,Train Ticket,socket,batch-06
rcaeval-36,raw,claim-4,CPU usage increased by ~10x after 1705986772,CPU usage increased by ~10x after 1705986772,state,0.0,True,0.0,True,True,Train Ticket,socket,batch-06
rcaeval-36,raw,claim-5,Latency increased by ~9-10x after 1705986772,Latency increased by ~9-10x after 1705986772,state,0.0,True,0.0,True,True,Train Ticket,socket,batch-06
rcaeval-36,raw,claim-6,Pod 'ts-order-service' is acting as a noisy neighbor,Pod 'ts-order-service' is acting as a noisy neighbor,state,0.713,False,0.5,False,True,Train Ticket,socket,batch-06
rcaeval-36,raw,claim-7,Pod 'ts-order-service' is causing resource contention on its host node 'node-worker-01',Pod 'ts-order-service' is causing resource contention on its host node 'node-worker-01',causal,0.715,False,1.0,False,True,Train Ticket,socket,batch-06
rcaeval-36,raw,claim-8,Resource contention on node 'node-worker-01' caused cascading latency spikes and errors in dependent services,Resource contention on node 'node-worker-01' caused cascading latency spikes and errors in dependent services,causal,0.72,False,0.0,True,False,Train Ticket,socket,batch-06
rcaeval-36,raw,claim-9,ts-security-service is a dependent service impacted by the cascading effect,ts-security-service is a dependent service impacted by the cascading effect,entity_relationship,0.526,False,0.0,True,False,Train Ticket,socket,batch-06
rcaeval-36,raw,claim-10,ts-preserve-service is a dependent service impacted by the cascading effect,ts-preserve-service is a dependent service impacted by the cascading effect,entity_relationship,0.519,False,0.0,True,False,Train Ticket,socket,batch-06
rcaeval-36,raw,claim-11,ts-inside-payment-service is a dependent service impacted by the cascading effect,ts-inside-payment-service is a dependent service impacted by the cascading effect,entity_relationship,0.531,False,0.0,True,False,Train Ticket,socket,batch-06
rcaeval-36,raw,claim-12,ts-travel-service is a dependent service impacted by the cascading effect,ts-travel-service is a dependent service impacted by the cascading effect,entity_relationship,0.524,False,0.0,True,False,Train Ticket,socket,batch-06
rcaeval-36,raw,claim-13,ts-ui-dashboard is a dependent service impacted by the cascading effect,ts-ui-dashboard is a dependent service impacted by the cascading effect,entity_relationship,0.548,False,0.0,True,False,Train Ticket,socket,batch-06
rcaeval-36,raw,claim-14,Correlated metrics show a clear inflection at timestamp 1705986772,Correlated metrics show a clear inflection at timestamp 1705986772,temporal,0.0,True,0.0,True,True,Train Ticket,socket,batch-06
rcaeval-36,raw,claim-15,CPU mean increased from 3.695 to 37.17 (~10x),CPU mean increased from 3.695 to 37.17 (~10x),state,0.0,True,1.0,False,False,Train Ticket,socket,batch-06
rcaeval-36,raw,claim-16,Latency-50 increased from 0.009181 to 0.09058 (~9.9x),Latency-50 increased from 0.009181 to 0.09058 (~9.9x),state,0.34,True,1.0,False,False,Train Ticket,socket,batch-06
rcaeval-36,raw,claim-17,Latency-90 increased from 0.04844 to 0.4373 (~9x),Latency-90 increased from 0.04844 to 0.4373 (~9x),state,0.0,True,1.0,False,False,Train Ticket,socket,batch-06
rcaeval-36,raw,claim-18,Sockets increased from 12.16 to 27.03 (~2.2x),Sockets increased from 12.16 to 27.03 (~2.2x),state,0.0,True,1.0,False,False,Train Ticket,socket,batch-06
rcaeval-36,raw,claim-19,MONITORING (confidence 0.75) flagged potential_high_cpu_usage_detected,MONITORING (confidence 0.75) flagged potential_high_cpu_usage_detected,general,0.0,True,0.0,True,True,Train Ticket,socket,batch-06
rcaeval-36,raw,claim-20,LOGS (confidence 0.85) quantified the spike,LOGS (confidence 0.85) quantified the spike,general,0.0,True,0.0,True,True,Train Ticket,socket,batch-06
rcaeval-36,raw,claim-21,No direct ts-order-service log lines were present in the window,No direct ts-order-service log lines were present in the window,state,0.713,False,0.5,False,True,Train Ticket,socket,batch-06
rcaeval-36,raw,claim-22,TOPOLOGY (confidence 0.85) confirms pod 'ts-order-service' is the noisy neighbor on node 'node-worker-01',TOPOLOGY (confidence 0.85) confirms pod 'ts-order-service' is the noisy neighbor on node 'node-worker-01',entity_relationship,0.713,False,1.0,False,True,Train Ticket,socket,batch-06
rcaeval-36,raw,claim-23,No other noisy neighbors were found on node 'node-worker-01',No other noisy neighbors were found on node 'node-worker-01',state,0.72,False,0.0,True,False,Train Ticket,socket,batch-06
rcaeval-36,raw,claim-24,No other dependencies were found for the pod,No other dependencies were found for the pod,state,0.0,True,0.0,True,True,Train Ticket,socket,batch-06
rcaeval-36,raw,claim-25,"Pod 'ts-order-service' is the source, not the victim, of contention","Pod 'ts-order-service' is the source, not the victim, of contention",causal,0.713,False,0.0,True,False,Train Ticket,socket,batch-06
rcaeval-36,raw,claim-26,DEPLOYMENTS (confidence 0.35) shows Degraded status,DEPLOYMENTS (confidence 0.35) shows Degraded status,state,0.0,True,0.5,False,False,Train Ticket,socket,batch-06
rcaeval-36,raw,claim-27,Git metadata is null,Git metadata is null,state,0.0,True,0.0,True,True,Train Ticket,socket,batch-06
rcaeval-36,raw,claim-28,Code regression cannot be confirmed or ruled out due to null Git metadata,Code regression cannot be confirmed or ruled out due to null Git metadata,general,0.0,True,0.0,True,True,Train Ticket,socket,batch-06
rcaeval-36,raw,claim-29,Code regression hypothesis is discounted due to low confidence (0.35),Code regression hypothesis is discounted due to low confidence (0.35),general,0.0,True,0.0,True,True,Train Ticket,socket,batch-06
rcaeval-36,raw,claim-30,SECURITY (confidence 0.95) rules out credential leak for ts-order-service,SECURITY (confidence 0.95) rules out credential leak for ts-order-service,general,0.713,False,0.0,True,False,Train Ticket,socket,batch-06
rcaeval-36,raw,claim-31,"The observed anomaly is resource exhaustion, not security compromise","The observed anomaly is resource exhaustion, not security compromise",general,0.0,True,0.5,False,False,Train Ticket,socket,batch-06
rcaeval-36,raw,claim-32,"The combination of CPU saturation, socket growth, and latency degradation led to pod Failure","The combination of CPU saturation, socket growth, and latency degradation led to pod Failure",causal,0.509,False,0.0,True,False,Train Ticket,socket,batch-06
rcaeval-36,raw,claim-33,"The combination of CPU saturation, socket growth, and latency degradation led to downstream cascading impact","The combination of CPU saturation, socket growth, and latency degradation led to downstream cascading impact",causal,0.503,False,0.0,True,False,Train Ticket,socket,batch-06
rcaeval-36,hybrid,claim-1,Pod ts-order-service transitioned to Failed,Pod ts-order-service transitioned to Failed,state,0.708,False,1.0,False,True,Train Ticket,socket,batch-06
rcaeval-36,hybrid,claim-2,The transition to Failed occurred after an abrupt ~10x resource surge,The transition to Failed occurred after an abrupt ~10x resource surge,causal,0.0,True,0.0,True,True,Train Ticket,socket,batch-06
rcaeval-36,hybrid,claim-3,The resource surge occurred at 2024-01-23 05:12:52 UTC,The resource surge occurred at 2024-01-23 05:12:52 UTC,temporal,0.0,True,0.0,True,True,Train Ticket,socket,batch-06
rcaeval-36,hybrid,claim-4,The resource surge occurred at epoch 1705986772,The resource surge occurred at epoch 1705986772,temporal,0.0,True,0.0,True,True,Train Ticket,socket,batch-06
rcaeval-36,hybrid,claim-5,ts-order-service became a primary bottleneck,ts-order-service became a primary bottleneck,state,0.566,False,0.0,True,False,Train Ticket,socket,batch-06
rcaeval-36,hybrid,claim-6,ts-order-service experienced 9-10x latency increase,ts-order-service experienced 9-10x latency increase,state,0.597,False,0.5,False,True,Train Ticket,socket,batch-06
rcaeval-36,hybrid,claim-7,ts-order-service experienced 2.2x socket growth,ts-order-service experienced 2.2x socket growth,state,0.71,False,0.0,True,False,Train Ticket,socket,batch-06
rcaeval-36,hybrid,claim-8,ts-security-service experienced cascading latency degradation of 2.6-6.5x,ts-security-service experienced cascading latency degradation of 2.6-6.5x,state,0.348,True,0.0,True,True,Train Ticket,socket,batch-06
rcaeval-36,hybrid,claim-9,ts-preserve-service experienced cascading latency degradation of 2.6-6.5x,ts-preserve-service experienced cascading latency degradation of 2.6-6.5x,state,0.0,True,0.0,True,True,Train Ticket,socket,batch-06
rcaeval-36,hybrid,claim-10,ts-inside-payment-service experienced cascading latency degradation of 2.6-6.5x,ts-inside-payment-service experienced cascading latency degradation of 2.6-6.5x,state,0.347,True,0.0,True,True,Train Ticket,socket,batch-06
rcaeval-36,hybrid,claim-11,ts-travel-service experienced new errors as cascading impact,ts-travel-service experienced new errors as cascading impact,state,0.0,True,0.0,True,True,Train Ticket,socket,batch-06
rcaeval-36,hybrid,claim-12,ts-ui-dashboard experienced new errors as cascading impact,ts-ui-dashboard experienced new errors as cascading impact,state,0.346,True,0.0,True,True,Train Ticket,socket,batch-06
rcaeval-36,hybrid,claim-13,Root cause is internal CPU saturation/resource exhaustion within ts-order-service itself,Root cause is internal CPU saturation/resource exhaustion within ts-order-service itself,causal,0.569,False,0.5,False,True,Train Ticket,socket,batch-06
rcaeval-36,hybrid,claim-14,Root cause is overload within ts-order-service itself,Root cause is overload within ts-order-service itself,causal,0.713,False,0.0,True,False,Train Ticket,socket,batch-06
rcaeval-36,hybrid,claim-15,Root cause is not external contention,Root cause is not external contention,causal,0.0,True,0.0,True,True,Train Ticket,socket,batch-06
rcaeval-36,hybrid,claim-16,Root cause is not security compromise,Root cause is not security compromise,causal,0.0,True,0.0,True,True,Train Ticket,socket,batch-06
rcaeval-36,hybrid,claim-17,"At epoch 1705986772, ts-order-service CPU mean increased from 3.695 to 37.17 (~10.1x)","At epoch 1705986772, ts-order-service CPU mean increased from 3.695 to 37.17 (~10.1x)",state,0.62,False,0.5,False,True,Train Ticket,socket,batch-06
rcaeval-36,hybrid,claim-18,"At epoch 1705986772, ts-order-service p50 latency increased from 0.009181 to 0.09058 (~9.9x)","At epoch 1705986772, ts-order-service p50 latency increased from 0.009181 to 0.09058 (~9.9x)",state,0.603,False,0.5,False,True,Train Ticket,socket,batch-06
rcaeval-36,hybrid,claim-19,"At epoch 1705986772, ts-order-service p90 latency increased from 0.04844 to 0.4373 (~9.0x)","At epoch 1705986772, ts-order-service p90 latency increased from 0.04844 to 0.4373 (~9.0x)",state,0.595,False,1.0,False,True,Train Ticket,socket,batch-06
rcaeval-36,hybrid,claim-20,"At epoch 1705986772, ts-order-service socket count increased from 12.16 to 27.03 (~2.2x)","At epoch 1705986772, ts-order-service socket count increased from 12.16 to 27.03 (~2.2x)",state,0.71,False,0.5,False,True,Train Ticket,socket,batch-06
rcaeval-36,hybrid,claim-21,TOPOLOGY confirms ts-order-service is isolated on node-worker-01,TOPOLOGY confirms ts-order-service is isolated on node-worker-01,entity_relationship,0.713,False,0.5,False,True,Train Ticket,socket,batch-06
rcaeval-36,hybrid,claim-22,TOPOLOGY confidence is 0.95,TOPOLOGY confidence is 0.95,general,0.0,True,0.0,True,True,Train Ticket,socket,batch-06
rcaeval-36,hybrid,claim-23,"ts-order-service has no external noisy neighbors, noisy_neighbors list contains only itself","ts-order-service has no external noisy neighbors, noisy_neighbors list contains only itself",entity_relationship,0.71,False,0.0,True,False,Train Ticket,socket,batch-06
rcaeval-36,hybrid,claim-24,ts-order-service has zero dependencies,ts-order-service has zero dependencies,entity_relationship,0.713,False,0.0,True,False,Train Ticket,socket,batch-06
rcaeval-36,hybrid,claim-25,Noisy-neighbor contention is ruled out as cause,Noisy-neighbor contention is ruled out as cause,causal,0.0,True,0.0,True,True,Train Ticket,socket,batch-06
rcaeval-36,hybrid,claim-26,The overload is self-induced overload/data artifact,The overload is self-induced overload/data artifact,causal,0.0,True,0.0,True,True,Train Ticket,socket,batch-06
rcaeval-36,hybrid,claim-27,MONITORING independently confirms anomaly_detected,MONITORING independently confirms anomaly_detected,state,0.0,True,0.0,True,True,Train Ticket,socket,batch-06
rcaeval-36,hybrid,claim-28,MONITORING confidence is 0.95,MONITORING confidence is 0.95,general,0.0,True,0.0,True,True,Train Ticket,socket,batch-06
rcaeval-36,hybrid,claim-29,LOGS finds no ts-order-service log lines in window to explain crash,LOGS finds no ts-order-service log lines in window to explain crash,state,0.713,False,1.0,False,True,Train Ticket,socket,batch-06
rcaeval-36,hybrid,claim-30,LOGS confidence is 0.94,LOGS confidence is 0.94,general,0.0,True,0.0,True,True,Train Ticket,socket,batch-06
rcaeval-36,hybrid,claim-31,LOGS observes correlated cascading impact consistent with ts-order-service as root bottleneck,LOGS observes correlated cascading impact consistent with ts-order-service as root bottleneck,causal,0.71,False,0.0,True,False,Train Ticket,socket,batch-06
rcaeval-36,hybrid,claim-32,DEPLOYMENTS shows Degraded status for ts-order-service,DEPLOYMENTS shows Degraded status for ts-order-service,state,0.713,False,0.5,False,True,Train Ticket,socket,batch-06
rcaeval-36,hybrid,claim-33,DEPLOYMENTS confidence is 0.35,DEPLOYMENTS confidence is 0.35,general,0.0,True,0.0,True,True,Train Ticket,socket,batch-06
rcaeval-36,hybrid,claim-34,DEPLOYMENTS has null sha/commit_msg,DEPLOYMENTS has null sha/commit_msg,state,0.0,True,0.5,False,False,Train Ticket,socket,batch-06
rcaeval-36,hybrid,claim-35,Null sha/commit_msg prevents git-based regression attribution,Null sha/commit_msg prevents git-based regression attribution,causal,0.0,True,0.0,True,True,Train Ticket,socket,batch-06
rcaeval-36,hybrid,claim-36,There is no evidence of code deployment regression,There is no evidence of code deployment regression,general,0.0,True,0.0,True,True,Train Ticket,socket,batch-06
rcaeval-36,hybrid,claim-37,SECURITY rules out credential leak for ts-order-service,SECURITY rules out credential leak for ts-order-service,general,0.713,False,1.0,False,True,Train Ticket,socket,batch-06
rcaeval-36,hybrid,claim-38,SECURITY confidence is 0.93,SECURITY confidence is 0.93,general,0.0,True,0.0,True,True,Train Ticket,socket,batch-06
rcaeval-36,hybrid,claim-39,SECURITY found zero log lines and no secrets/tokens in window for ts-order-service,SECURITY found zero log lines and no secrets/tokens in window for ts-order-service,state,0.713,False,0.0,True,False,Train Ticket,socket,batch-06
rcaeval-36,hybrid,claim-40,Security compromise is excluded as cause,Security compromise is excluded as cause,causal,0.0,True,0.0,True,True,Train Ticket,socket,batch-06
rcaeval-36,hybrid,claim-41,"Degraded deployment status is effect, not proven cause, of the runtime exhaustion","Degraded deployment status is effect, not proven cause, of the runtime exhaustion",causal,0.0,True,0.5,False,False,Train Ticket,socket,batch-06
